frequency_ghz,active_layer_length,simulation_temperature,ac_response_db,tcad_model_space,bnn_model_space,formula_model_space,formula_minus_bnn,bnn_minus_tcad,formula_minus_tcad,formula_is_finite
0.1995262314968882,35.793021097389925,308.86985058095934,-0.0138990725597246,-0.0138990725597246,-0.020183325,0.01814647713020534,0.038329801944048114,-0.006284252254118173,0.03204554968992994,True
0.7943282347242822,37.50931802222772,308.1655826328421,-0.2860627428707353,-0.2860627428707353,-0.26882815,-0.3792542046903833,-0.1104260510801538,0.017234589260505806,-0.09319146181964799,True
31.622776601683796,38.69622270488729,301.9657628923453,-6.738576377623552,-6.738576377623552,-6.6770964,-6.465339329347953,0.21175703753437158,0.061480010741227886,0.27323704827559947,True
7.943282347242822,42.543125490608695,301.3994726877767,-3.5133387972006718,-3.5133387972006718,-3.535038,-3.589129111036737,-0.054091116651971305,-0.021699197184093855,-0.07579031383606516,True
0.3981071705534968,35.793021097389925,308.86985058095934,-0.068007265552926,-0.068007265552926,-0.07226324,-0.11465864972694018,-0.04239540891273119,-0.00425597526128299,-0.04665138417401418,True
0.2511886431509582,38.69622270488729,301.9657628923453,-0.0232215214884126,-0.0232215214884126,-0.02787137,-0.01212726691714927,0.015744103398402487,-0.004649848827139157,0.01109425457126333,True
1.2589254117941662,35.793021097389925,308.86985058095934,-0.5964012981260844,-0.5964012981260844,-0.6171545,-0.6906459394816524,-0.07349146045485799,-0.02075318090070999,-0.09424464135556798,True
10.0,38.422268984819695,304.0303353891022,-4.017301165117637,-4.017301165117637,-4.0028486,-4.135606137517882,-0.13275751233477617,0.014452539934531217,-0.11830497240024496,True
31.622776601683796,39.62193192256099,289.3285700165644,-7.036515789100446,-7.036515789100446,-6.765835,-6.689364062647053,0.07647074570255619,0.2706809807508366,0.34715172645339276,True
25.11886431509582,38.53132745549709,285.1813868750008,-6.852024014863588,-6.852024014863588,-6.3439198,-6.344278926839076,-0.00035917281075548146,0.5081042608352675,0.507745088024512,True
12.589254117941662,39.90607827400121,296.137708789732,-4.576999110149035,-4.576999110149035,-4.557415,-4.703195937839958,-0.14578092929503583,0.019584101604112725,-0.1261968276909231,True
0.1,37.10727035463277,300.4554170460457,0.0,0.0,-0.005649805,0.08226504235219245,0.08791484742116218,-0.0056498050689697266,0.08226504235219245,True
0.1,41.26661222078493,300.2753689300697,0.0,0.0,-0.0029509068,0.08688379647160716,0.0898347032251472,-0.002950906753540039,0.08688379647160716,True
3.981071705534969,37.10727035463277,300.4554170460457,-2.35543859764305,-2.35543859764305,-2.3415732,-2.181633758768304,0.15993947960449884,0.013865359270247346,0.17380483887474618,True
0.5011872336272715,39.90607827400121,296.137708789732,-0.1100458405150236,-0.1100458405150236,-0.10306072,-0.17450713021995767,-0.07144640786888345,0.00698511816394938,-0.06446128970493407,True
1.584893192461111,37.79561575023349,300.3431374384869,-0.8636344204329744,-0.8636344204329744,-0.8362899,-0.88497623899449,-0.04868635633457785,0.02734453777306234,-0.021341818561515513,True
0.5011872336272715,37.10727035463277,300.4554170460457,-0.1095701566294128,-0.1095701566294128,-0.10821509,-0.180319487002766,-0.07210439339009511,0.001355063016741903,-0.07074933037335321,True
3.1622776601683795,37.79561575023349,300.3431374384869,-1.9589543160554184,-1.9589543160554184,-1.9253933,-1.7788669034313518,0.14652643954044997,0.03356097308361661,0.18008741262406658,True
12.589254117941662,35.793021097389925,308.86985058095934,-4.446053029275105,-4.446053029275105,-4.4974,-4.639720789863061,-0.14232098288674244,-0.05134677770121332,-0.19366776058795576,True
1.0,38.37558042728467,295.9516778251947,-0.4036945076108269,-0.4036945076108269,-0.39549828,-0.5065882591422266,-0.11108998338539067,0.008196231853990987,-0.10289375153139968,True
3.1622776601683795,35.793021097389925,308.86985058095934,-1.9347303554946065,-1.9347303554946065,-1.9675288,-1.7929357843552634,0.17459303568257845,-0.03279846454323532,0.14179457113934313,True
2.511886431509582,39.62193192256099,289.3285700165644,-1.545451634694084,-1.545451634694084,-1.5209916,-1.4117369375626092,0.10925462623438786,0.024460070897087016,0.13371469713147488,True
0.2511886431509582,41.95641496228942,305.9180523366615,-0.0223511695885092,-0.0223511695885092,-0.02426505,-0.007796571160527677,0.016468479727533847,-0.0019138812995523231,0.014554598427981524,True
0.5011872336272715,41.26661222078493,300.2753689300697,-0.1013292688216718,-0.1013292688216718,-0.1026659,-0.17333625263684738,-0.07067035145276535,-0.001336632362410231,-0.07200698381517558,True
19.952623149688822,37.50931802222772,308.1655826328421,-5.596416160925796,-5.596416160925796,-5.5189757,-5.577505957726086,-0.05853022301539301,0.0774404262151025,0.018910203199709485,True
39.81071705534969,41.95641496228942,305.9180523366615,-6.519757661340616,-6.519757661340616,-6.6166506,-6.672596186535973,-0.05594560517610958,-0.09689292001924699,-0.15283852519535657,True
3.1622776601683795,38.37558042728467,295.9516778251947,-1.968116528252168,-1.968116528252168,-1.9257206,-1.7726469825366022,0.1530735899350164,0.04239595578054933,0.19546954571556574,True
0.1995262314968882,41.95641496228942,305.9180523366615,-0.0125894417860021,-0.0125894417860021,-0.014732838,0.025724817734392502,0.040457655411394455,-0.002143395890999853,0.038314259520394606,True
1.9952623149688828,39.90607827400121,296.137708789732,-1.1943670099328785,-1.1943670099328785,-1.1391199,-1.1224175271810193,0.016702336329112555,0.05524714642274664,0.0719494827518592,True
39.81071705534969,44.50977871149023,303.263152322465,-6.434926962799318,-6.434926962799318,-6.6653976,-6.7014472100937255,-0.03604956605075671,-0.23047068124365033,-0.26652024729440704,True
1.9952623149688828,39.62193192256099,289.3285700165644,-1.1681410868248527,-1.1681410868248527,-1.1462376,-1.1157360290349594,0.030501582735670496,0.021903475054222854,0.05240505778989335,True
15.848931924611108,38.37558042728467,295.9516778251947,-5.199128347595802,-5.199128347595802,-5.1764197,-5.2417935784497605,-0.06537384349492648,0.022708612640967907,-0.04266523085395857,True
10.0,37.50931802222772,308.1655826328421,-4.054786779094873,-4.054786779094873,-4.005138,-4.118966212057273,-0.11382829167763475,0.04964885871523439,-0.06417943296240036,True
3.1622776601683795,37.50931802222772,308.1655826328421,-2.030177375798344,-2.030177375798344,-1.958227,-1.7843451273714548,0.1738819110120291,0.07195033741486023,0.24583224842688933,True
5.011872336272715,39.90607827400121,296.137708789732,-2.7916566385419497,-2.7916566385419497,-2.7189384,-2.6134247143993345,0.10551363627815569,0.07271828786445944,0.17823192414261513,True
3.1622776601683795,38.53132745549709,285.1813868750008,-1.96611830594225,-1.96611830594225,-1.929775,-1.7600707411695558,0.16970425844897452,0.03634330632371974,0.20604756477269426,True
0.1995262314968882,37.10727035463277,300.4554170460457,-0.0139734042828322,-0.0139734042828322,-0.018488884,0.019359104328037446,0.037847988300205415,-0.004515479689335768,0.03333250861086964,True
10.0,37.79561575023349,300.3431374384869,-4.022866574199846,-4.022866574199846,-4.025874,-4.161292563186352,-0.13541842530793424,-0.0030075636785715787,-0.13842598898650582,True
0.6309573444801944,37.79561575023349,300.3431374384869,-0.1736341638552752,-0.1736341638552752,-0.1691413,-0.26596546356804573,-0.09682417099602425,0.004492871283253708,-0.09233129971277054,True
39.81071705534969,35.793021097389925,308.86985058095934,-6.6047248957387215,-6.6047248957387215,-6.5616827,-6.678445082096273,-0.11676238098543301,0.043042194627881614,-0.0737201863575514,True
3.981071705534969,38.37558042728467,295.9516778251947,-2.379573198031757,-2.379573198031757,-2.3386197,-2.173082780249305,0.16553692876558745,0.04095348901686435,0.2064904177824518,True
12.589254117941662,37.79561575023349,300.3431374384869,-4.534348674614227,-4.534348674614227,-4.543501,-4.6910767388763706,-0.14757583860781587,-0.009152225654327495,-0.15672806426214336,True
0.3981071705534968,38.69622270488729,301.9657628923453,-0.0640842958655499,-0.0640842958655499,-0.0680995,-0.10921292389512516,-0.04111342514634586,-0.004015202883229402,-0.04512862802957526,True
15.848931924611108,37.79561575023349,300.3431374384869,-5.099271188395695,-5.099271188395695,-5.116377,-5.202734900113416,-0.08635802328236153,-0.017105688435359312,-0.10346371171772084,True
5.011872336272715,39.62193192256099,289.3285700165644,-2.782957432360791,-2.782957432360791,-2.7257562,-2.615447544671638,0.11030862369384042,0.057201263995312335,0.16750988768915276,True
3.981071705534969,41.95641496228942,305.9180523366615,-2.2467155570975885,-2.2467155570975885,-2.3142788,-2.155329720375174,0.15894912064350297,-0.06756328392108824,0.09138583672241474,True
10.0,39.62193192256099,289.3285700165644,-4.135277058926972,-4.135277058926972,-4.0412254,-4.1981328001488025,-0.15690736679919315,0.09405162557736269,-0.06285574122183046,True
0.1995262314968882,38.422268984819695,304.0303353891022,-0.0137959792368558,-0.0137959792368558,-0.019165516,0.021182103640295935,0.04034761953995414,-0.005369536662802403,0.034978082877151734,True
12.589254117941662,42.543125490608695,301.3994726877767,-4.472068704734256,-4.472068704734256,-4.479232,-4.638954531204945,-0.15972269679332385,-0.007163129677365099,-0.16688582647068895,True
3.981071705534969,42.543125490608695,301.3994726877767,-2.2937033396767315,-2.2937033396767315,-2.3015757,-2.1520749026392165,0.14950075806634988,-0.00787232102883495,0.14162843703751493,True
40.0,38.37558042728467,295.9516778251947,-6.953600641331109,-6.953600641331109,-6.897538,-6.936689485346281,-0.03915130022665192,0.05606245621147998,0.016911155984828063,True
25.11886431509582,41.95641496228942,305.9180523366615,-6.025245056797658,-6.025245056797658,-6.062496,-5.981381447257545,0.08111473804518976,-0.03725112850507628,0.04386360954011348,True
0.3981071705534968,38.53132745549709,285.1813868750008,-0.0662006847001095,-0.0662006847001095,-0.070403814,-0.10639075041478208,-0.03598693609898618,-0.0042031296156864045,-0.04019006571467258,True
0.6309573444801944,44.50977871149023,303.263152322465,-0.1590154472441552,-0.1590154472441552,-0.16007328,-0.25457630000499165,-0.094503019670519,-0.001057833090317456,-0.09556085276083645,True
0.6309573444801944,37.10727035463277,300.4554170460457,-0.1726306795260083,-0.1726306795260083,-0.17018127,-0.267280856014672,-0.0970995816006095,0.0024494051119458016,-0.0946501764886637,True
5.011872336272715,35.793021097389925,308.86985058095934,-2.720248210432941,-2.720248210432941,-2.7305748,-2.630533058614213,0.10004178765348737,-0.010326635834759124,0.08971515181872824,True
39.81071705534969,41.26661222078493,300.2753689300697,-6.853292081119577,-6.853292081119577,-6.8059864,-6.803994447442546,0.0019919569763997558,0.04730567670063213,0.04929763367703188,True
39.81071705534969,43.11434944357355,296.9231984392292,-6.77176475775386,-6.77176475775386,-6.8358088,-6.85460566904827,-0.018796915080985244,-0.06404399621342538,-0.08284091129441062,True
3.1622776601683795,38.422268984819695,304.0303353891022,-1.949734245845557,-1.949734245845557,-1.9341276,-1.7781248851428106,0.15600268405579776,0.015606676646948703,0.17160936070274646,True
15.848931924611108,44.50977871149023,303.263152322465,-4.948004314129885,-4.948004314129885,-4.9771223,-5.105369844582722,-0.12824753775899111,-0.02911799269384563,-0.15736553045283674,True
5.011872336272715,38.69622270488729,301.9657628923453,-2.7077236081032154,-2.7077236081032154,-2.7255225,-2.618274406524616,0.1072481116333428,-0.017798910054743544,0.08944920157859926,True
2.511886431509582,37.79561575023349,300.3431374384869,-1.560446603002578,-1.560446603002578,-1.5241137,-1.4310844890095424,0.0930291660807896,0.03633294791224606,0.12936211399303565,True
10.0,35.793021097389925,308.86985058095934,-3.958763193843943,-3.958763193843943,-4.0174847,-4.129443054023254,-0.11195838910626144,-0.05872147107304926,-0.1706798601793107,True
1.9952623149688828,37.50931802222772,308.1655826328421,-1.244621266546075,-1.244621266546075,-1.1968527,-1.141801456546256,0.055051227474740116,0.04776858252507887,0.10281980999981899,True
10.0,43.11434944357355,296.9231984392292,-3.993109720835849,-3.993109720835849,-4.013996,-4.133675807196603,-0.11967968292902498,-0.020886403431729317,-0.1405660863607543,True
1.584893192461111,35.793021097389925,308.86985058095934,-0.8533568310396769,-0.8533568310396769,-0.8693328,-0.8982063723559888,-0.02887358198123291,-0.015975959335079004,-0.044849541316311914,True
1.0,42.543125490608695,301.3994726877767,-0.3781933382894915,-0.3781933382894915,-0.38214612,-0.5003986374302718,-0.11825251735886066,-0.0039527817819196565,-0.12220529914078032,True
3.1622776601683795,39.7132385315927,304.62183232922587,-1.9079766712242536,-1.9079766712242536,-1.9273773,-1.7722147829125516,0.15516256026524378,-0.01940067195354178,0.135761888311702,True
7.943282347242822,38.422268984819695,304.0303353891022,-3.5642141020528872,-3.5642141020528872,-3.549847,-3.6119817837367236,-0.06213489614822265,0.014367214464386269,-0.04776768168383638,True
0.3162277660168379,37.10727035463277,300.4554170460457,-0.0418072230404341,-0.0418072230404341,-0.044124603,-0.05700813912878999,-0.012883535857305617,-0.002317380231050277,-0.015200916088355894,True
10.0,39.7132385315927,304.62183232922587,-3.94405519581548,-3.94405519581548,-3.9846137,-4.121130342860404,-0.13651668586272336,-0.040558461182200745,-0.1770751470449241,True
0.7943282347242822,35.793021097389925,308.86985058095934,-0.2657899870685483,-0.2657899870685483,-0.27222347,-0.3831851535044093,-0.11096168090919445,-0.00643348552666656,-0.11739516643586101,True
0.2511886431509582,37.50931802222772,308.1655826328421,-0.0266567266393942,-0.0266567266393942,-0.029335737,-0.013692313368379061,0.015643423860014494,-0.0026790105889993553,0.012964413271015138,True
25.11886431509582,39.7132385315927,304.62183232922587,-6.066419483078321,-6.066419483078321,-6.1340914,-6.027569082467755,0.10652229479054576,-0.06767189417997965,0.038850400610566105,True
15.848931924611108,41.95641496228942,305.9180523366615,-4.924672141997812,-4.924672141997812,-4.962697,-5.101472947325153,-0.13877591821138324,-0.03802488711595764,-0.17680080532734088,True
6.309573444801943,38.422268984819695,304.0303353891022,-3.1491353625558496,-3.1491353625558496,-3.1299303,-3.1013819726483876,0.028548285148853658,0.01920510475860837,0.04775338990746203,True
0.2511886431509582,39.62193192256099,289.3285700165644,-0.0240292429890424,-0.0240292429890424,-0.027205944,-0.010689617400631235,0.016516326660648062,-0.0031767010722368975,0.013339625588411164,True
0.1995262314968882,39.62193192256099,289.3285700165644,-0.013536147379884,-0.013536147379884,-0.017456055,0.022068804448077017,0.03952485913557702,-0.003919907307616001,0.035604951827961015,True
1.9952623149688828,41.26661222078493,300.2753689300697,-1.1234312430940876,-1.1234312430940876,-1.1370296,-1.1216631499181942,0.01536649790895428,-0.013598404733060843,0.001768093175893437,True
0.7943282347242822,38.53132745549709,285.1813868750008,-0.2599187021150052,-0.2599187021150052,-0.26543474,-0.36486697201519824,-0.09943223004132129,-0.00551603985887178,-0.10494826990019307,True
1.2589254117941662,44.50977871149023,303.263152322465,-0.5584947005133747,-0.5584947005133747,-0.5645418,-0.6631361882701539,-0.09859437155872808,-0.006047116198051095,-0.10464148775677917,True
1.0,38.69622270488729,301.9657628923453,-0.3830440882812181,-0.3830440882812181,-0.39518654,-0.5097958626654444,-0.11460931920078377,-0.012142455183442535,-0.1267517743842263,True
19.952623149688822,39.90607827400121,296.137708789732,-5.716150327044916,-5.716150327044916,-5.7701883,-5.715257889323696,0.05493044228030808,-0.05403800455908758,0.0008924377212204959,True
0.1,43.11434944357355,296.9231984392292,0.0,0.0,-0.0029919147,0.08842601596754918,0.09141793071669468,-0.002991914749145508,0.08842601596754918,True
1.2589254117941662,37.10727035463277,300.4554170460457,-0.6004769709095114,-0.6004769709095114,-0.5858036,-0.6809751590436868,-0.0951715310758523,0.014673342941676881,-0.08049818813417542,True
1.584893192461111,38.69622270488729,301.9657628923453,-0.8188517066632527,-0.8188517066632527,-0.8380809,-0.8836089627551598,-0.04552807972903672,-0.01922917636287036,-0.06475725609190708,True
10.0,37.10727035463277,300.4554170460457,-4.015838104093024,-4.015838104093024,-4.030868,-4.166577549586927,-0.13570949615064798,-0.015029949343254856,-0.15073944549390283,True
0.3162277660168379,44.50977871149023,303.263152322465,-0.0383939182422132,-0.0383939182422132,-0.039043665,-0.04674228900455368,-0.007698624072302707,-0.0006497466900377766,-0.008348370762340483,True
10.0,38.53132745549709,285.1813868750008,-4.226115908805658,-4.226115908805658,-4.0562286,-4.2237698703969055,-0.16754123270159305,0.16988727111034585,0.002346038408752804,True
31.622776601683796,37.10727035463277,300.4554170460457,-6.676322281622156,-6.676322281622156,-6.7223816,-6.512109565976518,0.2102720258203572,-0.046059310174719315,0.16421271564563789,True
6.309573444801943,39.7132385315927,304.62183232922587,-3.0919110975448088,-3.0919110975448088,-3.1233473,-3.091080612760064,0.03226666964960412,-0.03143618486485922,0.0008304847847449004,True
6.309573444801943,44.50977871149023,303.263152322465,-3.0534800225090097,-3.0534800225090097,-3.128839,-3.0601183525487228,0.06872066341197058,-0.07535899345168362,-0.006638330039713036,True
3.1622776601683795,41.26661222078493,300.2753689300697,-1.889011630265634,-1.889011630265634,-1.9108748,-1.7622890243913982,0.14858581920601388,-0.02186321333177821,0.12672260587423567,True
0.3981071705534968,39.62193192256099,289.3285700165644,-0.066301678555975,-0.066301678555975,-0.067052364,-0.10560191955394238,-0.038549555204577146,-0.0007506857933902294,-0.039300240997967376,True
31.622776601683796,37.79561575023349,300.3431374384869,-6.721919976262814,-6.721919976262814,-6.7208195,-6.50648650467679,0.21433296858981166,0.0011005029962127821,0.21543347158602444,True
2.511886431509582,42.543125490608695,301.3994726877767,-1.4899923969802606,-1.4899923969802606,-1.507956,-1.4123828945660506,0.09557313341856855,-0.017963631004358493,0.07760950241421005,True
6.309573444801943,39.90607827400121,296.137708789732,-3.192721897800917,-3.192721897800917,-3.128907,-3.1042758043973757,0.02463116085836159,0.06381493254517956,0.08844609340354115,True
3.981071705534969,37.79561575023349,300.3431374384869,-2.360262163182745,-2.360262163182745,-2.336864,-2.177838073240431,0.15902592135795768,0.023398168584356505,0.18242408994231418,True
19.952623149688822,38.69622270488729,301.9657628923453,-5.707129433737942,-5.707129433737942,-5.702609,-5.651015403876365,0.05159365831845886,0.004520371543117463,0.05611402986157632,True
0.1258925411794166,38.37558042728467,295.9516778251947,-0.0027272035325044,-0.0027272035325044,-0.008475065,0.06711253832103736,0.0755876035523606,-0.005747861698818842,0.06983974185354176,True
1.0,38.422268984819695,304.0303353891022,-0.4016789544645652,-0.4016789544645652,-0.39808583,-0.5117061694946106,-0.11362033689878537,0.0035931218687400013,-0.11002721503004537,True
7.943282347242822,37.10727035463277,300.4554170460457,-3.560971154293437,-3.560971154293437,-3.5655913,-3.6346254646349614,-0.06903412933833053,-0.004620181003193835,-0.07365431034152436,True
2.511886431509582,38.37558042728467,295.9516778251947,-1.561866963918208,-1.561866963918208,-1.5261116,-1.4243984569975394,0.1017131457856637,0.03575536113500477,0.13746850692066848,True
5.011872336272715,39.7132385315927,304.62183232922587,-2.700105416846907,-2.700105416846907,-2.7136357,-2.6099339378975426,0.1037017451621498,-0.013530266212785413,0.09017147894936439,True
5.011872336272715,37.50931802222772,308.1655826328421,-2.8244952642467567,-2.8244952642467567,-2.7248626,-2.6204277999666346,0.10443477556437131,0.09963268871575082,0.20406746428012212,True
0.7943282347242822,38.37558042728467,295.9516778251947,-0.2656290478987713,-0.2656290478987713,-0.26348758,-0.37145686755988017,-0.10796929012152567,0.0021414704604167945,-0.10582781966110888,True
39.81071705534969,37.79561575023349,300.3431374384869,-6.871328873246734,-6.871328873246734,-6.839141,-6.842716769534821,-0.0035758775060124037,0.0321879812179251,0.028612103711912695,True
0.6309573444801944,41.26661222078493,300.2753689300697,-0.1599054315380472,-0.1599054315380472,-0.16340804,-0.25952948621894834,-0.09612144521858212,-0.0035026094623190063,-0.09962405468090113,True
0.7943282347242822,41.26661222078493,300.2753689300697,-0.2482748457597212,-0.2482748457597212,-0.25550747,-0.3677356700770886,-0.11222820089984253,-0.007232623417524897,-0.11946082431736743,True
0.1584893192461111,37.50931802222772,308.1655826328421,-0.0076366053830982,-0.0076366053830982,-0.0127744675,0.04687019632616973,0.05964466379443145,-0.005137862085163519,0.05450680170926793,True
0.2511886431509582,38.53132745549709,285.1813868750008,-0.023988845677204,-0.023988845677204,-0.02990079,-0.011969539997492618,0.01793124926337164,-0.005911943583660258,0.012019305679711382,True
1.9952623149688828,38.37558042728467,295.9516778251947,-1.1840814830437512,-1.1840814830437512,-1.1557468,-1.1276284650786428,0.02811835251016337,0.028334665454945007,0.056453017965108376,True
31.622776601683796,38.37558042728467,295.9516778251947,-6.827292992435479,-6.827292992435479,-6.78648,-6.582519094476877,0.20396085547429443,0.04081304248430673,0.24477389795860116,True
12.589254117941662,39.62193192256099,289.3285700165644,-4.6906680688921645,-4.6906680688921645,-4.5719585,-4.752802494728346,-0.18084395285822907,0.11870952702204729,-0.062134425836181784,True
1.0,35.793021097389925,308.86985058095934,-0.4033154443613037,-0.4033154443613037,-0.4107566,-0.5207700624244644,-0.11001347444228671,-0.007441143620874058,-0.11745461806316077,True
7.943282347242822,39.62193192256099,289.3285700165644,-3.643528784243821,-3.643528784243821,-3.5649624,-3.6461458334785917,-0.08118344639363073,0.07856639715885994,-0.0026170492347707963,True
25.11886431509582,44.50977871149023,303.263152322465,-6.035153962838297,-6.035153962838297,-6.109579,-5.997917507333765,0.11166157896994555,-0.07442512346541363,0.03723645550453192,True
15.848931924611108,39.7132385315927,304.62183232922587,-4.970299096501086,-4.970299096501086,-4.988459,-5.137990351676305,-0.14953124141629548,-0.018160013758923732,-0.1676912551752192,True
3.981071705534969,38.69622270488729,301.9657628923453,-2.305676840601312,-2.305676840601312,-2.3335183,-2.1732216797488126,0.1602965869290438,-0.027841426076544273,0.13245516085249953,True
19.952623149688822,42.543125490608695,301.3994726877767,-5.59574531341018,-5.59574531341018,-5.6558447,-5.618561596689995,0.03728309172553246,-0.0600993750053469,-0.022816283279814442,True
0.3981071705534968,43.11434944357355,296.9231984392292,-0.0630895566742361,-0.0630895566742361,-0.06350517,-0.10169781011135903,-0.038192637381866845,-0.000415616055256085,-0.03860825343712293,True
0.2511886431509582,43.11434944357355,296.9231984392292,-0.0228563236197047,-0.0228563236197047,-0.0245862,-0.006264161055476336,0.018322039658634992,-0.0017298770944066295,0.016592162564228363,True
39.81071705534969,38.37558042728467,295.9516778251947,-6.9547612144952655,-6.9547612144952655,-6.8999176,-6.930078315447898,-0.030160712908835485,0.05484361195620302,0.024682899047367535,True
40.0,37.79561575023349,300.3431374384869,-6.870676761498666,-6.870676761498666,-6.8369207,-6.8491055196361685,-0.012184781415953694,0.03375602327845151,0.021571241862497814,True
39.81071705534969,42.543125490608695,301.3994726877767,-6.593764629274348,-6.593764629274348,-6.7590284,-6.764856976281539,-0.005828541528121178,-0.1652638054790696,-0.17109234700719078,True
19.952623149688822,35.793021097389925,308.86985058095934,-5.527702756457523,-5.527702756457523,-5.5166006,-5.5854631973226,-0.06886258849691629,0.011102147631839365,-0.05776044086507692,True
0.3981071705534968,41.26661222078493,300.2753689300697,-0.0631705949797386,-0.0631705949797386,-0.06429362,-0.1050324201148296,-0.04073879714424855,-0.0011230279908424484,-0.041861825135091,True
0.3162277660168379,38.422268984819695,304.0303353891022,-0.0412834770165177,-0.0412834770165177,-0.044652224,-0.05540632928384959,-0.010754105696813454,-0.00336874657051843,-0.014122852267331884,True
3.981071705534969,39.90607827400121,296.137708789732,-2.389419378790663,-2.389419378790663,-2.3157578,-2.1648823953662593,0.1508753560985845,0.07366162732581927,0.22453698342440376,True
0.1995262314968882,37.79561575023349,300.3431374384869,-0.0140588183046518,-0.0140588183046518,-0.017995358,0.020214936447366938,0.03821029396079467,-0.003936539208775935,0.034273754752018736,True
0.1584893192461111,37.10727035463277,300.4554170460457,-0.0071025168595623,-0.0071025168595623,-0.012220621,0.04565289054495025,0.05787351165395904,-0.005118104249446489,0.05275540740451255,True
40.0,38.422268984819695,304.0303353891022,-6.780365825907094,-6.780365825907094,-6.734213,-6.761343173677616,-0.027130298311405454,0.04615295054088264,0.019022652229477188,True
0.1258925411794166,37.50931802222772,308.1655826328421,-0.0029587173861906,-0.0029587173861906,-0.00867033,0.06767523465972936,0.07634556470733678,-0.005711612661416822,0.07063395204591996,True
6.309573444801943,41.26661222078493,300.2753689300697,-3.1035683323456182,-3.1035683323456182,-3.1224139,-3.088397311046048,0.03401656262643726,-0.01884554132686711,0.015171021299570153,True
15.848931924611108,43.11434944357355,296.9231984392292,-5.0946360946339695,-5.0946360946339695,-5.1031218,-5.185463091465634,-0.08234133395830945,-0.008485662873354727,-0.09082699683166418,True
31.622776601683796,39.90607827400121,296.137708789732,-6.672730606668615,-6.672730606668615,-6.750367,-6.5618398184155495,0.18852734619626688,-0.07763655794320101,0.11089078825306586,True
39.81071705534969,37.10727035463277,300.4554170460457,-6.82698500559984,-6.82698500559984,-6.840394,-6.848262017795593,-0.00786799771502622,-0.013409014480726178,-0.0212770121957524,True
15.848931924611108,35.793021097389925,308.86985058095934,-4.975057244588794,-4.975057244588794,-4.992667,-5.129396772513113,-0.13672957433196054,-0.017609953592358174,-0.1543395279243187,True
1.584893192461111,44.50977871149023,303.263152322465,-0.8041928618085052,-0.8041928618085052,-0.8029065,-0.8666419973575161,-0.0637354841434048,0.0012863485943939157,-0.06244913554901088,True
0.1258925411794166,39.90607827400121,296.137708789732,-0.0027619383074286,-0.0027619383074286,-0.0052468777,0.06889270911119993,0.07413958678148802,-0.0024849393628594858,0.07165464741862854,True
3.1622776601683795,44.50977871149023,303.263152322465,-1.8681459501142992,-1.8681459501142992,-1.8980705,-1.7485532561155486,0.14951719848192457,-0.029924504483173964,0.11959269399875061,True
0.1995262314968882,41.26661222078493,300.2753689300697,-0.0128906822154321,-0.0128906822154321,-0.015390158,0.02455046887217449,0.03994062657175945,-0.002499475484152861,0.037441151087606594,True
1.2589254117941662,38.37558042728467,295.9516778251947,-0.5982484455038634,-0.5982484455038634,-0.58256686,-0.673912659862637,-0.09134580252468538,0.015681588165911697,-0.07566421435877368,True
1.0,39.7132385315927,304.62183232922587,-0.3902094762808478,-0.3902094762808478,-0.3925979,-0.5089990664519295,-0.11640115270986406,-0.0023884374612176407,-0.1187895901710817,True
15.848931924611108,37.10727035463277,300.4554170460457,-5.079555878037327,-5.079555878037327,-5.119606,-5.20836024399516,-0.0887542259287537,-0.04005014002907892,-0.12880436595783262,True
0.1995262314968882,44.50977871149023,303.263152322465,-0.0128242837764933,-0.0128242837764933,-0.015031576,0.028767819364835745,0.043799395521451956,-0.00220729238012291,0.041592103141329044,True
0.2511886431509582,39.90607827400121,296.137708789732,-0.0248973892093472,-0.0248973892093472,-0.024914026,-0.010471855899506721,0.014442170360869255,-1.6637051028774857e-05,0.01442553330984048,True
0.3981071705534968,39.7132385315927,304.62183232922587,-0.0654914970866224,-0.0654914970866224,-0.06620407,-0.1080446904549639,-0.041840619410042024,-0.0007125739582994756,-0.0425531933683415,True
0.5011872336272715,41.95641496228942,305.9180523366615,-0.0989752019438634,-0.0989752019438634,-0.101733446,-0.17351093635891868,-0.07177749023770286,-0.0027582441773524174,-0.07453573441505527,True
12.589254117941662,43.11434944357355,296.9231984392292,-4.5167613040947465,-4.5167613040947465,-4.530966,-4.667934051840649,-0.13696824678693797,-0.014204500958964417,-0.1511727477459024,True
10.0,39.90607827400121,296.137708789732,-4.068850389435698,-4.068850389435698,-4.028014,-4.164791557250547,-0.13677737420611358,0.04083620639126462,-0.09594116781484896,True
1.2589254117941662,37.79561575023349,300.3431374384869,-0.6034893094543906,-0.6034893094543906,-0.58408403,-0.6790369910473455,-0.09495295708128104,0.019405275488326157,-0.07554768159295489,True
0.1,41.95641496228942,305.9180523366615,0.0,0.0,-0.002323866,0.08854815089293311,0.09087201678343604,-0.0023238658905029297,0.08854815089293311,True
0.1258925411794166,39.62193192256099,289.3285700165644,-0.0026649504801685,-0.0026649504801685,-0.007313013,0.06775048589966914,0.07506349897645137,-0.004648062596613727,0.07041543637983765,True
10.0,38.69622270488729,301.9657628923453,-4.001691870883401,-4.001691870883401,-4.0082836,-4.14482386329875,-0.13654024818644572,-0.006591744228903629,-0.14313199241534935,True
39.81071705534969,39.62193192256099,289.3285700165644,-7.169859764137875,-7.169859764137875,-6.8817596,-7.054260943673828,-0.17250130011914067,0.2881001205831879,0.11559882046404724,True
19.952623149688822,39.62193192256099,289.3285700165644,-5.959259433897699,-5.959259433897699,-5.785635,-5.8030750924211745,-0.017440097914338537,0.17362443939086347,0.15618434147652493,True
0.5011872336272715,39.62193192256099,289.3285700165644,-0.1063129877767476,-0.1063129877767476,-0.10579562,-0.1729958048858844,-0.06720018301393615,0.0005173659047993523,-0.0666828171091368,True
0.1,44.50977871149023,303.263152322465,0.0,0.0,-0.003221035,0.09097914556549291,0.09420018056915502,-0.0032210350036621094,0.09097914556549291,True
6.309573444801943,39.62193192256099,289.3285700165644,-3.200614798567795,-3.200614798567795,-3.1362388,-3.1137297829463417,0.022509030453926826,0.0643759851675263,0.08688501562145312,True
0.3162277660168379,42.543125490608695,301.3994726877767,-0.0385956016470372,-0.0385956016470372,-0.03872776,-0.04940435238815688,-0.010676592073215474,-0.00013215866790420444,-0.010808750741119678,True
0.7943282347242822,41.95641496228942,305.9180523366615,-0.242561033295252,-0.242561033295252,-0.25548792,-0.3689302528651597,-0.11344233401139991,-0.012926885558507767,-0.12636921956990768,True
0.1258925411794166,42.543125490608695,301.3994726877767,-0.0025376271535231,-0.0025376271535231,-0.0046441555,0.07259077717698226,0.0772349326793016,-0.002106528348796236,0.07512840433050536,True
0.1584893192461111,41.26661222078493,300.2753689300697,-0.0065510203014338,-0.0065510203014338,-0.009333611,0.05060538450641516,0.05993899504108313,-0.0027825902332341687,0.05715640480784896,True
0.1584893192461111,44.50977871149023,303.263152322465,-0.0065173931042269,-0.0065173931042269,-0.009235144,0.05477001102879875,0.06400515469029777,-0.002717750557272123,0.06128740413302565,True
6.309573444801943,35.793021097389925,308.86985058095934,-3.1095357316028283,-3.1095357316028283,-3.1463854,-3.1094450381954744,0.0369403930941985,-0.036849699686844595,9.069340735390341e-05,True
3.1622776601683795,39.62193192256099,289.3285700165644,-1.9536583799552656,-1.9536583799552656,-1.9193339,-1.7601201283585501,0.1592138064253854,0.03432444517133004,0.19353825159671545,True
0.3162277660168379,35.793021097389925,308.86985058095934,-0.0415818560080225,-0.0415818560080225,-0.046723127,-0.059440784663737034,-0.01271765729862473,-0.005141271357089805,-0.017858928655714534,True
3.981071705534969,35.793021097389925,308.86985058095934,-2.3309108858591547,-2.3309108858591547,-2.3616815,-2.189059789785463,0.1726216715487654,-0.03077057547507378,0.14185109607369162,True
0.2511886431509582,38.37558042728467,295.9516778251947,-0.0245861392068059,-0.0245861392068059,-0.028613329,-0.012481063101244416,0.016132265832471404,-0.004027189726909922,0.012105076105561483,True
25.11886431509582,38.69622270488729,301.9657628923453,-6.294452192795395,-6.294452192795395,-6.2468214,-6.082598936923579,0.1642224665798393,0.04763078929197739,0.2118532558718167,True
0.2511886431509582,44.50977871149023,303.263152322465,-0.0227670982027742,-0.0227670982027742,-0.024276495,-0.004433842921331532,0.019842652058526866,-0.0015093967770841987,0.018333255281442667,True
40.0,38.69622270488729,301.9657628923453,-6.881972752613067,-6.881972752613067,-6.795969,-6.803390302260482,-0.007421292861067741,0.08600374321365312,0.07858245035258538,True
1.0,37.10727035463277,300.4554170460457,-0.4058756975429712,-0.4058756975429712,-0.39631367,-0.5125750157345577,-0.11626134843719438,0.009562030245607922,-0.10669931819158646,True
0.5011872336272715,39.7132385315927,304.62183232922587,-0.1049901701854649,-0.1049901701854649,-0.10492325,-0.17698721938416107,-0.07206397109314544,6.69218944492761e-05,-0.07199704919869616,True
3.1622776601683795,41.95641496228942,305.9180523366615,-1.848452384777013,-1.848452384777013,-1.9200611,-1.7619899221254727,0.15807118932472264,-0.07160872667318241,0.08646246265154023,True
2.511886431509582,38.422268984819695,304.0303353891022,-1.5491417994284415,-1.5491417994284415,-1.5290699,-1.43158678212116,0.09748311839153523,0.020071898915746234,0.11755501730728146,True
0.3981071705534968,39.90607827400121,296.137708789732,-0.0686623842760672,-0.0686623842760672,-0.0645051,-0.10642534293489092,-0.04192024268464678,0.004157284025823063,-0.03776295865882372,True
19.952623149688822,38.37558042728467,295.9516778251947,-5.810217674970509,-5.810217674970509,-5.80922,-5.733550857526545,0.07566897966217567,0.000997837781787858,0.07666681744396353,True
3.981071705534969,44.50977871149023,303.263152322465,-2.2669985222760896,-2.2669985222760896,-2.283799,-2.1414358528297326,0.14236308019944222,-0.01680041075308525,0.12556266944635697,True
0.1995262314968882,39.90607827400121,296.137708789732,-0.0140269531035128,-0.0140269531035128,-0.015262365,0.022665597893434253,0.037927963234620776,-0.0012354122376737227,0.03669255099694706,True
1.9952623149688828,41.95641496228942,305.9180523366615,-1.098745886670545,-1.098745886670545,-1.1491231,-1.123963286564618,0.025159786059588463,-0.050377185953661474,-0.02521739989407301,True
25.11886431509582,43.11434944357355,296.9231984392292,-6.275838932499083,-6.275838932499083,-6.2852855,-6.1159397803079365,0.16934569256193654,-0.009446540370790402,0.15989915219114614,True
19.952623149688822,37.10727035463277,300.4554170460457,-5.6680960342763616,-5.6680960342763616,-5.7478127,-5.687856066679746,0.059956681275576074,-0.07971671367896072,-0.019760032403384642,True
0.1258925411794166,37.79561575023349,300.3431374384869,-0.0027684362135501,-0.0027684362135501,-0.0077672005,0.06698961946310789,0.07475681993307859,-0.004998764256420603,0.06975805567665798,True
25.11886431509582,35.793021097389925,308.86985058095934,-6.0583575172022925,-6.0583575172022925,-6.0154505,-5.998551893429331,0.016898584170766284,0.042907039602194885,0.05980562377296117,True
39.81071705534969,38.422268984819695,304.0303353891022,-6.7813112117117305,-6.7813112117117305,-6.7362614,-6.755144087224685,-0.018882719426833283,0.045049843913878895,0.026167124487045612,True
1.0,41.95641496228942,305.9180523366615,-0.3695629632610581,-0.3695629632610581,-0.38778818,-0.5044219922688136,-0.11663381573225351,-0.018225213275501972,-0.13485902900775548,True
1.584893192461111,43.11434944357355,296.9231984392292,-0.8091583597888168,-0.8091583597888168,-0.8083451,-0.8655148401225441,-0.05716976070054702,0.000813280366819713,-0.05635648033372731,True
0.3162277660168379,38.69622270488729,301.9657628923453,-0.0391587700282097,-0.0391587700282097,-0.04346037,-0.05487667133117924,-0.011416302221071817,-0.004301599081897721,-0.015717901302969538,True
5.011872336272715,42.543125490608695,301.3994726877767,-2.694717560935196,-2.694717560935196,-2.7087765,-2.594678262095541,0.11409821190348257,-0.01405891306382756,0.10003929883965501,True
1.2589254117941662,38.53132745549709,285.1813868750008,-0.5877041067686652,-0.5877041067686652,-0.5871005,-0.6636288561130694,-0.07652835028421201,0.0006036009398078246,-0.07592474934440419,True
6.309573444801943,41.95641496228942,305.9180523366615,-3.0345735369426947,-3.0345735369426947,-3.1218696,-3.0724977895246326,0.04937177453176389,-0.08729602711370177,-0.03792425258193788,True
12.589254117941662,37.10727035463277,300.4554170460457,-4.52252768430371,-4.52252768430371,-4.5475397,-4.696572852580909,-0.14903314158237357,-0.025012026694825273,-0.17404516827719885,True
0.1995262314968882,38.69622270488729,301.9657628923453,-0.0130805668305729,-0.0130805668305729,-0.01802659,0.021419420364992448,0.03944601071228249,-0.004946023516717139,0.03449998719556535,True
19.952623149688822,44.50977871149023,303.263152322465,-5.51180003646298,-5.51180003646298,-5.566563,-5.572761184524145,-0.006198055099096322,-0.054763092962068605,-0.06096114806116493,True
3.1622776601683795,38.69622270488729,301.9657628923453,-1.8997752744447427,-1.8997752744447427,-1.9259725,-1.775631025922661,0.15034143577777836,-0.026197187255696752,0.12414424852208161,True
39.81071705534969,39.90607827400121,296.137708789732,-6.773882963204255,-6.773882963204255,-6.8677454,-6.908424352210469,-0.040678952735371254,-0.09386243627084223,-0.13454138900621349,True
25.11886431509582,37.50931802222772,308.1655826328421,-6.11578455394171,-6.11578455394171,-6.031203,-5.991827597498306,0.039375195623032155,0.08458176082037205,0.12395695644340421,True
1.584893192461111,41.95641496228942,305.9180523366615,-0.7921870071552711,-0.7921870071552711,-0.8328638,-0.8766304260371598,-0.04376661835893714,-0.04067680052295153,-0.08444341888188867,True
15.848931924611108,39.62193192256099,289.3285700165644,-5.307448034128811,-5.307448034128811,-5.151621,-5.292938398026136,-0.1413175331579719,0.15582716926064677,0.014509636102674861,True
31.622776601683796,39.7132385315927,304.62183232922587,-6.461918254353792,-6.461918254353792,-6.5619135,-6.402563368079469,0.15935012221594125,-0.09999523594161808,0.05935488627432317,True
0.1995262314968882,38.37558042728467,295.9516778251947,-0.013851081914416,-0.013851081914416,-0.01872611,0.020752012987934165,0.03947812344630819,-0.004875028543958023,0.03460309490235017,True
0.7943282347242822,37.10727035463277,300.4554170460457,-0.2673841140497034,-0.2673841140497034,-0.26365328,-0.3764407452137455,-0.11278746686291541,0.003730835698873336,-0.10905663116404207,True
1.584893192461111,37.50931802222772,308.1655826328421,-0.9098718306801404,-0.9098718306801404,-0.86308944,-0.8922664918347198,-0.02917704958160705,0.046782388427027644,0.017605338845420593,True
3.1622776601683795,37.10727035463277,300.4554170460457,-1.9537758589197556,-1.9537758589197556,-1.9278867,-1.7822297030763963,0.14565702139564962,0.025889134447709683,0.1715461558433593,True
2.511886431509582,37.50931802222772,308.1655826328421,-1.626515854968996,-1.626515854968996,-1.5448978,-1.43832938096181,0.10656841376170068,0.08161806024548524,0.1881864740071859,True
1.584893192461111,41.26661222078493,300.2753689300697,-0.8102509903157848,-0.8102509903157848,-0.8231745,-0.8741949908738889,-0.0510205142503537,-0.01292348630775031,-0.06394400055810401,True
6.309573444801943,37.79561575023349,300.3431374384869,-3.1500500671167053,-3.1500500671167053,-3.1312518,-3.11257226295407,0.01867954902713098,0.01879825513550415,0.03747780416263513,True
0.1995262314968882,38.53132745549709,285.1813868750008,-0.0135128607654123,-0.0135128607654123,-0.019984245,0.02060827901799911,0.04059252431829208,-0.0064713845348806694,0.03412113978341141,True
0.1584893192461111,41.95641496228942,305.9180523366615,-0.0063978650270928,-0.0063978650270928,-0.008696318,0.0519807573103197,0.060677074983049195,-0.002298452645636692,0.058378622337412506,True
2.511886431509582,39.7132385315927,304.62183232922587,-1.513367746906318,-1.513367746906318,-1.5237764,-1.4266503497278036,0.09712606228238929,-0.010408665103874837,0.08671739717851445,True
2.511886431509582,37.10727035463277,300.4554170460457,-1.5552948922099927,-1.5552948922099927,-1.5256281,-1.4340335040150922,0.09159458588969294,0.029666802305207574,0.12126138819490051,True
40.0,39.62193192256099,289.3285700165644,-7.168723801122455,-7.168723801122455,-6.879449,-7.061213564159626,-0.18176467347359093,0.2892749104364203,0.10751023696282935,True
0.1258925411794166,41.95641496228942,305.9180523366615,-0.0024782775680262,-0.0024782775680262,-0.0048336983,0.07251268317181037,0.07734638144451544,-0.002355420704678878,0.07499096073983656,True
0.7943282347242822,43.11434944357355,296.9231984392292,-0.2479529551622737,-0.2479529551622737,-0.25331306,-0.3622441315816811,-0.1089310670064858,-0.005360109412921615,-0.11429117641940742,True
12.589254117941662,41.26661222078493,300.2753689300697,-4.511961930278207,-4.511961930278207,-4.509639,-4.659539676749769,-0.1499008904338508,0.0023231439622888317,-0.14757774647156197,True
12.589254117941662,38.53132745549709,285.1813868750008,-4.814392137565196,-4.814392137565196,-4.5853176,-4.788818604707114,-0.2035009930127778,0.2290745258708604,0.025573532858082615,True
1.9952623149688828,38.53132745549709,285.1813868750008,-1.1713994676651251,-1.1713994676651251,-1.1584693,-1.1142713026950926,0.044198016648474336,0.012930148321558255,0.05712816497003259,True
0.1584893192461111,35.793021097389925,308.86985058095934,-0.007064859722483,-0.007064859722483,-0.013668299,0.044877264799664474,0.05854556352097795,-0.006603438998830476,0.05194212452214747,True
3.981071705534969,37.50931802222772,308.1655826328421,-2.4326026331806294,-2.4326026331806294,-2.3508942,-2.1796361980278007,0.1712580146949776,0.0817084204578511,0.2529664351528287,True
19.952623149688822,37.79561575023349,300.3431374384869,-5.698291195181863,-5.698291195181863,-5.745361,-5.682176204841685,0.06318464644615673,-0.04706965610597891,0.016114990340177826,True
40.0,39.90607827400121,296.137708789732,-6.772187555215775,-6.772187555215775,-6.865484,-6.915016994527438,-0.04953275685653935,-0.09329668245512313,-0.14282943931166248,True
0.1584893192461111,42.543125490608695,301.3994726877767,-0.0065510380255799,-0.0065510380255799,-0.008447409,0.05223643708112391,0.06068384575727137,-0.0018963706505675613,0.05878747510670381,True
0.6309573444801944,37.50931802222772,308.1655826328421,-0.1850222138998222,-0.1850222138998222,-0.17340899,-0.2692412005638598,-0.09583221542592035,0.011613228761882755,-0.0842189866640376,True
1.2589254117941662,38.69622270488729,301.9657628923453,-0.5689525002115632,-0.5689525002115632,-0.58610094,-0.6778598576881869,-0.09175892175221279,-0.017148435724410938,-0.10890735747662372,True
3.981071705534969,43.11434944357355,296.9231984392292,-2.2926217429326687,-2.2926217429326687,-2.2984858,-2.1478445606820173,0.1506411952383928,-0.005864012987741418,0.1447771822506514,True
0.6309573444801944,41.95641496228942,305.9180523366615,-0.1562046492692952,-0.1562046492692952,-0.1626494,-0.2601936783692338,-0.09754428528756875,-0.006444743812369841,-0.1039890290999386,True
0.2511886431509582,39.7132385315927,304.62183232922587,-0.0237412748510697,-0.0237412748510697,-0.026473999,-0.010781851849175794,0.015692147174261706,-0.0027327241723677995,0.012959423001893906,True
0.3162277660168379,38.53132745549709,285.1813868750008,-0.0404524268538199,-0.0404524268538199,-0.045599222,-0.05352014510244807,-0.00792092291922053,-0.005146795329407636,-0.013067718248628166,True
1.2589254117941662,39.7132385315927,304.62183232922587,-0.5785412248023007,-0.5785412248023007,-0.5873058,-0.6770467037115209,-0.089740919486057,-0.00876455942316312,-0.09850547890922012,True
0.3981071705534968,37.10727035463277,300.4554170460457,-0.0683805131743556,-0.0683805131743556,-0.06892443,-0.11140162474155346,-0.04247719770908276,-0.0005439138581150998,-0.04302111156719786,True
10.0,44.50977871149023,303.263152322465,-3.910161246517727,-3.910161246517727,-3.981132,-4.087858191763595,-0.10672616127653445,-0.07097078396933343,-0.17769694524586788,True
1.0,39.62193192256099,289.3285700165644,-0.3957745558299577,-0.3957745558299577,-0.39089203,-0.4989217361785645,-0.10802970736997075,0.004882527021363936,-0.10314718034860682,True
0.3162277660168379,38.37558042728467,295.9516778251947,-0.0414513355936337,-0.0414513355936337,-0.044286013,-0.05484425997961928,-0.010558247330083148,-0.002834677055902436,-0.013392924385985584,True
0.3981071705534968,38.422268984819695,304.0303353891022,-0.0675349232038469,-0.0675349232038469,-0.06934881,-0.10994012797277897,-0.04059131586950748,-0.00181388889942459,-0.04240520476893207,True
31.622776601683796,42.543125490608695,301.3994726877767,-6.51826149227201,-6.51826149227201,-6.633569,-6.432841220987315,0.2007275427455948,-0.11530727146090047,0.08542027128469432,True
0.6309573444801944,43.11434944357355,296.9231984392292,-0.1596991966201697,-0.1596991966201697,-0.16191459,-0.2548848263128267,-0.0929702392919527,-0.0022153904007043146,-0.09518562969265701,True
6.309573444801943,42.543125490608695,301.3994726877767,-3.09547867005299,-3.09547867005299,-3.1201987,-3.077472232755853,0.04272649389819971,-0.0247200566010628,0.018006437297136912,True
0.7943282347242822,38.422268984819695,304.0303353891022,-0.2643987720414205,-0.2643987720414205,-0.2643187,-0.37545802372189385,-0.11113931911679131,8.006743631794322e-05,-0.11105925168047337,True
0.7943282347242822,38.69622270488729,301.9657628923453,-0.2516241652408953,-0.2516241652408953,-0.26241708,-0.3738951795844372,-0.11147810156624871,-0.010792912777293162,-0.12227101434354187,True
10.0,41.95641496228942,305.9180523366615,-3.891566622787321,-3.891566622787321,-3.97823,-4.09427567093822,-0.11604567139598387,-0.08666337675491542,-0.2027090481508993,True
0.5011872336272715,38.53132745549709,285.1813868750008,-0.1061669689962251,-0.1061669689962251,-0.10973334,-0.1734649892308049,-0.06373164610641524,-0.0035663741281645456,-0.06729802023457979,True
1.9952623149688828,39.7132385315927,304.62183232922587,-1.1465478891718346,-1.1465478891718346,-1.1628096,-1.131032766570618,0.03177684379620338,-0.0162617211949867,0.01551512260121668,True
15.848931924611108,38.69622270488729,301.9657628923453,-5.097711501167327,-5.097711501167327,-5.0763197,-5.176728938833618,-0.10040924431457476,0.021391806648283662,-0.0790174376662911,True
1.0,38.53132745549709,285.1813868750008,-0.3956638595286219,-0.3956638595286219,-0.39811122,-0.49818608516388707,-0.10007486098938756,-0.0024473646458776366,-0.1025222256352652,True
12.589254117941662,37.50931802222772,308.1655826328421,-4.5347902423503,-4.5347902423503,-4.486858,-4.629803432019106,-0.14294554093634204,0.047932351267536255,-0.09501318966880579,True
25.11886431509582,42.543125490608695,301.3994726877767,-6.134531441672467,-6.134531441672467,-6.204314,-6.049998260487923,0.15431597138463538,-0.06978279020009204,0.08453318118454334,True
0.1995262314968882,43.11434944357355,296.9231984392292,-0.0128741885255316,-0.0128741885255316,-0.015155792,0.02669488516599472,0.041850677402322845,-0.002281603710796524,0.03956907369152632,True
2.511886431509582,39.90607827400121,296.137708789732,-1.5733657357253734,-1.5733657357253734,-1.5160034,-1.4183377150428749,0.09766565524215931,0.057362365440339236,0.15502802068249855,True
1.584893192461111,39.62193192256099,289.3285700165644,-0.8446748110984779,-0.8446748110984779,-0.8294705,-0.8684507699828945,-0.03898025473173483,0.015204295847318194,-0.023775958884416637,True
3.981071705534969,38.422268984819695,304.0303353891022,-2.3542629945917355,-2.3542629945917355,-2.3383553,-2.1749126762746753,0.16344262653599362,0.015907691781066546,0.17935031831706016,True
10.0,42.543125490608695,301.3994726877767,-3.968217417014817,-3.968217417014817,-3.9844348,-4.115059035399386,-0.13062419233603162,-0.016217426048537487,-0.1468416183845691,True
0.6309573444801944,39.7132385315927,304.62183232922587,-0.1655332392978795,-0.1655332392978795,-0.16629791,-0.26394281290122645,-0.0976449003035702,-0.0007646732997767525,-0.09840957360334696,True
0.3981071705534968,42.543125490608695,301.3994726877767,-0.0631707407119539,-0.0631707407119539,-0.062486887,-0.1032557601029378,-0.040768873124788385,0.0006838537338044876,-0.0400850193909839,True
12.589254117941662,38.422268984819695,304.0303353891022,-4.520546269968429,-4.520546269968429,-4.4891477,-4.655980647456545,-0.16683298434008975,0.031398606851974264,-0.1354343774881155,True
0.2511886431509582,37.10727035463277,300.4554170460457,-0.024800915841706,-0.024800915841706,-0.028410196,-0.014217542362871427,0.014192653941449862,-0.0036092804626152893,0.010583373478834573,True
1.0,37.79561575023349,300.3431374384869,-0.4080579338253149,-0.4080579338253149,-0.39485717,-0.5108845845220245,-0.11602741632439262,0.013200765627683075,-0.10282665069670954,True
0.2511886431509582,41.26661222078493,300.2753689300697,-0.0228856207931982,-0.0228856207931982,-0.024968624,-0.008722131346214468,0.016246492768775767,-0.002083003321792034,0.014163489446983733,True
1.2589254117941662,37.50931802222772,308.1655826328421,-0.6384693303677912,-0.6384693303677912,-0.61071074,-0.6854732541472615,-0.07476251405784495,0.027758590278374684,-0.04700392377947027,True
1.2589254117941662,41.95641496228942,305.9180523366615,-0.5495782889520047,-0.5495782889520047,-0.58227503,-0.6718515494528638,-0.0895765164557325,-0.03269674404512668,-0.12227326050085918,True
5.011872336272715,43.11434944357355,296.9231984392292,-2.695476354322704,-2.695476354322704,-2.712852,-2.5934109110012473,0.11944109018893823,-0.01737564686748172,0.1020654433214565,True
3.981071705534969,39.7132385315927,304.62183232922587,-2.307294409196958,-2.307294409196958,-2.3244112,-2.1677978175750763,0.15661333621825868,-0.01711674459637713,0.13949659162188155,True
40.0,41.95641496228942,305.9180523366615,-6.518197889651662,-6.518197889651662,-6.614809,-6.67868131049457,-0.06387227423968689,-0.09661114660322045,-0.16048342084290734,True
1.0,37.50931802222772,308.1655826328421,-0.4331041639294036,-0.4331041639294036,-0.40599215,-0.5162679156843515,-0.11027576537764983,0.027112013622701936,-0.08316375175494789,True
0.1258925411794166,38.422268984819695,304.0303353891022,-0.0027164324389829,-0.0027164324389829,-0.008927345,0.0681837804083898,0.0771111256842687,-0.006210912836896006,0.07090021284737269,True
19.952623149688822,38.422268984819695,304.0303353891022,-5.655967178293774,-5.655967178293774,-5.642411,-5.625740191447669,0.016671040546960114,0.013555946299145027,0.03022698684610514,True
1.9952623149688828,37.79561575023349,300.3431374384869,-1.1873674212202592,-1.1873674212202592,-1.1603273,-1.1341168246076432,0.02621049072286219,0.027040105889753807,0.053250596612616,True
0.5011872336272715,37.79561575023349,300.3431374384869,-0.110220097904054,-0.110220097904054,-0.10735154,-0.17914109046730964,-0.0717895489481446,0.0028685563848889623,-0.06892099256325564,True
15.848931924611108,38.53132745549709,285.1813868750008,-5.472175348490066,-5.472175348490066,-5.163975,-5.3406926508422705,-0.1767178888793799,0.3082005865271755,0.13148269764779563,True
40.0,41.26661222078493,300.2753689300697,-6.852211409885741,-6.852211409885741,-6.803875,-6.810366764949942,-0.006491795467519879,0.04833644040331908,0.0418446449357992,True
2.511886431509582,44.50977871149023,303.263152322465,-1.4760453206020074,-1.4760453206020074,-1.4885484,-1.4057050516141771,0.08284334640370616,-0.012503077415875863,0.0703402689878303,True
0.1584893192461111,38.53132745549709,285.1813868750008,-0.0068674589517621,-0.0068674589517621,-0.013693571,0.04610403925237527,0.059797610343073515,-0.006826112138936143,0.05297149820413737,True
0.5011872336272715,38.422268984819695,304.0303353891022,-0.1082426126524367,-0.1082426126524367,-0.10854912,-0.17901519096949237,-0.07046607292750018,-0.0003065053895554837,-0.07077257831705566,True
1.2589254117941662,39.90607827400121,296.137708789732,-0.6046390827327183,-0.6046390827327183,-0.57176936,-0.6700027790290166,-0.09823342230141652,0.03286972600511817,-0.06536369629629835,True
0.1258925411794166,44.50977871149023,303.263152322465,-0.0025246228777361,-0.0025246228777361,-0.0055673122,0.07510147699267478,0.08066878923327536,-0.0030426893628644858,0.07762609987041087,True
5.011872336272715,38.53132745549709,285.1813868750008,-2.8143359208427103,-2.8143359208427103,-2.734292,-2.620732505638581,0.11355952469589159,0.08004389050823768,0.19360341520412927,True
1.584893192461111,39.7132385315927,304.62183232922587,-0.8306487062907003,-0.8306487062907003,-0.8396934,-0.8826373988136664,-0.042943971727789965,-0.009044720795176153,-0.05198869252296612,True
0.1,35.793021097389925,308.86985058095934,0.0,0.0,-0.006841898,0.08211237506258229,0.08895427302705983,-0.006841897964477539,0.08211237506258229,True
0.6309573444801944,42.543125490608695,301.3994726877767,-0.1599054560665338,-0.1599054560665338,-0.16071463,-0.25757569612557685,-0.09686106981332099,-0.0008091702457220518,-0.09767024005904304,True
1.9952623149688828,42.543125490608695,301.3994726877767,-1.123264338191736,-1.123264338191736,-1.1252714,-1.118125261762585,0.007146177789722152,-0.0020071013605711396,0.005139076429151013,True
3.1622776601683795,43.11434944357355,296.9231984392292,-1.88628069152848,-1.88628069152848,-1.9063683,-1.7511132813720804,0.15525497424315393,-0.020087564086754384,0.13516741015639955,True
40.0,42.543125490608695,301.3994726877767,-6.591551934272929,-6.591551934272929,-6.757021,-6.771164955892468,-0.014144005575085217,-0.16546901604445363,-0.17961302161953885,True
0.3981071705534968,41.95641496228942,305.9180523366615,-0.0616993254192879,-0.0616993254192879,-0.06339884,-0.1047769413510462,-0.041378103307833314,-0.0016995126239249883,-0.0430776159317583,True
0.1584893192461111,38.422268984819695,304.0303353891022,-0.0070120358999615,-0.0070120358999615,-0.012920618,0.04755858925100398,0.060479207308254956,-0.0059085821572894765,0.05457062515096548,True
0.1,38.53132745549709,285.1813868750008,0.0,0.0,-0.007037401,0.0815818381976392,0.08861923939698002,-0.00703740119934082,0.0815818381976392,True
0.3981071705534968,37.79561575023349,300.3431374384869,-0.0687914502148559,-0.0687914502148559,-0.068207026,-0.11033330016174325,-0.04212627463378915,0.0005844246869017994,-0.04154184994688735,True
1.2589254117941662,38.422268984819695,304.0303353891022,-0.5949545647826135,-0.5949545647826135,-0.59290266,-0.6801233571305403,-0.08722069676066724,0.0020519044127405017,-0.08516879234792674,True
0.3162277660168379,37.50931802222772,308.1655826328421,-0.0449208062070723,-0.0449208062070723,-0.04534483,-0.05695313040664729,-0.011608300847321118,-0.00042402335225387444,-0.012032324199574992,True
0.1995262314968882,42.543125490608695,301.3994726877767,-0.012890716917621,-0.012890716917621,-0.014391422,0.0262036003527939,0.040595022624522414,-0.0015007053541075156,0.0390943172704149,True
0.1584893192461111,39.62193192256099,289.3285700165644,-0.0068794647061018,-0.0068794647061018,-0.01127553,0.0477099030403334,0.0589854329017836,-0.004396065155348395,0.054589367746435205,True
2.511886431509582,41.26661222078493,300.2753689300697,-1.49043040494749,-1.49043040494749,-1.5145094,-1.4166946932506903,0.09781474621769348,-0.024079034520893883,0.0737357116967996,True
5.011872336272715,44.50977871149023,303.263152322465,-2.6605303950120893,-2.6605303950120893,-2.6960769,-2.581071235333657,0.11500563463094249,-0.03554647495251029,0.0794591596784322,True
1.9952623149688828,38.69622270488729,301.9657628923453,-1.1336346779383102,-1.1336346779383102,-1.1619996,-1.132399120020862,0.02960046322346166,-0.028364905306013544,0.0012355579174481157,True
6.309573444801943,38.53132745549709,285.1813868750008,-3.2465348162576504,-3.2465348162576504,-3.1447556,-3.1239491456865354,0.020806456196399203,0.10177921437471582,0.12258567057111502,True
6.309573444801943,38.69622270488729,301.9657628923453,-3.1116097767307065,-3.1116097767307065,-3.1278179,-3.1034038067694905,0.02441406241691091,-0.016208092455694878,0.00820596996121603,True
0.7943282347242822,39.90607827400121,296.137708789732,-0.2687689954596691,-0.2687689954596691,-0.25623584,-0.3684155305456791,-0.11217969260927774,0.012533157523267724,-0.09964653508601001,True
15.848931924611108,39.90607827400121,296.137708789732,-5.133497265960802,-5.133497265960802,-5.1364813,-5.2248864149533745,-0.08840512985815963,-0.0029840191344128186,-0.09138914899257244,True
5.011872336272715,41.26661222078493,300.2753689300697,-2.699086812698119,-2.699086812698119,-2.7174983,-2.603294556179665,0.11420374628005181,-0.0184114897615979,0.09579225651845391,True
3.1622776601683795,39.90607827400121,296.137708789732,-1.9796238677070783,-1.9796238677070783,-1.9135194,-1.7655902390264924,0.14792914345031427,0.06610448523027168,0.21403362868058595,True
5.011872336272715,38.37558042728467,295.9516778251947,-2.7855559542670747,-2.7855559542670747,-2.737807,-2.62290773227926,0.114899303166907,0.047748918820907704,0.1626482219878147,True
0.1995262314968882,39.7132385315927,304.62183232922587,-0.013374720516678,-0.013374720516678,-0.016757011,0.02283397116008068,0.0395909825736549,-0.0033822908968962184,0.03620869167675868,True
3.981071705534969,41.26661222078493,300.2753689300697,-2.295916377943296,-2.295916377943296,-2.3151433,-2.1588555005257115,0.1562878462607875,-0.019226968843203185,0.13706087741758433,True
1.584893192461111,37.10727035463277,300.4554170460457,-0.8597288759180298,-0.8597288759180298,-0.8380071,-0.8872070003454393,-0.0491999078695482,0.02172178344213871,-0.02747812442740949,True
31.622776601683796,38.53132745549709,285.1813868750008,-7.369265636459836,-7.369265636459836,-6.774105,-6.77497468388753,-0.0008696118660456165,0.595160564438352,0.5942909525723064,True
40.0,39.7132385315927,304.62183232922587,-6.5607099566100056,-6.5607099566100056,-6.6866074,-6.7333476260128355,-0.04674026517299179,-0.1258974042298382,-0.17263766940282999,True
40.0,38.53132745549709,285.1813868750008,-7.552960173301711,-7.552960173301711,-6.885908,-7.158742201132201,-0.27283407430114615,0.6670520464706566,0.3942179721695105,True
5.011872336272715,38.422268984819695,304.0303353891022,-2.7519565930052514,-2.7519565930052514,-2.7257502,-2.618509264740961,0.10724094316003985,0.02620638510425044,0.1334473282642903,True
0.1584893192461111,39.90607827400121,296.137708789732,-0.0071294749111159,-0.0071294749111159,-0.009155989,0.04861042609468136,0.05776641478791866,-0.0020265137821214047,0.05573990100579726,True
25.11886431509582,39.62193192256099,289.3285700165644,-6.579627195729142,-6.579627195729142,-6.3358107,-6.271146683784815,0.06466397753110265,0.2438165344132237,0.30848051194432635,True
0.1584893192461111,39.7132385315927,304.62183232922587,-0.0067976779722584,-0.0067976779722584,-0.010598898,0.049162728654494,0.059761626588453964,-0.003801219961701561,0.055960406626752404,True
0.6309573444801944,38.53132745549709,285.1813868750008,-0.1674853004450884,-0.1674853004450884,-0.17178226,-0.25823737328795815,-0.08645511811522866,-0.004296954727641106,-0.09075207284286976,True
7.943282347242822,43.11434944357355,296.9231984392292,-3.5255179146732734,-3.5255179146732734,-3.5540338,-3.599158773827935,-0.04512501757183163,-0.02851584158283016,-0.07364085915466179,True
7.943282347242822,38.53132745549709,285.1813868750008,-3.708817132248111,-3.708817132248111,-3.5792031,-3.6631314754932536,-0.08392834667855631,0.12961400343341367,0.04568565675485736,True
3.981071705534969,38.53132745549709,285.1813868750008,-2.390211067483966,-2.390211067483966,-2.337945,-2.164067028752343,0.17387795568369224,0.05226608304793068,0.22614403873162292,True
0.1258925411794166,35.793021097389925,308.86985058095934,-0.0027370004533895,-0.0027370004533895,-0.009515047,0.06578318662546856,0.07529823369883282,-0.006778046619974758,0.06852018707885806,True
0.3981071705534968,37.50931802222772,308.1655826328421,-0.0734354653229668,-0.0734354653229668,-0.0705533,-0.11191497769817182,-0.04136167493327925,0.0028821625580742194,-0.03847951237520503,True
25.11886431509582,41.26661222078493,300.2753689300697,-6.279779074584396,-6.279779074584396,-6.254162,-6.082200973475649,0.17196086124114807,0.025617239867599118,0.19757810110874718,True
1.9952623149688828,35.793021097389925,308.86985058095934,-1.1730292472633876,-1.1730292472633876,-1.2053381,-1.1485905427541843,0.05674757770632599,-0.03230887319712261,0.02443870450920338,True
7.943282347242822,37.79561575023349,300.3431374384869,-3.565725134619726,-3.565725134619726,-3.5605173,-3.6296314542246995,-0.06911414312850805,0.00520782352353466,-0.0639063196049734,True
19.952623149688822,41.95641496228942,305.9180523366615,-5.489113169127252,-5.489113169127252,-5.528699,-5.56266297156815,-0.033964050364536646,-0.03958575207636095,-0.0735498024408976,True
7.943282347242822,35.793021097389925,308.86985058095934,-3.516379290801624,-3.516379290801624,-3.565525,-3.6139963723909583,-0.04847131745931765,-0.04914576413001681,-0.09761708158933446,True
15.848931924611108,38.422268984819695,304.0303353891022,-5.072903777321981,-5.072903777321981,-5.0258045,-5.157228527298193,-0.13142400764487228,0.047099257668660854,-0.08432474997621142,True
0.1995262314968882,37.50931802222772,308.1655826328421,-0.0150221616350727,-0.0150221616350727,-0.019198895,0.02026755512325451,0.03946644962398693,-0.004176732865659722,0.03528971675832721,True
0.2511886431509582,35.793021097389925,308.86985058095934,-0.0246683005782566,-0.0246683005782566,-0.030474186,-0.01597559264010151,0.014498593303502005,-0.005805885365346916,0.00869270793815509,True
0.3162277660168379,37.79561575023349,300.3431374384869,-0.0420605689433865,-0.0420605689433865,-0.04351139,-0.0560276261635444,-0.012516235477509241,-0.0014508217426486558,-0.013967057220157897,True
0.5011872336272715,42.543125490608695,301.3994726877767,-0.1013294393039265,-0.1013294393039265,-0.10043216,-0.1714852863573615,-0.071053128840882,0.0008972817874470101,-0.07015584705343499,True
1.0,44.50977871149023,303.263152322465,-0.3758558791336623,-0.3758558791336623,-0.38024628,-0.496879891364161,-0.11663360974032067,-0.004390402490178025,-0.12102401223049869,True
0.7943282347242822,42.543125490608695,301.3994726877767,-0.2482739770041646,-0.2482739770041646,-0.25238276,-0.36563849332770104,-0.11325573804816003,-0.0041087782753764235,-0.11736451632353645,True
0.3162277660168379,39.7132385315927,304.62183232922587,-0.0400287567228129,-0.0400287567228129,-0.04186082,-0.05361346775010212,-0.011752648887187078,-0.0018320621401021406,-0.013584711027289219,True
2.511886431509582,38.53132745549709,285.1813868750008,-1.5522949996073945,-1.5522949996073945,-1.5273347,-1.4106454420284473,0.11668924806554681,0.024960309513400336,0.14164955757894715,True
15.848931924611108,42.543125490608695,301.3994726877767,-5.022184954091161,-5.022184954091161,-5.0317764,-5.144757159532352,-0.11298073130969577,-0.009591474131495303,-0.12257220544119107,True
1.584893192461111,39.90607827400121,296.137708789732,-0.8668379185156384,-0.8668379185156384,-0.8241185,-0.8745773558533996,-0.05045886086591178,0.04271942352815061,-0.007739437337761168,True
1.0,39.90607827400121,296.137708789732,-0.4082748963859386,-0.4082748963859386,-0.3866167,-0.503158751586338,-0.11654204473819352,0.02165818953779408,-0.09488385520039944,True
39.81071705534969,38.53132745549709,285.1813868750008,-7.553204412446099,-7.553204412446099,-6.8882637,-7.151559621499044,-0.2632959191064659,0.6649407100535205,0.40164479094705463,True
7.943282347242822,39.7132385315927,304.62183232922587,-3.500175954917289,-3.500175954917289,-3.5330267,-3.599700849222737,-0.06667415397127208,-0.03285074033417601,-0.09952489430544809,True
0.2511886431509582,42.543125490608695,301.3994726877767,-0.022885681548516,-0.022885681548516,-0.023788929,-0.0070394617294624595,0.016749467256133244,-0.0009032474370797017,0.015846219819053542,True
39.81071705534969,39.7132385315927,304.62183232922587,-6.562371148632923,-6.562371148632923,-6.6885443,-6.727185389388311,-0.0386411160118465,-0.12617312474354225,-0.16481424075538875,True
0.7943282347242822,39.7132385315927,304.62183232922587,-0.256665401299327,-0.256665401299327,-0.25958133,-0.3730372167156819,-0.11345588927732742,-0.0029159261390274693,-0.11637181541635488,True
12.589254117941662,41.95641496228942,305.9180523366615,-4.385400468130163,-4.385400468130163,-4.461569,-4.607566754893761,-0.14599792249630017,-0.07616836426729812,-0.2221662867635983,True
7.943282347242822,41.26661222078493,300.2753689300697,-3.5276045411940835,-3.5276045411940835,-3.5437894,-3.6028502876520054,-0.059060900902737856,-0.01618484555518407,-0.07524574645792192,True
31.622776601683796,41.95641496228942,305.9180523366615,-6.418886219714155,-6.418886219714155,-6.4873123,-6.351959602582983,0.13535271431154783,-0.06842609718037629,0.06692661713117154,True
1.584893192461111,42.543125490608695,301.3994726877767,-0.810194071347766,-0.810194071347766,-0.8163923,-0.8712151273946409,-0.05482282488151835,-0.00619823116535656,-0.06102105604687491,True
12.589254117941662,44.50977871149023,303.263152322465,-4.406019296573104,-4.406019296573104,-4.46278,-4.6058534019326824,-0.14307340315338557,-0.05676070220619245,-0.19983410535957802,True
1.9952623149688828,37.10727035463277,300.4554170460457,-1.1826805251866668,-1.1826805251866668,-1.1632404,-1.1366856448454898,0.026554787893767973,0.019440092447408963,0.045994880341176936,True
7.943282347242822,39.90607827400121,296.137708789732,-3.611526008829897,-3.611526008829897,-3.554326,-3.626278629920323,-0.0719525724862411,0.057199951395814796,-0.014752621090426299,True
19.952623149688822,41.26661222078493,300.2753689300697,-5.694068209071991,-5.694068209071991,-5.7064734,-5.646920626530282,0.05955272399462075,-0.01240514145291094,0.04714758254170981,True
1.0,41.26661222078493,300.2753689300697,-0.3781978583872525,-0.3781978583872525,-0.38590813,-0.5026969639463559,-0.11678883711530119,-0.007710268443802182,-0.12449910555910337,True
0.3162277660168379,41.26661222078493,300.2753689300697,-0.0385955029613893,-0.0385955029613893,-0.040180206,-0.05112685038744935,-0.010946644088621227,-0.0015847033374388267,-0.012531347426060054,True
7.943282347242822,37.50931802222772,308.1655826328421,-3.617442641774793,-3.617442641774793,-3.553219,-3.6033083651091804,-0.050089285137866923,0.06422356180347943,0.01413427666561251,True
7.943282347242822,41.95641496228942,305.9180523366615,-3.445149068442415,-3.445149068442415,-3.5304651,-3.5772244663315407,-0.04675934029394302,-0.08531605759518257,-0.1320753978891256,True
2.511886431509582,41.95641496228942,305.9180523366615,-1.4581225857714497,-1.4581225857714497,-1.518326,-1.418199969750484,0.1001260743321577,-0.06020345831119189,0.039922616020965807,True
1.584893192461111,38.37558042728467,295.9516778251947,-0.8584267015785381,-0.8584267015785381,-0.8348769,-0.8790758293846439,-0.044198934433777204,0.023549806627671366,-0.020649127806105838,True
19.952623149688822,43.11434944357355,296.9231984392292,-5.702313746815192,-5.702313746815192,-5.733719,-5.6717937746456055,0.061925097424706976,-0.0314051252551204,0.030519972169586573,True
0.7943282347242822,39.62193192256099,289.3285700165644,-0.2601254374926475,-0.2601254374926475,-0.25969028,-0.3651766366821665,-0.10548635195316258,0.000435152763643587,-0.105051199189519,True
12.589254117941662,38.37558042728467,295.9516778251947,-4.618913638257131,-4.618913638257131,-4.597252,-4.718625915350039,-0.12137402326019497,0.021661746167287,-0.09971227709290797,True
5.011872336272715,37.10727035463277,300.4554170460457,-2.7504209960284465,-2.7504209960284465,-2.7310934,-2.629065041935311,0.10202836474193511,0.01932758935120038,0.12135595409313549,True
7.943282347242822,44.50977871149023,303.263152322465,-3.4633436120579884,-3.4633436120579884,-3.5423121,-3.567225232683543,-0.024913087450388893,-0.07896853317516594,-0.10388162062555484,True
31.622776601683796,43.11434944357355,296.9231984392292,-6.685232919153367,-6.685232919153367,-6.7150574,-6.511105176605222,0.2039521964416533,-0.029824453893508185,0.17412774254814511,True
0.1,39.90607827400121,296.137708789732,0.0,0.0,-0.002705574,0.08472932709756975,0.08743490113321428,-0.0027055740356445312,0.08472932709756975,True
31.622776601683796,37.50931802222772,308.1655826328421,-6.5111398358263095,-6.5111398358263095,-6.4540834,-6.357929000156208,0.0961544425317804,0.057056393138321226,0.15321083567010163,True
0.1,39.7132385315927,304.62183232922587,0.0,0.0,-0.0040876865,0.08582985691548828,0.08991754345418457,-0.004087686538696289,0.08582985691548828,True
0.3162277660168379,41.95641496228942,305.9180523366615,-0.0376951249594552,-0.0376951249594552,-0.03938818,-0.05050548795778731,-0.011117308178734575,-0.001693054819597535,-0.01281036299833211,True
0.3162277660168379,39.62193192256099,289.3285700165644,-0.0405180502273616,-0.0405180502273616,-0.042644262,-0.0524622564133459,-0.009817994099503125,-0.0021262120864811718,-0.011944206185984296,True
19.952623149688822,39.7132385315927,304.62183232922587,-5.531378850484801,-5.531378850484801,-5.5934744,-5.604105829479902,-0.010631441357343618,-0.06209553763775766,-0.07272697899510128,True
0.6309573444801944,39.90607827400121,296.137708789732,-0.1734380136625346,-0.1734380136625346,-0.16400814,-0.2604569041297662,-0.09644876356580134,0.009429873098569769,-0.08701889046723157,True
0.1584893192461111,37.79561575023349,300.3431374384869,-0.0071460243634214,-0.0071460243634214,-0.011751413,0.04646541699644047,0.05821683034177738,-0.004605388981915514,0.053611441359861865,True
5.011872336272715,37.79561575023349,300.3431374384869,-2.7547544801407446,-2.7547544801407446,-2.7284932,-2.624837407700954,0.10365580595261026,0.02626126648718019,0.12991707243979045,True
5.011872336272715,41.95641496228942,305.9180523366615,-2.6406756089278787,-2.6406756089278787,-2.7081876,-2.594691137196973,0.1134964429116696,-0.06751197118076391,0.045984471730905696,True
0.2511886431509582,38.422268984819695,304.0303353891022,-0.024487648360206,-0.024487648360206,-0.029027939,-0.012495275895926028,0.01653266294684741,-0.004540290482567436,0.011992372464279973,True
0.1,38.69622270488729,301.9657628923453,0.0,0.0,-0.0052042007,0.0842748235940487,0.0894790243386776,-0.005204200744628906,0.0842748235940487,True
25.11886431509582,37.79561575023349,300.3431374384869,-6.27809571058696,-6.27809571058696,-6.2904844,-6.118873449889245,0.17161097851651697,-0.012388717818801354,0.1592222606977156,True
25.11886431509582,37.10727035463277,300.4554170460457,-6.237607273773216,-6.237607273773216,-6.292056,-6.1245469271051345,0.16750915657406473,-0.054448809905983,0.11306034666808173,True
0.1258925411794166,41.26661222078493,300.2753689300697,-0.0025376202773563,-0.0025376202773563,-0.005462408,0.07097634347301884,0.07643875153881474,-0.0029247877884395986,0.07351396375037514,True
1.9952623149688828,43.11434944357355,296.9231984392292,-1.1218793154351316,-1.1218793154351316,-1.1132723,-1.1118905758996593,0.0013817334036243523,0.00860700613184795,0.009988739535472302,True
12.589254117941662,38.69622270488729,301.9657628923453,-4.522492636032074,-4.522492636032074,-4.511879,-4.670040813439115,-0.15816184615395912,0.010613668746917604,-0.14754817740704151,True
0.6309573444801944,38.422268984819695,304.0303353891022,-0.1706049275011966,-0.1706049275011966,-0.17051291,-0.2661421089166174,-0.09562919425902461,9.201284360382811e-05,-0.09553718141542078,True
0.7943282347242822,37.79561575023349,300.3431374384869,-0.2688908341745551,-0.2688908341745551,-0.26244712,-0.3749563777235432,-0.1125092589643879,0.006443715415399842,-0.10606554354898806,True
0.1,37.50931802222772,308.1655826328421,0.0,0.0,-0.0060203075,0.08392522137932446,0.08994552892021801,-0.006020307540893555,0.08392522137932446,True
10.0,38.37558042728467,295.9516778251947,-4.092287327943074,-4.092287327943074,-4.0663023,-4.178693917130498,-0.11239161763098604,0.02598502844356254,-0.0864065891874235,True
0.1258925411794166,37.10727035463277,300.4554170460457,-0.002751558439285,-0.002751558439285,-0.008226633,0.06621108678484688,0.0744377198567463,-0.005475074632614414,0.06896264522413188,True
40.0,37.50931802222772,308.1655826328421,-6.635218994165911,-6.635218994165911,-6.5781965,-6.680248807785983,-0.10205228221225227,0.057022468592180964,-0.0450298136200713,True
1.584893192461111,38.422268984819695,304.0303353891022,-0.8531038092999944,-0.8531038092999944,-0.84491193,-0.8861897597048243,-0.04127782675957281,0.008191876354742944,-0.03308595040482987,True
0.7943282347242822,44.50977871149023,303.263152322465,-0.2468304319523495,-0.2468304319523495,-0.25106144,-0.36242470356490486,-0.1113632640507447,-0.004231007561810662,-0.11559427161255537,True
40.0,43.11434944357355,296.9231984392292,-6.769669828340811,-6.769669828340811,-6.833626,-6.8611390422134,-0.02751324875636918,-0.06395596511621982,-0.091469213872589,True
10.0,41.26661222078493,300.2753689300697,-3.992450408365685,-3.992450408365685,-4.0005507,-4.132029303952257,-0.1314785570345327,-0.00810033855203951,-0.13957889558657222,True
0.5011872336272715,43.11434944357355,296.9231984392292,-0.1011990106676355,-0.1011990106676355,-0.101587296,-0.16940783859159048,-0.06782054305936391,-0.00038828486459106804,-0.06820882792395498,True
0.5011872336272715,38.69622270488729,301.9657628923453,-0.1027744673022263,-0.1027744673022263,-0.107201815,-0.17805044052183128,-0.07084862587034202,-0.004427347349262964,-0.07527597321960498,True
12.589254117941662,39.7132385315927,304.62183232922587,-4.43475957910764,-4.43475957910764,-4.469466,-4.639158378480942,-0.16969216906932072,-0.034706630303981356,-0.20439879937330208,True
1.2589254117941662,43.11434944357355,296.9231984392292,-0.5615355834061263,-0.5615355834061263,-0.5642412,-0.6621248784749243,-0.09788370759174558,-0.002705587477052407,-0.10058929506879799,True
15.848931924611108,37.50931802222772,308.1655826328421,-5.054473316869672,-5.054473316869672,-4.98398,-5.120344481979213,-0.1363643031462054,0.0704931380366638,-0.06587116510954161,True
0.1258925411794166,38.69622270488729,301.9657628923453,-0.0025751397989242,-0.0025751397989242,-0.0077962875,0.06823307146157909,0.07602935899820018,-0.005221147737696894,0.07080821126050328,True
31.622776601683796,38.422268984819695,304.0303353891022,-6.646446050690134,-6.646446050690134,-6.612586,-6.4286140104826694,0.1839720109406704,0.0338600292667941,0.2178320402074645,True
25.11886431509582,38.37558042728467,295.9516778251947,-6.393496358050682,-6.393496358050682,-6.356697,-6.182761049272463,0.17393603324706852,0.03679927553115103,0.21073530877821955,True
25.11886431509582,39.90607827400121,296.137708789732,-6.268480024924842,-6.268480024924842,-6.320408,-6.163204457417342,0.15720341001429894,-0.051927842506798605,0.10527556750750033,True
0.6309573444801944,38.69622270488729,301.9657628923453,-0.1621367190479058,-0.1621367190479058,-0.16898704,-0.2648979415269803,-0.09591090577563754,-0.0068503167034369705,-0.10276122247907452,True
40.0,44.50977871149023,303.263152322465,-6.432078397336549,-6.432078397336549,-6.6634903,-6.70765010444147,-0.04415980903131356,-0.23141189807360707,-0.2755717071049206,True
0.5011872336272715,37.50931802222772,308.1655826328421,-0.117576848668014,-0.117576848668014,-0.11045003,-0.18150580830548613,-0.07105577893231718,0.007126819294845058,-0.06392895963747212,True
0.3981071705534968,44.50977871149023,303.263152322465,-0.062836288478696,-0.062836288478696,-0.06258941,-0.10051598856845523,-0.03792658160129214,0.0002468815115329176,-0.037679700089759224,True
2.511886431509582,38.69622270488729,301.9657628923453,-1.5014298100328447,-1.5014298100328447,-1.5245808,-1.4287770061645224,0.09580383013155913,-0.02315102626323684,0.07265280386832229,True
0.5011872336272715,38.37558042728467,295.9516778251947,-0.108701724607298,-0.108701724607298,-0.10829282,-0.17698950586546047,-0.06869668779600246,0.0004089065378399953,-0.06828778125816247,True
31.622776601683796,35.793021097389925,308.86985058095934,-6.465718755056637,-6.465718755056637,-6.4368668,-6.36337369272434,0.07349306752956597,0.028851994802730374,0.10234506233229634,True
0.6309573444801944,38.37558042728467,295.9516778251947,-0.1713565255016377,-0.1713565255016377,-0.17017245,-0.2631870895353874,-0.09301463660875164,0.001184072575001971,-0.09183056403374967,True
2.511886431509582,35.793021097389925,308.86985058095934,-1.5413428970975036,-1.5413428970975036,-1.5532455,-1.4460187840891745,0.10722676034441925,-0.011902647336090144,0.0953241130083291,True
0.1,37.79561575023349,300.3431374384869,0.0,0.0,-0.005191326,0.08301694707002127,0.0882082732113787,-0.005191326141357422,0.08301694707002127,True
7.943282347242822,38.37558042728467,295.9516778251947,-3.621324165469919,-3.621324165469919,-3.585824,-3.638649908639623,-0.052825895883275464,0.03550015271357143,-0.017325743169704033,True
40.0,37.10727035463277,300.4554170460457,-6.826369285597668,-6.826369285597668,-6.8381577,-6.854648982879842,-0.01649132907124784,-0.011788368210925881,-0.02827969728217372,True
0.6309573444801944,39.62193192256099,289.3285700165644,-0.1676769879255299,-0.1676769879255299,-0.16702509,-0.2581374864961372,-0.0911123972322212,0.0006518986616138867,-0.09046049857060731,True
40.0,35.793021097389925,308.86985058095934,-6.604108204111627,-6.604108204111627,-6.559741,-6.684419353910975,-0.12467833370833858,0.044367183908990526,-0.08031114979934806,True
0.5011872336272715,44.50977871149023,303.263152322465,-0.100782116856376,-0.100782116856376,-0.10025573,-0.16863748014628577,-0.06838175237834143,0.0005263890884316669,-0.06785536328990976,True
0.1258925411794166,38.53132745549709,285.1813868750008,-0.00266025783055,-0.00266025783055,-0.009660721,0.06602859905506975,0.07568931988026506,-0.007000462994645313,0.06868885688561975,True
1.0,43.11434944357355,296.9231984392292,-0.3777034532107793,-0.3777034532107793,-0.382205,-0.4962307948393656,-0.11402578537891639,-0.0045015562496699135,-0.1185273416285863,True
0.3162277660168379,39.90607827400121,296.137708789732,-0.0419736384076455,-0.0419736384076455,-0.040239096,-0.052713177451256144,-0.012474081763389933,0.0017345427197792904,-0.010739539043610642,True
2.511886431509582,43.11434944357355,296.9231984392292,-1.488316420564027,-1.488316420564027,-1.5030713,-1.4060202150453645,0.09705109309062188,-0.014754887571959419,0.08229620551866246,True
7.943282347242822,38.69622270488729,301.9657628923453,-3.535888277587653,-3.535888277587653,-3.550784,-3.617153085732248,-0.06636897470929881,-0.014895833435296435,-0.08126480814459525,True
39.81071705534969,38.69622270488729,301.9657628923453,-6.882705872081606,-6.882705872081606,-6.798111,-6.7970889707048725,0.0010219912091899985,0.08459491016754317,0.08561690137673317,True
6.309573444801943,37.10727035463277,300.4554170460457,-3.1459336221797884,-3.1459336221797884,-3.1340725,-3.117207266155324,0.016865276035227694,0.01186107998923669,0.028726356024464383,True
1.584893192461111,38.53132745549709,285.1813868750008,-0.8459154466381297,-0.8459154466381297,-0.837324,-0.8670341382886875,-0.029710115041922336,0.008591423391364539,-0.021118691650557797,True
1.9952623149688828,44.50977871149023,303.263152322465,-1.1139367214436773,-1.1139367214436773,-1.1020875,-1.112675103599214,-0.010587605888032314,0.01184922373249564,0.0012616178444633253,True
0.1584893192461111,38.37558042728467,295.9516778251947,-0.0070399184436405,-0.0070399184436405,-0.012470722,0.0467717165997481,0.05924243879823443,-0.005430803754845828,0.0538116350433886,True
25.11886431509582,38.422268984819695,304.0303353891022,-6.218616728174848,-6.218616728174848,-6.1833487,-6.051496606680246,0.1318520490204378,0.03526807247416475,0.16712012149460254,True
19.952623149688822,38.53132745549709,285.1813868750008,-6.173702898829713,-6.173702898829713,-5.7963505,-5.863399791469742,-0.06704931234376588,0.3773524197037368,0.3103031073599709,True
1.2589254117941662,42.543125490608695,301.3994726877767,-0.5622627371031317,-0.5622627371031317,-0.56790066,-0.6670898543293493,-0.09918919667554071,-0.0056379205506769114,-0.10482711722621763,True
0.1,38.37558042728467,295.9516778251947,0.0,0.0,-0.005892515,0.0829948670508589,0.08888738223335402,-0.005892515182495117,0.0829948670508589,True
0.1584893192461111,43.11434944357355,296.9231984392292,-0.0065426409278892,-0.0065426409278892,-0.009216547,0.05250043056716436,0.06171697757949346,-0.0026739060844399015,0.059043071495053556,True
6.309573444801943,38.37558042728467,295.9516778251947,-3.1929456005918717,-3.1929456005918717,-3.146038,-3.115159930655813,0.030878124764108783,0.04690754517194984,0.07778566993605862,True
31.622776601683796,44.50977871149023,303.263152322465,-6.392640166985078,-6.392640166985078,-6.5360403,-6.374836242177923,0.16120406391338538,-0.14340013910623028,0.01780392480715509,True
0.5011872336272715,35.793021097389925,308.86985058095934,-0.1089605966598923,-0.1089605966598923,-0.1126008,-0.18456780441807208,-0.07196700104282794,-0.0036402067153518403,-0.07560720775817978,True
0.1,42.543125490608695,301.3994726877767,0.0,0.0,-0.0021717548,0.08848564534472914,0.09065740018176527,-0.002171754837036133,0.08848564534472914,True
0.1,38.422268984819695,304.0303353891022,0.0,0.0,-0.0063388348,0.08429147769439815,0.0906303124569714,-0.006338834762573242,0.08429147769439815,True
0.3981071705534968,38.37558042728467,295.9516778251947,-0.0678141625884036,-0.0678141625884036,-0.069046736,-0.10871136860432706,-0.03966463284077726,-0.0012325731751462038,-0.04089720601592346,True
0.6309573444801944,35.793021097389925,308.86985058095934,-0.1716427025657962,-0.1716427025657962,-0.17611837,-0.2726952242185501,-0.09657685034770047,-0.004475671305053414,-0.10105252165275388,True
0.3162277660168379,43.11434944357355,296.9231984392292,-0.0385460546427923,-0.0385460546427923,-0.039613247,-0.04827722883913843,-0.008663981921413821,-0.0010671922749323076,-0.009731174196346129,True
0.1584893192461111,38.69622270488729,301.9657628923453,-0.0066477396708276,-0.0066477396708276,-0.0117890835,0.04769119639135688,0.059480279872191844,-0.005141343810007361,0.054338936062184484,True
0.2511886431509582,37.79561575023349,300.3431374384869,-0.0249520050839443,-0.0249520050839443,-0.027871609,-0.013306690637895358,0.014564918096235502,-0.0029196036501865606,0.011645314446048941,True
15.848931924611108,41.26661222078493,300.2753689300697,-5.085893235887633,-5.085893235887633,-5.0780535,-5.169191006071618,-0.09113753164534888,0.007839761461363892,-0.08329777018398499,True
6.309573444801943,43.11434944357355,296.9231984392292,-3.10020832710285,-3.10020832710285,-3.1298387,-3.0808850571990547,0.04895364786381151,-0.02963037796001622,0.019323269903795293,True
0.1,39.62193192256099,289.3285700165644,0.0,0.0,-0.0047357082,0.0833957833715111,0.08813149160820544,-0.004735708236694336,0.0833957833715111,True
0.1258925411794166,43.11434944357355,296.9231984392292,-0.0025343750750765,-0.0025343750750765,-0.005434513,0.07267407478134302,0.07810858787338404,-0.0029001380169645158,0.07520844985641953,True
1.2589254117941662,39.62193192256099,289.3285700165644,-0.5874354219856877,-0.5874354219856877,-0.57754815,-0.6647602824461405,-0.08721213619827672,0.009887275737823886,-0.07732486046045284,True
1.2589254117941662,41.26661222078493,300.2753689300697,-0.5622800083482566,-0.5622800083482566,-0.57155526,-0.6696713057269488,-0.09811604888338188,-0.009275248495310251,-0.10739129737869213,True
0.1258925411794166,39.7132385315927,304.62183232922587,-0.0026333306991948,-0.0026333306991948,-0.0066535473,0.06975089461600881,0.07640444190299611,-0.004020216587792505,0.07238422531520361,True
3.1622776601683795,42.543125490608695,301.3994726877767,-1.8879783553288472,-1.8879783553288472,-1.9079143,-1.7569205042750609,0.1509937766163576,-0.01993592556257129,0.1310578510537863,True
1.9952623149688828,38.422268984819695,304.0303353891022,-1.1756891915218146,-1.1756891915218146,-1.172114,-1.1351945260388305,0.036919488586718785,0.0035751768962652974,0.04049466548298408,True
3.981071705534969,39.62193192256099,289.3285700165644,-2.369725441909267,-2.369725441909267,-2.3233097,-2.1621017325505623,0.16120792740732348,0.046415781951381074,0.20762370935870456,True
31.622776601683796,41.26661222078493,300.2753689300697,-6.720135929424275,-6.720135929424275,-6.6838484,-6.4686699924171425,0.215178388625338,0.03628754838179482,0.2514659370071328,True
39.81071705534969,37.50931802222772,308.1655826328421,-6.636144106724738,-6.636144106724738,-6.580106,-6.674249559157516,-0.0941437776023406,0.05603832516956242,-0.038105452432778186,True
6.309573444801943,37.50931802222772,308.1655826328421,-3.2133935782232563,-3.2133935782232563,-3.1379337,-3.098894545905683,0.039039185173418645,0.07545984714415477,0.11449903231757341,True
