split,row_id,group_id
train,0,3765765162242439701
train,1,12816177013697617925
train,2,10539271283961051071
train,3,3371631208540637995
train,8,14547390297170085011
train,11,4253972365711734043
train,14,11643629726484600332
train,19,3494250555080783753
train,20,14100953261967155807
train,22,6517130074721695667
train,25,5857788625354206728
train,28,14988660033747214345
train,33,16164245777420927440
train,34,13370015301709921327
train,35,16501516911797089168
train,36,5144607327742428380
train,37,7155552337602576564
train,39,12935788499417564366
train,40,3779633422659776445
train,41,3779633422659776445
train,42,13161242281976296834
train,43,14100953261967155807
train,47,3494250555080783753
train,48,13867644369009061341
train,50,16164245777420927440
train,51,5144607327742428380
train,55,6517130074721695667
train,56,2033506848451370756
train,58,7311808897764695838
train,59,5127878088967066821
train,61,14100953261967155807
train,62,12112510911978131146
train,63,14988660033747214345
train,64,4106527973129540887
train,69,10395993465976512970
train,70,13806398585976261423
train,72,7311808897764695838
train,73,16164245777420927440
train,74,4253972365711734043
train,76,7286060296444835846
train,77,10743645008157788724
train,78,9184494546452176042
train,79,14100953261967155807
train,80,12849312948239067464
train,82,7286060296444835846
train,83,17608710593314742079
train,84,13867644369009061341
train,86,10539271283961051071
train,90,13806398585976261423
train,91,3765765162242439701
train,93,18026431441542812131
train,95,7126979072579706712
train,96,2216844718377656366
train,97,13867644369009061341
train,98,9184494546452176042
train,101,2216844718377656366
train,103,18026431441542812131
train,106,2860266914913243763
train,109,14082706842164037214
train,110,779010489516208886
train,111,15180030701036252205
train,113,5144607327742428380
train,114,16519722322841066187
train,115,11714911050137312102
train,121,12886194249589357920
train,123,12849312948239067464
train,124,18026431441542812131
train,126,433422742429117681
train,129,11643629726484600332
train,131,59563343903943478
train,133,10954724855113224492
train,136,2447368541047246097
train,137,2860266914913243763
train,140,2033506848451370756
train,143,14547390297170085011
train,144,16519722322841066187
train,147,9216328605101287225
train,149,13149960228396626776
train,150,7126979072579706712
train,152,4106527973129540887
train,154,10954724855113224492
train,157,3193110456536102066
train,158,3371631208540637995
train,159,7311808897764695838
train,162,2447368541047246097
train,163,4106527973129540887
train,164,7286060296444835846
train,167,6508029577517650568
train,169,13149960228396626776
train,170,1633077101789385956
train,171,4261926717090881150
train,176,8778145279652222064
train,177,2671493380122846465
train,179,16164245777420927440
train,180,9184494546452176042
train,184,2216844718377656366
train,185,7126979072579706712
train,186,12981595077382156139
train,187,4253972365711734043
train,188,12112510911978131146
train,195,7286060296444835846
train,197,13344013943894260190
train,198,15180030701036252205
train,200,6517130074721695667
train,201,7155552337602576564
train,203,433422742429117681
train,205,12935788499417564366
train,207,7538273554073210114
train,213,16069905982438259650
train,215,17951410366048416543
train,217,2671493380122846465
train,220,17608710593314742079
train,225,9029148243980292461
train,226,4253972365711734043
train,228,16501516911797089168
train,230,9029148243980292461
train,231,3779633422659776445
train,232,13867644369009061341
train,235,5127878088967066821
train,236,11643629726484600332
train,238,14547390297170085011
train,239,3193110456536102066
train,240,10743645008157788724
train,241,16164245777420927440
train,243,3212080770719938515
train,245,17951410366048416543
train,247,9728360064296503812
train,248,13640118791446356878
train,249,17485459239320075305
train,251,6508029577517650568
train,252,3744802582600429992
train,253,9184494546452176042
train,254,5144607327742428380
train,255,13806398585976261423
train,256,14100953261967155807
train,257,433422742429117681
train,259,10539271283961051071
train,262,3765765162242439701
train,263,9216328605101287225
train,268,14547390297170085011
train,269,10539271283961051071
train,271,15363031408316951214
train,273,11714911050137312102
train,274,16501516911797089168
train,277,7136007211031035799
train,281,7286060296444835846
train,286,10743645008157788724
train,289,59563343903943478
train,290,14100953261967155807
train,294,15180030701036252205
train,296,14988660033747214345
train,297,11032972375804727196
train,298,3212080770719938515
train,301,2216844718377656366
train,302,12112510911978131146
train,304,9029148243980292461
train,306,10954724855113224492
train,307,16501516911797089168
train,308,9029148243980292461
train,309,779010489516208886
train,310,11714911050137312102
train,311,7069279127234648490
train,313,7538273554073210114
train,314,13344013943894260190
train,315,3371631208540637995
train,316,5127878088967066821
train,318,11723817789070393620
train,325,7126979072579706712
train,327,3779633422659776445
train,328,1633077101789385956
train,329,13370015301709921327
train,330,12816177013697617925
train,331,7155552337602576564
train,332,2832837163574657009
train,334,12112510911978131146
train,335,3193110456536102066
train,336,11714911050137312102
train,337,14082706842164037214
train,342,14547390297170085011
train,344,13161242281976296834
train,346,5355939635520617484
train,349,9184494546452176042
train,350,9728360064296503812
train,353,17951410366048416543
train,355,10743645008157788724
train,356,16130397955524846863
train,357,11643629726484600332
train,358,3684234868495982631
train,360,11032972375804727196
train,363,4261926717090881150
train,365,5144607327742428380
train,366,3193110456536102066
train,368,7311808897764695838
train,369,3494250555080783753
train,370,10954724855113224492
train,371,14547390297170085011
train,372,10395993465976512970
train,378,4747465828158748725
train,379,15363031408316951214
train,381,3684234868495982631
train,384,14988660033747214345
train,385,7286060296444835846
train,386,16164245777420927440
train,389,11643629726484600332
train,392,59563343903943478
train,394,12935788499417564366
train,396,13161242281976296834
train,397,3494250555080783753
train,400,10539271283961051071
train,401,2359625090975412513
train,403,7155552337602576564
train,406,2359625090975412513
train,408,7136007211031035799
train,409,4835108955857078241
train,412,16519722322841066187
train,416,16519722322841066187
train,417,10395993465976512970
train,418,7126979072579706712
train,419,4747465828158748725
train,420,10954724855113224492
train,421,13867644369009061341
train,422,16069905982438259650
train,423,8778145279652222064
train,424,12849312948239067464
train,425,433422742429117681
train,430,6508029577517650568
train,431,3212080770719938515
train,433,17319768135093042826
train,434,12886194249589357920
train,435,17319768135093042826
train,436,13344013943894260190
train,437,4253972365711734043
train,438,16130397955524846863
train,439,12816177013697617925
train,440,4835108955857078241
train,441,3744802582600429992
train,447,8778145279652222064
train,450,779010489516208886
train,452,14988660033747214345
train,453,9728360064296503812
train,454,2359625090975412513
train,456,5127878088967066821
train,458,18058330792975761325
train,459,12886194249589357920
train,461,7126979072579706712
train,462,7538273554073210114
train,464,9184494546452176042
train,466,7286060296444835846
train,468,17608710593314742079
train,469,3744802582600429992
train,470,6517130074721695667
train,472,17485459239320075305
train,475,18026431441542812131
train,476,13640118791446356878
train,477,5355939635520617484
train,480,15180030701036252205
train,481,4747465828158748725
train,482,7155552337602576564
train,483,13344013943894260190
train,484,3684234868495982631
train,487,2447368541047246097
train,488,1633077101789385956
train,489,5355939635520617484
train,491,12849312948239067464
train,493,5144607327742428380
train,494,16519722322841066187
train,496,12112510911978131146
train,497,16164245777420927440
train,498,433422742429117681
train,499,15363031408316951214
train,501,2832837163574657009
train,505,13370015301709921327
train,508,689847661215077168
train,510,2860266914913243763
train,512,18026431441542812131
train,513,17938021924088880075
train,521,15180030701036252205
train,522,2860266914913243763
train,529,7311808897764695838
train,531,2860266914913243763
train,532,59563343903943478
train,534,10539271283961051071
train,535,12886194249589357920
train,536,3212080770719938515
train,537,17608710593314742079
train,539,17608710593314742079
train,540,12849312948239067464
train,542,5144607327742428380
train,543,10395993465976512970
train,545,7538273554073210114
train,546,12886194249589357920
train,547,7538273554073210114
train,548,8778145279652222064
train,553,10954724855113224492
train,555,12849312948239067464
train,560,3212080770719938515
train,563,2447368541047246097
train,566,6508029577517650568
train,567,9216328605101287225
train,570,17319768135093042826
train,571,14082706842164037214
train,572,2860266914913243763
train,575,4747465828158748725
train,576,3684234868495982631
train,580,14082706842164037214
train,582,16069905982438259650
train,590,4261926717090881150
train,591,13149960228396626776
train,592,12816177013697617925
train,595,13640118791446356878
train,596,16501516911797089168
train,598,9216328605101287225
train,600,14988660033747214345
train,601,3371631208540637995
train,602,17485459239320075305
train,603,3765765162242439701
train,604,2033506848451370756
train,607,779010489516208886
train,608,1633077101789385956
train,609,3765765162242439701
train,610,3371631208540637995
train,611,7538273554073210114
train,612,4261926717090881150
train,614,14082706842164037214
train,619,2033506848451370756
train,621,10395993465976512970
train,624,1633077101789385956
train,626,14100953261967155807
train,628,10954724855113224492
train,631,17938021924088880075
train,632,17938021924088880075
train,633,17938021924088880075
train,635,18058330792975761325
train,637,18058330792975761325
train,638,2033506848451370756
train,641,9029148243980292461
train,644,689847661215077168
train,646,3684234868495982631
train,652,11714911050137312102
train,653,13370015301709921327
train,654,13640118791446356878
train,656,6517130074721695667
train,658,59563343903943478
train,659,15363031408316951214
train,660,11723817789070393620
train,661,9728360064296503812
train,662,5857788625354206728
train,664,12849312948239067464
train,665,17938021924088880075
train,666,13149960228396626776
train,670,2447368541047246097
train,672,10743645008157788724
train,676,3684234868495982631
train,677,3193110456536102066
train,678,14082706842164037214
train,680,6517130074721695667
train,681,3779633422659776445
train,683,2216844718377656366
train,684,9184494546452176042
train,686,12981595077382156139
train,687,5355939635520617484
train,688,3371631208540637995
train,689,779010489516208886
train,691,16130397955524846863
train,695,4835108955857078241
train,697,11714911050137312102
train,700,7126979072579706712
train,702,17938021924088880075
train,704,5127878088967066821
train,706,6517130074721695667
train,710,3744802582600429992
train,711,16501516911797089168
train,717,59563343903943478
train,718,3744802582600429992
train,720,2359625090975412513
train,721,12849312948239067464
train,722,6898913632721408619
train,723,2860266914913243763
train,730,12816177013697617925
train,732,2671493380122846465
train,736,13867644369009061341
train,738,3744802582600429992
train,743,433422742429117681
train,744,59563343903943478
train,751,12935788499417564366
train,752,3684234868495982631
train,755,6898913632721408619
train,756,2216844718377656366
train,757,4835108955857078241
train,758,4835108955857078241
train,764,16519722322841066187
train,765,7069279127234648490
train,768,15180030701036252205
train,769,16164245777420927440
train,773,13149960228396626776
train,774,3193110456536102066
train,775,12112510911978131146
train,777,17951410366048416543
train,781,11643629726484600332
train,782,3684234868495982631
train,783,9216328605101287225
train,784,7286060296444835846
train,787,689847661215077168
train,788,4253972365711734043
train,789,5857788625354206728
train,795,14988660033747214345
train,796,3494250555080783753
train,798,10954724855113224492
train,799,4106527973129540887
train,802,15363031408316951214
train,803,6898913632721408619
train,804,16519722322841066187
train,805,6517130074721695667
train,809,8778145279652222064
train,810,3779633422659776445
train,811,4253972365711734043
train,812,3494250555080783753
train,813,5127878088967066821
train,814,2359625090975412513
train,815,5355939635520617484
train,816,433422742429117681
train,817,16130397955524846863
train,818,2033506848451370756
train,819,3744802582600429992
train,820,11714911050137312102
train,823,2832837163574657009
train,827,2832837163574657009
train,828,12849312948239067464
train,830,4253972365711734043
train,832,2447368541047246097
train,833,6898913632721408619
train,834,17951410366048416543
train,836,3744802582600429992
train,837,16519722322841066187
train,838,12981595077382156139
train,841,11723817789070393620
train,844,13370015301709921327
train,845,4253972365711734043
train,852,4106527973129540887
train,853,12112510911978131146
train,854,14082706842164037214
train,855,8778145279652222064
train,856,11723817789070393620
train,858,3765765162242439701
train,860,2860266914913243763
train,862,12935788499417564366
train,863,14082706842164037214
train,865,7136007211031035799
train,866,779010489516208886
train,868,11643629726484600332
train,869,9728360064296503812
train,870,10954724855113224492
train,871,3684234868495982631
train,872,3744802582600429992
train,873,3193110456536102066
train,875,4747465828158748725
train,876,6517130074721695667
train,878,15363031408316951214
train,880,7311808897764695838
train,882,9029148243980292461
train,884,3765765162242439701
train,886,16164245777420927440
train,888,14100953261967155807
train,890,13806398585976261423
train,891,18026431441542812131
train,893,11032972375804727196
train,894,1633077101789385956
train,895,17608710593314742079
train,896,13370015301709921327
train,897,12886194249589357920
train,899,9184494546452176042
train,904,1633077101789385956
train,907,17319768135093042826
train,908,17319768135093042826
train,909,10743645008157788724
train,910,7136007211031035799
train,912,689847661215077168
train,915,16130397955524846863
train,919,13640118791446356878
train,921,17485459239320075305
train,923,59563343903943478
train,925,2671493380122846465
train,926,4261926717090881150
train,931,13149960228396626776
train,932,433422742429117681
train,933,9029148243980292461
train,936,11032972375804727196
train,937,3193110456536102066
train,939,2671493380122846465
train,940,779010489516208886
train,941,4253972365711734043
train,943,6898913632721408619
train,944,12935788499417564366
train,949,7155552337602576564
train,950,2671493380122846465
train,951,13640118791446356878
train,952,17608710593314742079
train,954,2359625090975412513
train,955,7136007211031035799
train,957,4253972365711734043
train,958,2671493380122846465
train,960,18026431441542812131
train,961,9216328605101287225
train,964,18026431441542812131
train,966,3371631208540637995
train,967,11723817789070393620
train,968,4106527973129540887
train,970,17951410366048416543
train,973,7286060296444835846
train,974,11723817789070393620
train,975,10395993465976512970
train,976,12816177013697617925
train,977,7538273554073210114
train,979,7538273554073210114
train,980,3494250555080783753
train,982,3193110456536102066
train,983,13344013943894260190
train,985,4106527973129540887
train,989,2216844718377656366
train,990,59563343903943478
train,992,11714911050137312102
train,993,4835108955857078241
train,994,16164245777420927440
train,995,16501516911797089168
train,996,2359625090975412513
train,999,13370015301709921327
train,1001,4747465828158748725
train,1003,18058330792975761325
train,1006,13161242281976296834
train,1007,17485459239320075305
train,1010,11723817789070393620
train,1011,3193110456536102066
train,1012,10743645008157788724
train,1013,16069905982438259650
train,1014,6508029577517650568
train,1020,433422742429117681
train,1022,16501516911797089168
train,1024,4253972365711734043
train,1026,9728360064296503812
train,1028,4261926717090881150
train,1029,10395993465976512970
train,1031,11714911050137312102
train,1032,3212080770719938515
train,1033,2359625090975412513
train,1037,4106527973129540887
train,1038,689847661215077168
train,1040,17938021924088880075
train,1041,10743645008157788724
train,1043,5127878088967066821
train,1044,2359625090975412513
train,1045,17938021924088880075
train,1048,10539271283961051071
train,1052,14547390297170085011
train,1054,3684234868495982631
train,1055,11723817789070393620
train,1056,13640118791446356878
train,1057,10539271283961051071
train,1063,10743645008157788724
train,1064,5127878088967066821
train,1067,14100953261967155807
train,1069,10743645008157788724
train,1070,12112510911978131146
train,1071,2860266914913243763
train,1073,5127878088967066821
train,1076,3779633422659776445
train,1077,4261926717090881150
train,1078,9184494546452176042
train,1079,3212080770719938515
train,1081,6898913632721408619
train,1082,8778145279652222064
train,1084,16501516911797089168
train,1085,15180030701036252205
train,1086,13806398585976261423
train,1087,9184494546452176042
train,1088,5144607327742428380
train,1090,13370015301709921327
train,1092,4106527973129540887
train,1093,12849312948239067464
train,1096,4106527973129540887
train,1097,4261926717090881150
train,1098,14547390297170085011
train,1100,17951410366048416543
train,1102,6508029577517650568
train,1105,11032972375804727196
train,1108,7155552337602576564
train,1109,2033506848451370756
train,1111,7155552337602576564
train,1114,433422742429117681
train,1115,4261926717090881150
train,1118,7311808897764695838
train,1119,7286060296444835846
train,1120,5355939635520617484
train,1121,5857788625354206728
train,1122,13161242281976296834
train,1123,1633077101789385956
train,1127,9184494546452176042
train,1128,433422742429117681
train,1129,2671493380122846465
train,1131,17951410366048416543
train,1132,3494250555080783753
train,1133,9029148243980292461
train,1134,16069905982438259650
train,1136,689847661215077168
train,1139,17938021924088880075
train,1142,16130397955524846863
train,1143,18058330792975761325
train,1144,1633077101789385956
train,1147,17938021924088880075
train,1148,9728360064296503812
train,1151,9029148243980292461
train,1153,3212080770719938515
train,1154,8778145279652222064
train,1156,15180030701036252205
train,1157,7136007211031035799
train,1160,7136007211031035799
train,1161,7311808897764695838
train,1162,689847661215077168
train,1164,7155552337602576564
train,1168,6508029577517650568
train,1173,13640118791446356878
train,1176,12981595077382156139
train,1179,1633077101789385956
train,1180,13344013943894260190
train,1182,12816177013697617925
train,1183,7069279127234648490
train,1184,17951410366048416543
train,1196,17938021924088880075
train,1197,17485459239320075305
train,1198,4835108955857078241
train,1201,16069905982438259650
train,1203,7069279127234648490
train,1209,2832837163574657009
train,1213,14100953261967155807
train,1215,2671493380122846465
train,1216,13149960228396626776
train,1217,7136007211031035799
train,1218,4106527973129540887
train,1219,15180030701036252205
train,1221,7069279127234648490
train,1222,13640118791446356878
train,1223,10539271283961051071
train,1224,3684234868495982631
train,1226,10743645008157788724
train,1230,779010489516208886
train,1231,16069905982438259650
train,1234,14547390297170085011
train,1235,12886194249589357920
train,1238,4261926717090881150
train,1239,13344013943894260190
train,1240,17319768135093042826
train,1241,3371631208540637995
train,1242,14082706842164037214
train,1243,5857788625354206728
train,1246,12112510911978131146
train,1247,12935788499417564366
train,1251,2359625090975412513
train,1253,6508029577517650568
train,1254,13867644369009061341
train,1255,6898913632721408619
train,1257,3494250555080783753
train,1259,7538273554073210114
train,1262,7155552337602576564
train,1263,9184494546452176042
train,1264,6517130074721695667
train,1268,16519722322841066187
train,1269,9728360064296503812
train,1271,2860266914913243763
train,1274,16069905982438259650
train,1275,11032972375804727196
train,1279,12981595077382156139
train,1280,3193110456536102066
train,1282,17485459239320075305
train,1284,2359625090975412513
train,1285,12816177013697617925
train,1286,13149960228396626776
train,1288,10743645008157788724
train,1289,9728360064296503812
train,1291,18058330792975761325
train,1292,4835108955857078241
train,1296,2447368541047246097
train,1297,3193110456536102066
train,1298,5127878088967066821
train,1302,18026431441542812131
train,1304,12935788499417564366
train,1307,779010489516208886
train,1309,7311808897764695838
train,1310,16501516911797089168
train,1312,3779633422659776445
train,1313,3779633422659776445
train,1314,10395993465976512970
train,1319,17485459239320075305
train,1320,17938021924088880075
train,1322,12886194249589357920
train,1323,6508029577517650568
train,1326,6508029577517650568
train,1327,5857788625354206728
train,1328,3371631208540637995
train,1330,16069905982438259650
train,1333,10954724855113224492
train,1340,13806398585976261423
train,1341,12981595077382156139
train,1343,16069905982438259650
train,1344,6898913632721408619
train,1347,2033506848451370756
train,1348,18058330792975761325
train,1349,779010489516208886
train,1356,7069279127234648490
train,1357,16130397955524846863
train,1358,13149960228396626776
train,1359,3371631208540637995
train,1360,16519722322841066187
train,1361,10395993465976512970
train,1363,13867644369009061341
train,1367,3779633422659776445
train,1373,3765765162242439701
train,1375,3193110456536102066
train,1376,4747465828158748725
train,1377,13161242281976296834
train,1380,2832837163574657009
train,1381,3494250555080783753
train,1383,15180030701036252205
train,1385,17485459239320075305
train,1386,7538273554073210114
train,1387,3765765162242439701
train,1389,3212080770719938515
train,1392,3779633422659776445
train,1393,779010489516208886
train,1394,4747465828158748725
train,1395,7069279127234648490
train,1396,9184494546452176042
train,1401,9728360064296503812
train,1402,12935788499417564366
train,1405,2216844718377656366
train,1407,4747465828158748725
train,1409,779010489516208886
train,1411,59563343903943478
train,1412,18026431441542812131
train,1413,11032972375804727196
train,1414,4253972365711734043
train,1415,3212080770719938515
train,1416,4835108955857078241
train,1417,3779633422659776445
train,1420,12849312948239067464
train,1421,13161242281976296834
train,1426,13161242281976296834
train,1427,18026431441542812131
train,1428,13149960228396626776
train,1433,7155552337602576564
train,1434,7069279127234648490
train,1435,689847661215077168
train,1436,7286060296444835846
train,1440,9029148243980292461
train,1442,13344013943894260190
train,1443,7069279127234648490
train,1444,11723817789070393620
train,1445,17319768135093042826
train,1448,3371631208540637995
train,1450,13806398585976261423
train,1451,9216328605101287225
train,1453,16130397955524846863
train,1455,2033506848451370756
train,1458,4253972365711734043
train,1461,11032972375804727196
train,1462,4253972365711734043
train,1467,13149960228396626776
train,1470,7538273554073210114
train,1471,15363031408316951214
train,1472,17608710593314742079
train,1475,5144607327742428380
train,1480,2671493380122846465
train,1481,9216328605101287225
train,1482,3371631208540637995
train,1486,12112510911978131146
train,1487,4747465828158748725
train,1489,11643629726484600332
train,1491,2216844718377656366
train,1493,4261926717090881150
train,1494,5144607327742428380
train,1495,2216844718377656366
train,1496,2359625090975412513
train,1498,15363031408316951214
train,1500,6898913632721408619
train,1501,14547390297170085011
train,1502,5857788625354206728
train,1504,5144607327742428380
train,1505,4835108955857078241
train,1506,17951410366048416543
train,1508,3744802582600429992
train,1509,16164245777420927440
train,1510,6508029577517650568
train,1511,7311808897764695838
train,1517,13806398585976261423
train,1521,3744802582600429992
train,1522,4261926717090881150
train,1523,9029148243980292461
train,1524,3684234868495982631
train,1527,4261926717090881150
train,1529,9216328605101287225
train,1530,10539271283961051071
train,1531,14547390297170085011
train,1534,5127878088967066821
train,1535,7126979072579706712
train,1536,16069905982438259650
train,1537,13640118791446356878
train,1541,17938021924088880075
train,1543,17951410366048416543
train,1544,9216328605101287225
train,1545,3193110456536102066
train,1549,12816177013697617925
train,1550,3494250555080783753
train,1552,7069279127234648490
train,1553,3494250555080783753
train,1554,17319768135093042826
train,1555,12981595077382156139
train,1557,12981595077382156139
train,1559,7069279127234648490
train,1562,8778145279652222064
train,1564,12935788499417564366
train,1567,2832837163574657009
train,1568,14988660033747214345
train,1569,9728360064296503812
train,1570,13344013943894260190
train,1572,3371631208540637995
train,1573,2832837163574657009
train,1574,18058330792975761325
train,1581,17951410366048416543
train,1582,7311808897764695838
train,1583,5857788625354206728
train,1584,12112510911978131146
train,1585,9728360064296503812
train,1588,14547390297170085011
train,1594,6508029577517650568
train,1595,10395993465976512970
train,1596,9216328605101287225
train,1601,13344013943894260190
train,1602,13806398585976261423
train,1603,689847661215077168
train,1605,14988660033747214345
train,1606,2671493380122846465
train,1609,2216844718377656366
train,1614,9216328605101287225
train,1619,12886194249589357920
train,1620,2832837163574657009
train,1622,12886194249589357920
train,1623,16519722322841066187
train,1626,16164245777420927440
train,1628,13867644369009061341
train,1630,17485459239320075305
train,1632,12849312948239067464
train,1633,15363031408316951214
train,1634,13370015301709921327
train,1635,7136007211031035799
train,1636,5127878088967066821
train,1639,2359625090975412513
train,1640,10954724855113224492
train,1641,10539271283961051071
train,1645,10954724855113224492
train,1652,17319768135093042826
train,1657,4747465828158748725
train,1659,12112510911978131146
train,1661,7155552337602576564
train,1662,11032972375804727196
train,1663,16130397955524846863
train,1665,1633077101789385956
train,1667,12981595077382156139
train,1671,13370015301709921327
train,1677,14082706842164037214
train,1678,433422742429117681
train,1679,2359625090975412513
train,1681,12935788499417564366
train,1682,16130397955524846863
train,1684,10954724855113224492
train,1685,6898913632721408619
train,1688,9184494546452176042
train,1689,4106527973129540887
train,1690,12816177013697617925
train,1693,10743645008157788724
train,1694,7286060296444835846
train,1695,15363031408316951214
train,1698,10743645008157788724
train,1699,6517130074721695667
train,1704,11723817789070393620
train,1706,1633077101789385956
train,1707,13867644369009061341
train,1711,18026431441542812131
train,1714,12981595077382156139
train,1715,10539271283961051071
train,1718,4253972365711734043
train,1721,15363031408316951214
train,1724,2447368541047246097
train,1725,13806398585976261423
train,1727,16069905982438259650
train,1729,6508029577517650568
train,1731,11714911050137312102
train,1732,433422742429117681
train,1734,10539271283961051071
train,1735,10395993465976512970
train,1738,4261926717090881150
train,1739,12935788499417564366
train,1740,7069279127234648490
train,1745,6517130074721695667
train,1746,7538273554073210114
train,1747,15180030701036252205
train,1748,17951410366048416543
train,1749,13867644369009061341
train,1754,12886194249589357920
train,1755,13867644369009061341
train,1756,2447368541047246097
train,1757,17485459239320075305
train,1760,12981595077382156139
train,1763,9216328605101287225
train,1766,2447368541047246097
train,1767,10395993465976512970
train,1768,12816177013697617925
train,1769,14988660033747214345
train,1770,6898913632721408619
train,1771,17938021924088880075
train,1772,689847661215077168
train,1774,17485459239320075305
train,1776,7311808897764695838
train,1777,3212080770719938515
train,1781,12816177013697617925
train,1782,7155552337602576564
train,1783,14547390297170085011
train,1785,17485459239320075305
train,1786,12112510911978131146
train,1787,7286060296444835846
train,1790,17951410366048416543
train,1791,12981595077382156139
train,1792,12112510911978131146
train,1794,2447368541047246097
train,1795,13370015301709921327
train,1799,11643629726484600332
train,1802,13161242281976296834
train,1808,13806398585976261423
train,1809,11643629726484600332
train,1812,5355939635520617484
train,1813,12112510911978131146
train,1816,11643629726484600332
train,1819,2216844718377656366
train,1820,2832837163574657009
train,1821,8778145279652222064
train,1822,17319768135093042826
train,1823,1633077101789385956
train,1825,16069905982438259650
train,1826,3744802582600429992
train,1829,13149960228396626776
train,1830,2033506848451370756
train,1831,14988660033747214345
train,1832,6898913632721408619
train,1833,2832837163574657009
train,1834,13806398585976261423
train,1836,17485459239320075305
train,1840,433422742429117681
train,1841,3193110456536102066
train,1842,7136007211031035799
train,1843,16130397955524846863
train,1844,6508029577517650568
train,1846,7069279127234648490
train,1847,433422742429117681
train,1849,433422742429117681
train,1850,2671493380122846465
train,1852,13161242281976296834
train,1854,13806398585976261423
train,1857,17608710593314742079
train,1858,11723817789070393620
train,1859,13344013943894260190
train,1860,7311808897764695838
train,1864,11723817789070393620
train,1868,11723817789070393620
train,1871,5355939635520617484
train,1875,5127878088967066821
train,1876,2447368541047246097
train,1878,3371631208540637995
train,1879,3765765162242439701
train,1881,17319768135093042826
train,1883,10395993465976512970
train,1884,7538273554073210114
train,1886,17319768135093042826
train,1888,2033506848451370756
train,1891,2832837163574657009
train,1897,8778145279652222064
train,1898,12981595077382156139
train,1899,7538273554073210114
train,1902,15363031408316951214
train,1905,11032972375804727196
train,1907,6517130074721695667
train,1908,15180030701036252205
train,1909,7126979072579706712
train,1911,13370015301709921327
train,1913,13867644369009061341
train,1914,7286060296444835846
train,1916,13867644369009061341
train,1918,8778145279652222064
train,1920,3779633422659776445
train,1922,5355939635520617484
train,1923,1633077101789385956
train,1924,4261926717090881150
train,1925,13149960228396626776
train,1927,10743645008157788724
train,1929,12935788499417564366
train,1930,5857788625354206728
train,1931,7069279127234648490
train,1934,16069905982438259650
train,1935,3684234868495982631
train,1936,11714911050137312102
train,1938,13161242281976296834
train,1939,17319768135093042826
train,1941,2832837163574657009
train,1944,10539271283961051071
train,1945,2671493380122846465
train,1946,5127878088967066821
train,1947,4747465828158748725
train,1948,5355939635520617484
train,1952,2359625090975412513
train,1953,7126979072579706712
train,1955,16164245777420927440
train,1956,5355939635520617484
train,1957,17485459239320075305
train,1958,5355939635520617484
train,1960,4747465828158748725
train,1962,7286060296444835846
train,1963,9184494546452176042
train,1964,9029148243980292461
train,1965,10954724855113224492
train,1971,11032972375804727196
train,1974,13640118791446356878
train,1978,14082706842164037214
train,1981,12849312948239067464
train,1982,7126979072579706712
train,1983,10954724855113224492
train,1985,4835108955857078241
train,1989,11643629726484600332
train,1994,3371631208540637995
train,1995,13370015301709921327
train,1997,17938021924088880075
train,1998,7136007211031035799
train,2000,12849312948239067464
train,2005,15363031408316951214
train,2007,15363031408316951214
train,2008,9728360064296503812
train,2013,2860266914913243763
train,2015,7126979072579706712
train,2016,10395993465976512970
train,2018,6517130074721695667
train,2021,13149960228396626776
train,2022,11643629726484600332
train,2024,13161242281976296834
train,2026,3684234868495982631
train,2027,8778145279652222064
train,2031,5127878088967066821
train,2032,1633077101789385956
train,2034,18026431441542812131
train,2035,16519722322841066187
train,2041,14988660033747214345
train,2044,4106527973129540887
train,2045,2447368541047246097
train,2049,11643629726484600332
train,2050,14988660033747214345
train,2051,12935788499417564366
train,2052,3779633422659776445
train,2054,689847661215077168
train,2060,2359625090975412513
train,2062,17608710593314742079
train,2063,5144607327742428380
train,2064,9029148243980292461
train,2068,2671493380122846465
train,2069,18026431441542812131
train,2071,10539271283961051071
train,2073,16501516911797089168
train,2074,17951410366048416543
train,2076,59563343903943478
train,2078,3193110456536102066
train,2079,3684234868495982631
train,2081,11714911050137312102
train,2082,13344013943894260190
train,2084,14100953261967155807
train,2085,7126979072579706712
train,2086,3371631208540637995
train,2089,14547390297170085011
train,2090,16519722322841066187
train,2091,11714911050137312102
train,2092,13640118791446356878
train,2094,3684234868495982631
train,2095,15180030701036252205
train,2097,2671493380122846465
train,2099,9216328605101287225
train,2104,13161242281976296834
train,2106,7126979072579706712
train,2107,3212080770719938515
train,2109,2216844718377656366
train,2110,10954724855113224492
train,2111,12886194249589357920
train,2113,7155552337602576564
train,2116,59563343903943478
train,2121,779010489516208886
train,2123,4106527973129540887
train,2124,3765765162242439701
train,2125,16164245777420927440
train,2127,4747465828158748725
train,2128,12849312948239067464
train,2130,4747465828158748725
train,2131,18058330792975761325
train,2134,17951410366048416543
train,2136,13370015301709921327
train,2140,5355939635520617484
train,2144,16501516911797089168
train,2145,14082706842164037214
train,2147,2216844718377656366
train,2149,4835108955857078241
train,2152,10395993465976512970
train,2153,14988660033747214345
train,2155,12935788499417564366
train,2156,17608710593314742079
train,2162,9184494546452176042
train,2164,2033506848451370756
train,2165,12112510911978131146
train,2166,689847661215077168
train,2168,5144607327742428380
train,2169,13161242281976296834
train,2171,2447368541047246097
train,2176,13640118791446356878
train,2177,9728360064296503812
train,2179,7136007211031035799
train,2181,3744802582600429992
train,2185,9029148243980292461
train,2187,6898913632721408619
train,2189,13806398585976261423
train,2191,2447368541047246097
train,2192,15363031408316951214
train,2193,3494250555080783753
train,2195,12981595077382156139
train,2196,14082706842164037214
train,2198,7069279127234648490
train,2199,4835108955857078241
train,2200,11723817789070393620
train,2201,11643629726484600332
train,2205,12816177013697617925
train,2206,12886194249589357920
train,2207,17608710593314742079
train,2208,18058330792975761325
train,2209,4106527973129540887
train,2210,3212080770719938515
train,2211,5144607327742428380
train,2212,15180030701036252205
train,2213,2033506848451370756
train,2214,9029148243980292461
train,2216,16130397955524846863
train,2217,59563343903943478
train,2218,18058330792975761325
train,2220,14100953261967155807
train,2225,8778145279652222064
train,2227,16069905982438259650
train,2230,5355939635520617484
train,2232,2033506848451370756
train,2234,7155552337602576564
train,2235,11723817789070393620
train,2236,11723817789070393620
train,2242,13344013943894260190
train,2243,13161242281976296834
train,2244,17485459239320075305
train,2247,5857788625354206728
train,2250,7311808897764695838
train,2253,7538273554073210114
train,2254,12886194249589357920
train,2255,2671493380122846465
train,2256,12981595077382156139
train,2257,15180030701036252205
train,2261,3744802582600429992
train,2265,2860266914913243763
train,2266,4747465828158748725
train,2269,5857788625354206728
train,2270,5355939635520617484
train,2272,13344013943894260190
train,2273,14988660033747214345
train,2276,59563343903943478
train,2280,16130397955524846863
train,2282,689847661215077168
train,2283,1633077101789385956
train,2285,12816177013697617925
train,2286,9728360064296503812
train,2288,2860266914913243763
train,2292,16501516911797089168
train,2294,2216844718377656366
train,2296,13867644369009061341
train,2297,16519722322841066187
train,2298,3744802582600429992
train,2299,6508029577517650568
train,2302,7136007211031035799
train,2304,18058330792975761325
train,2305,3494250555080783753
train,2306,14082706842164037214
train,2307,13640118791446356878
train,2309,3494250555080783753
train,2312,689847661215077168
train,2314,14547390297170085011
train,2315,7155552337602576564
train,2319,17608710593314742079
train,2321,13149960228396626776
train,2325,12886194249589357920
train,2327,6898913632721408619
train,2329,3765765162242439701
train,2330,4835108955857078241
train,2331,10743645008157788724
train,2333,18058330792975761325
train,2334,3494250555080783753
train,2337,12816177013697617925
train,2342,18026431441542812131
train,2345,11032972375804727196
train,2346,7126979072579706712
train,2347,14988660033747214345
train,2348,13370015301709921327
train,2350,16501516911797089168
train,2351,4835108955857078241
train,2353,5857788625354206728
train,2354,7136007211031035799
train,2355,59563343903943478
train,2356,689847661215077168
train,2358,3765765162242439701
train,2360,16164245777420927440
train,2361,3212080770719938515
train,2365,5127878088967066821
train,2366,17319768135093042826
train,2368,11714911050137312102
train,2369,6508029577517650568
train,2370,3744802582600429992
train,2371,5144607327742428380
train,2372,8778145279652222064
train,2379,3779633422659776445
train,2380,3765765162242439701
train,2381,2860266914913243763
train,2382,59563343903943478
train,2384,12816177013697617925
train,2387,2832837163574657009
train,2388,17608710593314742079
train,2389,15363031408316951214
train,2390,6517130074721695667
train,2391,9216328605101287225
train,2392,2860266914913243763
train,2393,3212080770719938515
train,2395,16164245777420927440
train,2397,7136007211031035799
train,2398,18058330792975761325
train,2399,14100953261967155807
train,2401,6898913632721408619
train,2403,4106527973129540887
train,2405,779010489516208886
train,2407,17938021924088880075
train,2410,5857788625354206728
train,2411,11032972375804727196
train,2417,2832837163574657009
train,2420,10395993465976512970
train,2421,16069905982438259650
train,2422,16501516911797089168
train,2424,9728360064296503812
train,2425,11714911050137312102
train,2427,17319768135093042826
train,2428,16130397955524846863
train,2431,5857788625354206728
train,2432,10539271283961051071
train,2434,16130397955524846863
train,2437,13640118791446356878
train,2440,16130397955524846863
train,2441,11643629726484600332
train,2442,13867644369009061341
train,2443,2447368541047246097
train,2444,15180030701036252205
train,2446,14082706842164037214
train,2448,13640118791446356878
train,2449,2860266914913243763
train,2450,4261926717090881150
train,2451,5857788625354206728
train,2452,779010489516208886
train,2454,7311808897764695838
train,2455,11714911050137312102
train,2458,18026431441542812131
train,2459,14082706842164037214
train,2460,13370015301709921327
train,2463,13344013943894260190
train,2465,12935788499417564366
train,2472,13149960228396626776
train,2474,3212080770719938515
train,2476,8778145279652222064
train,2477,18058330792975761325
train,2479,7136007211031035799
train,2480,7311808897764695838
train,2481,2216844718377656366
train,2482,11032972375804727196
train,2488,5355939635520617484
train,2490,13806398585976261423
train,2491,7286060296444835846
train,2493,13161242281976296834
train,2494,12981595077382156139
train,2495,6517130074721695667
train,2496,3779633422659776445
train,2497,11032972375804727196
train,2498,7069279127234648490
train,2499,14100953261967155807
train,2500,17319768135093042826
train,2502,2033506848451370756
train,2503,13806398585976261423
train,2504,9216328605101287225
train,2506,16519722322841066187
train,2508,17608710593314742079
train,2510,14100953261967155807
train,2511,4835108955857078241
train,2512,18058330792975761325
train,2513,2033506848451370756
train,2518,16519722322841066187
train,2519,14100953261967155807
train,2520,12849312948239067464
train,2522,9029148243980292461
train,2523,16501516911797089168
train,2524,17608710593314742079
train,2526,3765765162242439701
train,2529,2832837163574657009
train,2533,3765765162242439701
train,2534,12886194249589357920
train,2539,14547390297170085011
train,2540,7126979072579706712
train,2543,7538273554073210114
train,2547,5144607327742428380
train,2550,6898913632721408619
train,2552,13344013943894260190
train,2554,5857788625354206728
train,2556,779010489516208886
train,2558,11032972375804727196
train,2559,689847661215077168
validation,4,3703347433873037581
validation,18,4837710515318421738
validation,21,13753303497944442308
validation,27,6305389621858259219
validation,29,15255519671477510073
validation,60,9151669764478585745
validation,85,8562678507013604755
validation,94,3703347433873037581
validation,107,7296031158140813817
validation,130,3703347433873037581
validation,141,903425415547655004
validation,142,8562678507013604755
validation,146,6305389621858259219
validation,155,6305389621858259219
validation,161,903425415547655004
validation,173,4837710515318421738
validation,189,15255519671477510073
validation,192,5637171177688138856
validation,196,903425415547655004
validation,199,903425415547655004
validation,212,6305389621858259219
validation,216,15255519671477510073
validation,223,10893922623691634355
validation,261,7296031158140813817
validation,265,6305389621858259219
validation,267,5302328922938549098
validation,270,3703347433873037581
validation,276,903425415547655004
validation,283,13753303497944442308
validation,284,5637171177688138856
validation,285,15255519671477510073
validation,287,7296031158140813817
validation,292,15255519671477510073
validation,319,13753303497944442308
validation,333,5637171177688138856
validation,364,13753303497944442308
validation,383,10893922623691634355
validation,387,9151669764478585745
validation,405,903425415547655004
validation,415,903425415547655004
validation,429,5637171177688138856
validation,473,14435728251762431223
validation,485,5302328922938549098
validation,504,9151669764478585745
validation,507,5637171177688138856
validation,514,5302328922938549098
validation,541,903425415547655004
validation,550,5637171177688138856
validation,552,9151669764478585745
validation,556,13753303497944442308
validation,573,5302328922938549098
validation,597,10893922623691634355
validation,605,903425415547655004
validation,618,903425415547655004
validation,625,13753303497944442308
validation,642,3703347433873037581
validation,648,13753303497944442308
validation,675,9151669764478585745
validation,692,5302328922938549098
validation,715,8562678507013604755
validation,737,10893922623691634355
validation,745,5302328922938549098
validation,747,8562678507013604755
validation,753,5637171177688138856
validation,779,5637171177688138856
validation,780,13753303497944442308
validation,791,7296031158140813817
validation,792,15255519671477510073
validation,793,14435728251762431223
validation,794,14435728251762431223
validation,807,4837710515318421738
validation,822,6305389621858259219
validation,825,4837710515318421738
validation,839,5302328922938549098
validation,851,5302328922938549098
validation,900,9151669764478585745
validation,922,9151669764478585745
validation,942,6305389621858259219
validation,945,15255519671477510073
validation,946,7296031158140813817
validation,947,903425415547655004
validation,948,8562678507013604755
validation,959,13753303497944442308
validation,971,8562678507013604755
validation,1015,15255519671477510073
validation,1023,7296031158140813817
validation,1027,14435728251762431223
validation,1030,903425415547655004
validation,1049,15255519671477510073
validation,1050,9151669764478585745
validation,1072,10893922623691634355
validation,1117,3703347433873037581
validation,1130,5302328922938549098
validation,1145,10893922623691634355
validation,1163,7296031158140813817
validation,1181,13753303497944442308
validation,1199,4837710515318421738
validation,1214,7296031158140813817
validation,1236,9151669764478585745
validation,1250,903425415547655004
validation,1261,5302328922938549098
validation,1272,903425415547655004
validation,1277,14435728251762431223
validation,1283,14435728251762431223
validation,1299,5302328922938549098
validation,1336,3703347433873037581
validation,1337,6305389621858259219
validation,1338,3703347433873037581
validation,1351,8562678507013604755
validation,1362,4837710515318421738
validation,1366,4837710515318421738
validation,1369,10893922623691634355
validation,1382,7296031158140813817
validation,1410,14435728251762431223
validation,1418,7296031158140813817
validation,1422,9151669764478585745
validation,1425,4837710515318421738
validation,1459,13753303497944442308
validation,1468,7296031158140813817
validation,1476,15255519671477510073
validation,1490,6305389621858259219
validation,1516,14435728251762431223
validation,1519,8562678507013604755
validation,1538,5637171177688138856
validation,1539,3703347433873037581
validation,1540,3703347433873037581
validation,1551,13753303497944442308
validation,1558,7296031158140813817
validation,1571,9151669764478585745
validation,1613,3703347433873037581
validation,1629,5637171177688138856
validation,1647,14435728251762431223
validation,1666,8562678507013604755
validation,1670,6305389621858259219
validation,1672,8562678507013604755
validation,1686,5637171177688138856
validation,1716,8562678507013604755
validation,1737,6305389621858259219
validation,1753,6305389621858259219
validation,1775,10893922623691634355
validation,1779,5637171177688138856
validation,1784,5637171177688138856
validation,1788,13753303497944442308
validation,1804,13753303497944442308
validation,1817,3703347433873037581
validation,1839,6305389621858259219
validation,1851,8562678507013604755
validation,1853,8562678507013604755
validation,1865,7296031158140813817
validation,1866,15255519671477510073
validation,1870,9151669764478585745
validation,1887,10893922623691634355
validation,1890,4837710515318421738
validation,1904,3703347433873037581
validation,1943,10893922623691634355
validation,1961,14435728251762431223
validation,1968,7296031158140813817
validation,1979,13753303497944442308
validation,1987,5302328922938549098
validation,2001,14435728251762431223
validation,2002,4837710515318421738
validation,2004,5302328922938549098
validation,2014,4837710515318421738
validation,2017,14435728251762431223
validation,2025,7296031158140813817
validation,2030,10893922623691634355
validation,2057,10893922623691634355
validation,2065,8562678507013604755
validation,2067,10893922623691634355
validation,2100,13753303497944442308
validation,2103,8562678507013604755
validation,2105,10893922623691634355
validation,2112,15255519671477510073
validation,2119,3703347433873037581
validation,2174,4837710515318421738
validation,2175,903425415547655004
validation,2188,10893922623691634355
validation,2190,3703347433873037581
validation,2203,14435728251762431223
validation,2251,5302328922938549098
validation,2301,6305389621858259219
validation,2308,8562678507013604755
validation,2317,5637171177688138856
validation,2326,10893922623691634355
validation,2344,4837710515318421738
validation,2359,4837710515318421738
validation,2363,903425415547655004
validation,2364,4837710515318421738
validation,2394,9151669764478585745
validation,2406,3703347433873037581
validation,2408,6305389621858259219
validation,2412,9151669764478585745
validation,2430,9151669764478585745
validation,2438,5637171177688138856
validation,2445,14435728251762431223
validation,2466,6305389621858259219
validation,2468,5302328922938549098
validation,2471,15255519671477510073
validation,2475,15255519671477510073
validation,2485,4837710515318421738
validation,2487,5637171177688138856
validation,2505,9151669764478585745
validation,2507,15255519671477510073
validation,2515,15255519671477510073
validation,2536,14435728251762431223
validation,2538,7296031158140813817
validation,2541,5302328922938549098
validation,2549,14435728251762431223
calibration,12,7464429288297915064
calibration,16,833253205382390921
calibration,24,11854955608364436255
calibration,30,3933886296999063760
calibration,31,222992878073105781
calibration,38,8793357247245534573
calibration,45,3933886296999063760
calibration,52,1378160361063041439
calibration,57,4757004652079025251
calibration,65,6563696386679920944
calibration,66,6563696386679920944
calibration,67,14219469232104377133
calibration,75,11892504857466714026
calibration,81,7464429288297915064
calibration,99,14219469232104377133
calibration,102,11892504857466714026
calibration,105,6563696386679920944
calibration,118,18393380424088899902
calibration,120,10829525609740651031
calibration,125,18237334030368139870
calibration,134,603198139025932464
calibration,135,2124884718484563516
calibration,148,18237334030368139870
calibration,168,14219469232104377133
calibration,191,15854623793106210877
calibration,202,18393380424088899902
calibration,204,10829525609740651031
calibration,206,10990274489596691850
calibration,209,11854955608364436255
calibration,210,10990274489596691850
calibration,218,4757004652079025251
calibration,222,3933886296999063760
calibration,227,15854623793106210877
calibration,237,8793357247245534573
calibration,244,10829525609740651031
calibration,258,2124884718484563516
calibration,266,14219469232104377133
calibration,279,1378160361063041439
calibration,282,10990274489596691850
calibration,299,18237334030368139870
calibration,300,833253205382390921
calibration,324,13304175874445473708
calibration,345,833253205382390921
calibration,390,10990274489596691850
calibration,391,10990274489596691850
calibration,395,4757004652079025251
calibration,410,833253205382390921
calibration,427,4757004652079025251
calibration,446,11854955608364436255
calibration,448,18237334030368139870
calibration,449,14219469232104377133
calibration,457,3933886296999063760
calibration,465,11854955608364436255
calibration,467,10829525609740651031
calibration,478,7464429288297915064
calibration,479,18393380424088899902
calibration,490,14219469232104377133
calibration,492,1378160361063041439
calibration,495,6563696386679920944
calibration,502,18237334030368139870
calibration,511,8793357247245534573
calibration,516,15854623793106210877
calibration,518,603198139025932464
calibration,524,15854623793106210877
calibration,533,2124884718484563516
calibration,538,18237334030368139870
calibration,559,18237334030368139870
calibration,568,10990274489596691850
calibration,577,4757004652079025251
calibration,583,3933886296999063760
calibration,588,15854623793106210877
calibration,589,15854623793106210877
calibration,593,15854623793106210877
calibration,594,14219469232104377133
calibration,613,13304175874445473708
calibration,622,2124884718484563516
calibration,629,222992878073105781
calibration,643,8793357247245534573
calibration,645,13304175874445473708
calibration,647,222992878073105781
calibration,651,15854623793106210877
calibration,657,10829525609740651031
calibration,673,6563696386679920944
calibration,685,2124884718484563516
calibration,698,833253205382390921
calibration,699,10829525609740651031
calibration,701,15854623793106210877
calibration,708,1378160361063041439
calibration,712,603198139025932464
calibration,714,603198139025932464
calibration,724,4757004652079025251
calibration,726,14219469232104377133
calibration,729,14219469232104377133
calibration,734,1378160361063041439
calibration,741,18237334030368139870
calibration,746,18237334030368139870
calibration,760,222992878073105781
calibration,772,7464429288297915064
calibration,776,8793357247245534573
calibration,785,833253205382390921
calibration,806,14219469232104377133
calibration,831,2124884718484563516
calibration,846,15854623793106210877
calibration,850,10990274489596691850
calibration,861,18393380424088899902
calibration,879,2124884718484563516
calibration,881,6563696386679920944
calibration,883,3933886296999063760
calibration,887,14219469232104377133
calibration,889,3933886296999063760
calibration,901,10829525609740651031
calibration,916,18393380424088899902
calibration,917,18237334030368139870
calibration,918,833253205382390921
calibration,920,6563696386679920944
calibration,929,6563696386679920944
calibration,953,10990274489596691850
calibration,969,18393380424088899902
calibration,978,14219469232104377133
calibration,997,10990274489596691850
calibration,1005,11854955608364436255
calibration,1018,4757004652079025251
calibration,1039,13304175874445473708
calibration,1042,11854955608364436255
calibration,1058,11854955608364436255
calibration,1066,1378160361063041439
calibration,1080,833253205382390921
calibration,1099,6563696386679920944
calibration,1104,7464429288297915064
calibration,1106,10829525609740651031
calibration,1112,3933886296999063760
calibration,1116,1378160361063041439
calibration,1124,10829525609740651031
calibration,1137,10829525609740651031
calibration,1138,18237334030368139870
calibration,1150,833253205382390921
calibration,1166,833253205382390921
calibration,1172,6563696386679920944
calibration,1177,10990274489596691850
calibration,1185,4757004652079025251
calibration,1190,10990274489596691850
calibration,1191,833253205382390921
calibration,1194,11892504857466714026
calibration,1195,603198139025932464
calibration,1205,8793357247245534573
calibration,1208,11892504857466714026
calibration,1211,14219469232104377133
calibration,1212,11854955608364436255
calibration,1229,13304175874445473708
calibration,1265,1378160361063041439
calibration,1278,222992878073105781
calibration,1287,15854623793106210877
calibration,1303,3933886296999063760
calibration,1315,11854955608364436255
calibration,1316,1378160361063041439
calibration,1318,7464429288297915064
calibration,1329,15854623793106210877
calibration,1334,8793357247245534573
calibration,1342,13304175874445473708
calibration,1352,15854623793106210877
calibration,1355,11892504857466714026
calibration,1364,603198139025932464
calibration,1365,8793357247245534573
calibration,1368,3933886296999063760
calibration,1372,6563696386679920944
calibration,1378,222992878073105781
calibration,1391,8793357247245534573
calibration,1397,4757004652079025251
calibration,1398,13304175874445473708
calibration,1438,13304175874445473708
calibration,1441,7464429288297915064
calibration,1460,11892504857466714026
calibration,1463,1378160361063041439
calibration,1465,18393380424088899902
calibration,1479,222992878073105781
calibration,1488,833253205382390921
calibration,1514,1378160361063041439
calibration,1533,7464429288297915064
calibration,1556,3933886296999063760
calibration,1561,18393380424088899902
calibration,1566,4757004652079025251
calibration,1576,222992878073105781
calibration,1577,8793357247245534573
calibration,1578,3933886296999063760
calibration,1589,11892504857466714026
calibration,1590,2124884718484563516
calibration,1591,833253205382390921
calibration,1598,7464429288297915064
calibration,1600,11892504857466714026
calibration,1607,8793357247245534573
calibration,1610,222992878073105781
calibration,1612,13304175874445473708
calibration,1624,18237334030368139870
calibration,1625,8793357247245534573
calibration,1637,222992878073105781
calibration,1643,13304175874445473708
calibration,1646,11854955608364436255
calibration,1650,7464429288297915064
calibration,1651,603198139025932464
calibration,1668,833253205382390921
calibration,1674,2124884718484563516
calibration,1683,603198139025932464
calibration,1692,222992878073105781
calibration,1696,18237334030368139870
calibration,1700,15854623793106210877
calibration,1708,603198139025932464
calibration,1710,6563696386679920944
calibration,1712,2124884718484563516
calibration,1723,10990274489596691850
calibration,1728,18237334030368139870
calibration,1741,7464429288297915064
calibration,1764,222992878073105781
calibration,1797,1378160361063041439
calibration,1798,18393380424088899902
calibration,1803,603198139025932464
calibration,1805,18237334030368139870
calibration,1810,18393380424088899902
calibration,1815,11892504857466714026
calibration,1828,833253205382390921
calibration,1856,2124884718484563516
calibration,1861,1378160361063041439
calibration,1862,7464429288297915064
calibration,1874,13304175874445473708
calibration,1885,8793357247245534573
calibration,1889,603198139025932464
calibration,1893,1378160361063041439
calibration,1895,10829525609740651031
calibration,1901,18393380424088899902
calibration,1910,14219469232104377133
calibration,1912,7464429288297915064
calibration,1933,10829525609740651031
calibration,1937,603198139025932464
calibration,1949,10829525609740651031
calibration,1950,11892504857466714026
calibration,1967,2124884718484563516
calibration,1975,222992878073105781
calibration,1988,11892504857466714026
calibration,1993,13304175874445473708
calibration,2011,222992878073105781
calibration,2047,11892504857466714026
calibration,2053,4757004652079025251
calibration,2056,18393380424088899902
calibration,2058,7464429288297915064
calibration,2088,3933886296999063760
calibration,2117,11854955608364436255
calibration,2118,222992878073105781
calibration,2120,11892504857466714026
calibration,2129,8793357247245534573
calibration,2133,833253205382390921
calibration,2139,10829525609740651031
calibration,2148,3933886296999063760
calibration,2151,11892504857466714026
calibration,2160,18393380424088899902
calibration,2163,13304175874445473708
calibration,2173,13304175874445473708
calibration,2202,10990274489596691850
calibration,2215,11854955608364436255
calibration,2219,8793357247245534573
calibration,2222,13304175874445473708
calibration,2224,11854955608364436255
calibration,2229,603198139025932464
calibration,2233,3933886296999063760
calibration,2237,603198139025932464
calibration,2238,11854955608364436255
calibration,2239,4757004652079025251
calibration,2241,1378160361063041439
calibration,2252,18237334030368139870
calibration,2259,4757004652079025251
calibration,2262,11854955608364436255
calibration,2275,4757004652079025251
calibration,2278,15854623793106210877
calibration,2289,10829525609740651031
calibration,2291,4757004652079025251
calibration,2293,2124884718484563516
calibration,2316,13304175874445473708
calibration,2323,2124884718484563516
calibration,2324,6563696386679920944
calibration,2328,11892504857466714026
calibration,2332,2124884718484563516
calibration,2335,3933886296999063760
calibration,2341,603198139025932464
calibration,2349,10829525609740651031
calibration,2357,8793357247245534573
calibration,2367,11892504857466714026
calibration,2375,18393380424088899902
calibration,2376,7464429288297915064
calibration,2400,6563696386679920944
calibration,2402,222992878073105781
calibration,2409,10990274489596691850
calibration,2415,1378160361063041439
calibration,2426,603198139025932464
calibration,2435,4757004652079025251
calibration,2439,18393380424088899902
calibration,2457,14219469232104377133
calibration,2461,18393380424088899902
calibration,2478,11854955608364436255
calibration,2483,10990274489596691850
calibration,2489,2124884718484563516
calibration,2509,6563696386679920944
calibration,2514,14219469232104377133
calibration,2528,7464429288297915064
calibration,2531,6563696386679920944
calibration,2545,10990274489596691850
calibration,2551,15854623793106210877
id_test,9,13197426831660621428
id_test,10,1367897570274288222
id_test,26,1906069974405082520
id_test,46,12823118457006761398
id_test,53,7157631882990673600
id_test,87,7157631882990673600
id_test,88,13197426831660621428
id_test,104,12882774050561771087
id_test,122,12823118457006761398
id_test,145,8813459275462154891
id_test,172,1367897570274288222
id_test,174,7681735671422946543
id_test,193,12823118457006761398
id_test,224,7167329586276071870
id_test,229,7157631882990673600
id_test,242,13197426831660621428
id_test,260,1367897570274288222
id_test,293,7681735671422946543
id_test,303,12823118457006761398
id_test,305,1906069974405082520
id_test,339,12823118457006761398
id_test,341,7167329586276071870
id_test,352,17533524623644286140
id_test,354,2804036452383970560
id_test,359,7167329586276071870
id_test,361,7681735671422946543
id_test,382,2217437892012799629
id_test,393,10813817281839957845
id_test,407,12882774050561771087
id_test,442,17533524623644286140
id_test,451,2217437892012799629
id_test,455,8813459275462154891
id_test,463,8813459275462154891
id_test,503,2217437892012799629
id_test,509,7681735671422946543
id_test,520,1367897570274288222
id_test,523,7681735671422946543
id_test,527,1367897570274288222
id_test,544,7681735671422946543
id_test,558,2804036452383970560
id_test,569,12882774050561771087
id_test,578,10813817281839957845
id_test,585,8813459275462154891
id_test,587,1367897570274288222
id_test,617,2217437892012799629
id_test,634,7167329586276071870
id_test,636,13197426831660621428
id_test,655,2217437892012799629
id_test,663,7157631882990673600
id_test,667,2217437892012799629
id_test,671,2804036452383970560
id_test,679,1367897570274288222
id_test,682,17533524623644286140
id_test,707,7157631882990673600
id_test,709,1906069974405082520
id_test,728,17533524623644286140
id_test,731,7681735671422946543
id_test,740,13197426831660621428
id_test,742,8813459275462154891
id_test,762,1906069974405082520
id_test,770,7157631882990673600
id_test,778,1367897570274288222
id_test,786,17533524623644286140
id_test,790,7167329586276071870
id_test,797,2217437892012799629
id_test,857,12823118457006761398
id_test,864,2217437892012799629
id_test,898,7167329586276071870
id_test,906,7167329586276071870
id_test,924,1367897570274288222
id_test,930,10813817281839957845
id_test,938,2217437892012799629
id_test,965,1906069974405082520
id_test,988,12882774050561771087
id_test,1002,10813817281839957845
id_test,1008,13197426831660621428
id_test,1009,12882774050561771087
id_test,1035,7157631882990673600
id_test,1046,7167329586276071870
id_test,1059,2804036452383970560
id_test,1068,7167329586276071870
id_test,1089,1367897570274288222
id_test,1094,17533524623644286140
id_test,1107,12823118457006761398
id_test,1159,7681735671422946543
id_test,1165,2804036452383970560
id_test,1175,12882774050561771087
id_test,1178,17533524623644286140
id_test,1187,7681735671422946543
id_test,1200,10813817281839957845
id_test,1204,8813459275462154891
id_test,1207,7157631882990673600
id_test,1227,10813817281839957845
id_test,1232,13197426831660621428
id_test,1237,13197426831660621428
id_test,1249,7157631882990673600
id_test,1252,8813459275462154891
id_test,1260,7157631882990673600
id_test,1295,2217437892012799629
id_test,1300,12823118457006761398
id_test,1305,7157631882990673600
id_test,1308,13197426831660621428
id_test,1311,7167329586276071870
id_test,1321,10813817281839957845
id_test,1332,13197426831660621428
id_test,1345,1906069974405082520
id_test,1353,12882774050561771087
id_test,1371,1906069974405082520
id_test,1388,13197426831660621428
id_test,1400,2217437892012799629
id_test,1404,17533524623644286140
id_test,1406,1367897570274288222
id_test,1424,10813817281839957845
id_test,1431,8813459275462154891
id_test,1447,10813817281839957845
id_test,1466,2217437892012799629
id_test,1474,8813459275462154891
id_test,1507,2804036452383970560
id_test,1515,1906069974405082520
id_test,1526,8813459275462154891
id_test,1528,2804036452383970560
id_test,1546,2804036452383970560
id_test,1565,17533524623644286140
id_test,1586,1367897570274288222
id_test,1587,12823118457006761398
id_test,1597,7681735671422946543
id_test,1599,7681735671422946543
id_test,1604,8813459275462154891
id_test,1617,1906069974405082520
id_test,1621,1906069974405082520
id_test,1631,12882774050561771087
id_test,1642,12823118457006761398
id_test,1644,10813817281839957845
id_test,1649,1906069974405082520
id_test,1655,7681735671422946543
id_test,1669,1367897570274288222
id_test,1676,2217437892012799629
id_test,1687,10813817281839957845
id_test,1719,10813817281839957845
id_test,1726,13197426831660621428
id_test,1733,7157631882990673600
id_test,1742,2804036452383970560
id_test,1759,17533524623644286140
id_test,1793,12882774050561771087
id_test,1811,17533524623644286140
id_test,1827,1367897570274288222
id_test,1835,7681735671422946543
id_test,1837,8813459275462154891
id_test,1845,7167329586276071870
id_test,1848,1367897570274288222
id_test,1855,2804036452383970560
id_test,1867,12882774050561771087
id_test,1872,8813459275462154891
id_test,1877,10813817281839957845
id_test,1880,17533524623644286140
id_test,1892,1906069974405082520
id_test,1900,2804036452383970560
id_test,1915,7167329586276071870
id_test,1917,12882774050561771087
id_test,1919,13197426831660621428
id_test,1951,7167329586276071870
id_test,1959,2217437892012799629
id_test,1966,17533524623644286140
id_test,1970,12882774050561771087
id_test,1977,12882774050561771087
id_test,2006,2804036452383970560
id_test,2028,2804036452383970560
id_test,2029,12823118457006761398
id_test,2033,8813459275462154891
id_test,2037,7167329586276071870
id_test,2042,1906069974405082520
id_test,2048,7167329586276071870
id_test,2059,8813459275462154891
id_test,2066,1906069974405082520
id_test,2096,17533524623644286140
id_test,2098,1367897570274288222
id_test,2102,12882774050561771087
id_test,2135,1906069974405082520
id_test,2194,12882774050561771087
id_test,2204,12882774050561771087
id_test,2223,12823118457006761398
id_test,2226,12823118457006761398
id_test,2228,1906069974405082520
id_test,2248,7157631882990673600
id_test,2260,13197426831660621428
id_test,2267,2804036452383970560
id_test,2274,12823118457006761398
id_test,2279,12823118457006761398
id_test,2295,7681735671422946543
id_test,2320,13197426831660621428
id_test,2322,12823118457006761398
id_test,2352,7157631882990673600
id_test,2362,7157631882990673600
id_test,2377,17533524623644286140
id_test,2385,17533524623644286140
id_test,2396,7157631882990673600
id_test,2414,2804036452383970560
id_test,2447,8813459275462154891
id_test,2462,10813817281839957845
id_test,2469,10813817281839957845
id_test,2470,2804036452383970560
id_test,2517,2217437892012799629
id_test,2532,7681735671422946543
id_test,2535,7167329586276071870
id_test,2537,7681735671422946543
id_test,2542,2217437892012799629
id_test,2546,10813817281839957845
id_test,2555,13197426831660621428
ood_test,5,579736006479800074
ood_test,6,4552925917595615164
ood_test,7,14456930291123660273
ood_test,13,17451691503515762550
ood_test,15,380264510751012186
ood_test,17,579736006479800074
ood_test,23,9985116505034206452
ood_test,32,4556256472297801959
ood_test,44,15038946426069692038
ood_test,49,579736006479800074
ood_test,54,17234994038809733169
ood_test,68,7884238669149658161
ood_test,71,3483175946691254694
ood_test,89,11533471517763731933
ood_test,92,15038946426069692038
ood_test,100,11587428247216890986
ood_test,108,579736006479800074
ood_test,112,11587428247216890986
ood_test,116,11587428247216890986
ood_test,117,15230833052760599040
ood_test,119,2928394120619732261
ood_test,127,17451691503515762550
ood_test,128,380264510751012186
ood_test,132,2056914843148536795
ood_test,138,3134241803077969267
ood_test,139,15230833052760599040
ood_test,151,8372103036707258832
ood_test,153,14456930291123660273
ood_test,156,17492872546512810480
ood_test,160,4552925917595615164
ood_test,165,15038946426069692038
ood_test,166,3134241803077969267
ood_test,175,13944279034983237670
ood_test,178,3483175946691254694
ood_test,181,13944279034983237670
ood_test,182,9415233787243991652
ood_test,183,11587428247216890986
ood_test,190,3392607520233113049
ood_test,194,13052852389533457310
ood_test,208,128968913270984251
ood_test,211,17451691503515762550
ood_test,214,4155552024635161694
ood_test,219,11533471517763731933
ood_test,221,15038946426069692038
ood_test,233,3392607520233113049
ood_test,234,2314355766595058403
ood_test,246,13944279034983237670
ood_test,250,7884238669149658161
ood_test,264,2056914843148536795
ood_test,272,17234994038809733169
ood_test,275,3134241803077969267
ood_test,278,11587428247216890986
ood_test,280,3141391476646313355
ood_test,288,2314355766595058403
ood_test,291,8372103036707258832
ood_test,295,15425818973916266975
ood_test,312,4552925917595615164
ood_test,317,380264510751012186
ood_test,320,11587428247216890986
ood_test,321,17234994038809733169
ood_test,322,2056914843148536795
ood_test,323,579736006479800074
ood_test,326,2928394120619732261
ood_test,338,9985116505034206452
ood_test,340,3483175946691254694
ood_test,343,9415233787243991652
ood_test,347,14934561482547682078
ood_test,348,8372103036707258832
ood_test,351,3262830124868165494
ood_test,362,3134241803077969267
ood_test,367,579736006479800074
ood_test,373,9415233787243991652
ood_test,374,8372103036707258832
ood_test,375,4552925917595615164
ood_test,376,17234994038809733169
ood_test,377,13052852389533457310
ood_test,380,4155552024635161694
ood_test,388,17492872546512810480
ood_test,398,9985116505034206452
ood_test,399,6325844468188908084
ood_test,402,4556256472297801959
ood_test,404,15038946426069692038
ood_test,411,3262830124868165494
ood_test,413,4155552024635161694
ood_test,414,17234994038809733169
ood_test,426,11533471517763731933
ood_test,428,4155552024635161694
ood_test,432,9985116505034206452
ood_test,443,128968913270984251
ood_test,444,11533471517763731933
ood_test,445,4556256472297801959
ood_test,460,4556256472297801959
ood_test,471,128968913270984251
ood_test,474,14456930291123660273
ood_test,486,14456930291123660273
ood_test,500,3262830124868165494
ood_test,506,13052852389533457310
ood_test,515,9415233787243991652
ood_test,517,2314355766595058403
ood_test,519,2928394120619732261
ood_test,525,4155552024635161694
ood_test,526,3141391476646313355
ood_test,528,4556256472297801959
ood_test,530,17492872546512810480
ood_test,549,6325844468188908084
ood_test,551,13052852389533457310
ood_test,554,3392607520233113049
ood_test,557,4552925917595615164
ood_test,561,11587428247216890986
ood_test,562,15425818973916266975
ood_test,564,9415233787243991652
ood_test,565,4374302465450070181
ood_test,574,2928394120619732261
ood_test,579,8372103036707258832
ood_test,581,13944279034983237670
ood_test,584,3483175946691254694
ood_test,586,17492872546512810480
ood_test,599,579736006479800074
ood_test,606,17234994038809733169
ood_test,615,13944279034983237670
ood_test,616,4374302465450070181
ood_test,620,128968913270984251
ood_test,623,9985116505034206452
ood_test,627,380264510751012186
ood_test,630,3141391476646313355
ood_test,639,4155552024635161694
ood_test,640,13944279034983237670
ood_test,649,2056914843148536795
ood_test,650,3483175946691254694
ood_test,668,14456930291123660273
ood_test,669,15425818973916266975
ood_test,674,2314355766595058403
ood_test,690,4552925917595615164
ood_test,693,8372103036707258832
ood_test,694,15038946426069692038
ood_test,696,15425818973916266975
ood_test,703,4155552024635161694
ood_test,705,15038946426069692038
ood_test,713,8372103036707258832
ood_test,716,9415233787243991652
ood_test,719,15038946426069692038
ood_test,725,9415233787243991652
ood_test,727,3262830124868165494
ood_test,733,17451691503515762550
ood_test,735,14934561482547682078
ood_test,739,17492872546512810480
ood_test,748,14934561482547682078
ood_test,749,15230833052760599040
ood_test,750,7884238669149658161
ood_test,754,14456930291123660273
ood_test,759,17451691503515762550
ood_test,761,15230833052760599040
ood_test,763,13944279034983237670
ood_test,766,17451691503515762550
ood_test,767,15425818973916266975
ood_test,771,6325844468188908084
ood_test,800,3483175946691254694
ood_test,801,9415233787243991652
ood_test,808,380264510751012186
ood_test,821,128968913270984251
ood_test,824,15230833052760599040
ood_test,826,14456930291123660273
ood_test,829,8372103036707258832
ood_test,835,3134241803077969267
ood_test,840,4374302465450070181
ood_test,842,128968913270984251
ood_test,843,579736006479800074
ood_test,847,15038946426069692038
ood_test,848,15425818973916266975
ood_test,849,14456930291123660273
ood_test,859,4556256472297801959
ood_test,867,8372103036707258832
ood_test,874,7884238669149658161
ood_test,877,9985116505034206452
ood_test,885,13944279034983237670
ood_test,892,7884238669149658161
ood_test,902,14934561482547682078
ood_test,903,14456930291123660273
ood_test,905,8372103036707258832
ood_test,911,17451691503515762550
ood_test,913,13052852389533457310
ood_test,914,3262830124868165494
ood_test,927,380264510751012186
ood_test,928,15230833052760599040
ood_test,934,2314355766595058403
ood_test,935,8372103036707258832
ood_test,956,13052852389533457310
ood_test,962,3392607520233113049
ood_test,963,17234994038809733169
ood_test,972,15230833052760599040
ood_test,981,14456930291123660273
ood_test,984,4556256472297801959
ood_test,986,380264510751012186
ood_test,987,3141391476646313355
ood_test,991,4556256472297801959
ood_test,998,380264510751012186
ood_test,1000,15230833052760599040
ood_test,1004,13052852389533457310
ood_test,1016,4556256472297801959
ood_test,1017,13944279034983237670
ood_test,1019,380264510751012186
ood_test,1021,3141391476646313355
ood_test,1025,8372103036707258832
ood_test,1034,2928394120619732261
ood_test,1036,11533471517763731933
ood_test,1047,4556256472297801959
ood_test,1051,11587428247216890986
ood_test,1053,11533471517763731933
ood_test,1060,11533471517763731933
ood_test,1061,3262830124868165494
ood_test,1062,15230833052760599040
ood_test,1065,4374302465450070181
ood_test,1074,13052852389533457310
ood_test,1075,15425818973916266975
ood_test,1083,4552925917595615164
ood_test,1091,4552925917595615164
ood_test,1095,15425818973916266975
ood_test,1101,3392607520233113049
ood_test,1103,15230833052760599040
ood_test,1110,2056914843148536795
ood_test,1113,2928394120619732261
ood_test,1125,14934561482547682078
ood_test,1126,3483175946691254694
ood_test,1135,2056914843148536795
ood_test,1140,15230833052760599040
ood_test,1141,4556256472297801959
ood_test,1146,128968913270984251
ood_test,1149,17234994038809733169
ood_test,1152,11533471517763731933
ood_test,1155,6325844468188908084
ood_test,1158,9415233787243991652
ood_test,1167,6325844468188908084
ood_test,1169,8372103036707258832
ood_test,1170,3134241803077969267
ood_test,1171,9415233787243991652
ood_test,1174,579736006479800074
ood_test,1186,9985116505034206452
ood_test,1188,4374302465450070181
ood_test,1189,3141391476646313355
ood_test,1192,2056914843148536795
ood_test,1193,3392607520233113049
ood_test,1202,6325844468188908084
ood_test,1206,15038946426069692038
ood_test,1210,4552925917595615164
ood_test,1220,128968913270984251
ood_test,1225,11533471517763731933
ood_test,1228,15230833052760599040
ood_test,1233,128968913270984251
ood_test,1244,14934561482547682078
ood_test,1245,17451691503515762550
ood_test,1248,17492872546512810480
ood_test,1256,4155552024635161694
ood_test,1258,14934561482547682078
ood_test,1266,3134241803077969267
ood_test,1267,2056914843148536795
ood_test,1270,2928394120619732261
ood_test,1273,13944279034983237670
ood_test,1276,17234994038809733169
ood_test,1281,2314355766595058403
ood_test,1290,4556256472297801959
ood_test,1293,2314355766595058403
ood_test,1294,15425818973916266975
ood_test,1301,7884238669149658161
ood_test,1306,3134241803077969267
ood_test,1317,380264510751012186
ood_test,1324,2928394120619732261
ood_test,1325,14934561482547682078
ood_test,1331,9415233787243991652
ood_test,1335,15425818973916266975
ood_test,1339,11587428247216890986
ood_test,1346,6325844468188908084
ood_test,1350,13052852389533457310
ood_test,1354,13052852389533457310
ood_test,1370,17451691503515762550
ood_test,1374,14456930291123660273
ood_test,1379,14934561482547682078
ood_test,1384,3262830124868165494
ood_test,1390,3392607520233113049
ood_test,1399,7884238669149658161
ood_test,1403,380264510751012186
ood_test,1408,8372103036707258832
ood_test,1419,15038946426069692038
ood_test,1423,3483175946691254694
ood_test,1429,4552925917595615164
ood_test,1430,4374302465450070181
ood_test,1432,2928394120619732261
ood_test,1437,15230833052760599040
ood_test,1439,3262830124868165494
ood_test,1446,4155552024635161694
ood_test,1449,4155552024635161694
ood_test,1452,17234994038809733169
ood_test,1454,17492872546512810480
ood_test,1456,6325844468188908084
ood_test,1457,380264510751012186
ood_test,1464,11587428247216890986
ood_test,1469,4155552024635161694
ood_test,1473,9985116505034206452
ood_test,1477,4552925917595615164
ood_test,1478,3483175946691254694
ood_test,1483,128968913270984251
ood_test,1484,2314355766595058403
ood_test,1485,11587428247216890986
ood_test,1492,9415233787243991652
ood_test,1497,128968913270984251
ood_test,1499,7884238669149658161
ood_test,1503,3392607520233113049
ood_test,1512,13944279034983237670
ood_test,1513,6325844468188908084
ood_test,1518,2314355766595058403
ood_test,1520,13052852389533457310
ood_test,1525,14934561482547682078
ood_test,1532,9985116505034206452
ood_test,1542,7884238669149658161
ood_test,1547,579736006479800074
ood_test,1548,9985116505034206452
ood_test,1560,2928394120619732261
ood_test,1563,4155552024635161694
ood_test,1575,9415233787243991652
ood_test,1579,14456930291123660273
ood_test,1580,3483175946691254694
ood_test,1592,15230833052760599040
ood_test,1593,2314355766595058403
ood_test,1608,9415233787243991652
ood_test,1611,128968913270984251
ood_test,1615,2314355766595058403
ood_test,1616,4552925917595615164
ood_test,1618,4155552024635161694
ood_test,1627,380264510751012186
ood_test,1638,17451691503515762550
ood_test,1648,3483175946691254694
ood_test,1653,17451691503515762550
ood_test,1654,3141391476646313355
ood_test,1656,128968913270984251
ood_test,1658,3134241803077969267
ood_test,1660,2928394120619732261
ood_test,1664,6325844468188908084
ood_test,1673,4374302465450070181
ood_test,1675,14934561482547682078
ood_test,1680,11587428247216890986
ood_test,1691,11587428247216890986
ood_test,1697,2928394120619732261
ood_test,1701,7884238669149658161
ood_test,1702,3134241803077969267
ood_test,1703,6325844468188908084
ood_test,1705,14456930291123660273
ood_test,1709,3262830124868165494
ood_test,1713,6325844468188908084
ood_test,1717,14456930291123660273
ood_test,1720,14934561482547682078
ood_test,1722,3262830124868165494
ood_test,1730,7884238669149658161
ood_test,1736,3262830124868165494
ood_test,1743,6325844468188908084
ood_test,1744,3141391476646313355
ood_test,1750,9415233787243991652
ood_test,1751,4374302465450070181
ood_test,1752,3392607520233113049
ood_test,1758,17451691503515762550
ood_test,1761,2928394120619732261
ood_test,1762,579736006479800074
ood_test,1765,4552925917595615164
ood_test,1773,579736006479800074
ood_test,1778,4374302465450070181
ood_test,1780,11533471517763731933
ood_test,1789,4556256472297801959
ood_test,1796,9985116505034206452
ood_test,1800,17234994038809733169
ood_test,1801,4374302465450070181
ood_test,1806,3262830124868165494
ood_test,1807,4552925917595615164
ood_test,1814,11587428247216890986
ood_test,1818,579736006479800074
ood_test,1824,3141391476646313355
ood_test,1838,14934561482547682078
ood_test,1863,7884238669149658161
ood_test,1869,14456930291123660273
ood_test,1873,2928394120619732261
ood_test,1882,2056914843148536795
ood_test,1894,17234994038809733169
ood_test,1896,14934561482547682078
ood_test,1903,15425818973916266975
ood_test,1906,3483175946691254694
ood_test,1921,9985116505034206452
ood_test,1926,380264510751012186
ood_test,1928,7884238669149658161
ood_test,1932,3134241803077969267
ood_test,1940,7884238669149658161
ood_test,1942,17234994038809733169
ood_test,1954,4374302465450070181
ood_test,1969,17451691503515762550
ood_test,1972,13052852389533457310
ood_test,1973,11587428247216890986
ood_test,1976,15038946426069692038
ood_test,1980,4556256472297801959
ood_test,1984,15425818973916266975
ood_test,1986,11587428247216890986
ood_test,1990,17234994038809733169
ood_test,1991,2056914843148536795
ood_test,1992,11533471517763731933
ood_test,1996,3134241803077969267
ood_test,1999,3134241803077969267
ood_test,2003,2056914843148536795
ood_test,2009,11533471517763731933
ood_test,2010,15230833052760599040
ood_test,2012,9415233787243991652
ood_test,2019,3262830124868165494
ood_test,2020,17451691503515762550
ood_test,2023,3392607520233113049
ood_test,2036,128968913270984251
ood_test,2038,11533471517763731933
ood_test,2039,13944279034983237670
ood_test,2040,17451691503515762550
ood_test,2043,17234994038809733169
ood_test,2046,2056914843148536795
ood_test,2055,13052852389533457310
ood_test,2061,14456930291123660273
ood_test,2070,4374302465450070181
ood_test,2072,14934561482547682078
ood_test,2075,4556256472297801959
ood_test,2077,17492872546512810480
ood_test,2080,13052852389533457310
ood_test,2083,128968913270984251
ood_test,2087,15230833052760599040
ood_test,2093,13944279034983237670
ood_test,2101,7884238669149658161
ood_test,2108,3141391476646313355
ood_test,2114,13944279034983237670
ood_test,2115,2314355766595058403
ood_test,2122,3141391476646313355
ood_test,2126,2928394120619732261
ood_test,2132,3141391476646313355
ood_test,2137,3483175946691254694
ood_test,2138,2314355766595058403
ood_test,2141,3141391476646313355
ood_test,2142,2928394120619732261
ood_test,2143,11533471517763731933
ood_test,2146,3141391476646313355
ood_test,2150,17492872546512810480
ood_test,2154,15425818973916266975
ood_test,2157,4552925917595615164
ood_test,2158,3134241803077969267
ood_test,2159,4374302465450070181
ood_test,2161,17492872546512810480
ood_test,2167,3134241803077969267
ood_test,2170,9985116505034206452
ood_test,2172,6325844468188908084
ood_test,2178,13944279034983237670
ood_test,2180,2314355766595058403
ood_test,2182,4155552024635161694
ood_test,2183,17234994038809733169
ood_test,2184,17492872546512810480
ood_test,2186,15425818973916266975
ood_test,2197,380264510751012186
ood_test,2221,7884238669149658161
ood_test,2231,15038946426069692038
ood_test,2240,9985116505034206452
ood_test,2245,4552925917595615164
ood_test,2246,8372103036707258832
ood_test,2249,13052852389533457310
ood_test,2258,15038946426069692038
ood_test,2263,17492872546512810480
ood_test,2264,15425818973916266975
ood_test,2268,9985116505034206452
ood_test,2271,3262830124868165494
ood_test,2277,15038946426069692038
ood_test,2281,17492872546512810480
ood_test,2284,11533471517763731933
ood_test,2287,380264510751012186
ood_test,2290,579736006479800074
ood_test,2300,17492872546512810480
ood_test,2303,3392607520233113049
ood_test,2310,6325844468188908084
ood_test,2311,15038946426069692038
ood_test,2313,6325844468188908084
ood_test,2318,15425818973916266975
ood_test,2336,3483175946691254694
ood_test,2338,3392607520233113049
ood_test,2339,17492872546512810480
ood_test,2340,3262830124868165494
ood_test,2343,2056914843148536795
ood_test,2373,17492872546512810480
ood_test,2374,3134241803077969267
ood_test,2378,9985116505034206452
ood_test,2383,2056914843148536795
ood_test,2386,2056914843148536795
ood_test,2404,3483175946691254694
ood_test,2413,2056914843148536795
ood_test,2416,579736006479800074
ood_test,2418,4556256472297801959
ood_test,2419,2314355766595058403
ood_test,2423,8372103036707258832
ood_test,2429,11533471517763731933
ood_test,2433,3392607520233113049
ood_test,2436,3262830124868165494
ood_test,2453,4374302465450070181
ood_test,2456,4374302465450070181
ood_test,2464,579736006479800074
ood_test,2467,3483175946691254694
ood_test,2473,3141391476646313355
ood_test,2484,13052852389533457310
ood_test,2486,3392607520233113049
ood_test,2492,3392607520233113049
ood_test,2501,17451691503515762550
ood_test,2516,128968913270984251
ood_test,2521,13944279034983237670
ood_test,2525,14934561482547682078
ood_test,2527,4155552024635161694
ood_test,2530,2314355766595058403
ood_test,2544,4155552024635161694
ood_test,2548,4374302465450070181
ood_test,2553,3141391476646313355
ood_test,2557,3392607520233113049
