task,sample_id,structure_group_id,trap_assisted_recomb_A,ge_sio2_recomb_velocity,ge_si_recomb_velocity,simulation_temperature,ge_width_scale,optical_power_W,voltage_at_gain_threshold_v,_curve_id
APD_V_M10,apd_20260818_00001,apd_structure_20260818_00000,2.2256128697867238e-09,4136.800336389541,582.1642910352323,304.06763671525283,0.9812507629678858,3e-07,-9.476977559095427,apd_structure_20260818_00000
APD_V_M10,apd_20260818_00000,apd_structure_20260818_00000,2.2256128697867238e-09,4136.800336389541,582.1642910352323,304.06763671525283,0.9812507629678858,1e-07,-9.4540824546549,apd_structure_20260818_00000
APD_V_M10,apd_20260818_00002,apd_structure_20260818_00001,1.957109459030406e-09,2347.604725374656,562.2013009727156,298.38517299741983,1.0177854954742045,1e-07,-9.483485362730342,apd_structure_20260818_00001
APD_V_M10,apd_20260818_00003,apd_structure_20260818_00001,1.957109459030406e-09,2347.604725374656,562.2013009727156,298.38517299741983,1.0177854954742045,3e-07,-9.489793562574834,apd_structure_20260818_00001
APD_V_M10,apd_20260818_00004,apd_structure_20260818_00002,1.278680808641093e-09,1949.2848082073167,745.0058976643504,300.8139733787138,0.9969037675808812,1e-07,-9.487747199106275,apd_structure_20260818_00002
APD_V_M10,apd_20260818_00006,apd_structure_20260818_00003,1.1218317789945128e-10,4044.000358247214,458.139258635208,290.5330923612155,1.012901408560825,1e-07,-9.467668514087944,apd_structure_20260818_00003
APD_V_M10,apd_20260818_00005,apd_structure_20260818_00002,1.278680808641093e-09,1949.2848082073167,745.0058976643504,300.8139733787138,0.9969037675808812,3e-07,-9.4790008400755,apd_structure_20260818_00002
APD_V_M10,apd_20260818_00007,apd_structure_20260818_00003,1.1218317789945128e-10,4044.000358247214,458.139258635208,290.5330923612155,1.012901408560825,3e-07,-9.508345165696154,apd_structure_20260818_00003
APD_V_M10,apd_20260818_00008,apd_structure_20260818_00004,1.364087060418038e-09,3034.2233105799905,665.6792815756161,296.499865665571,0.9947027530473126,1e-07,-9.49249016951486,apd_structure_20260818_00004
APD_V_M10,apd_20260818_00009,apd_structure_20260818_00004,1.364087060418038e-09,3034.2233105799905,665.6792815756161,296.499865665571,0.9947027530473126,3e-07,-9.503518759115703,apd_structure_20260818_00004
APD_V_M10,apd_20260818_00010,apd_structure_20260818_00005,6.268789550069656e-10,2740.4183158126207,766.3982619543463,308.7772213554167,0.991564874710865,1e-07,-9.440749129540688,apd_structure_20260818_00005
APD_V_M10,apd_20260818_00011,apd_structure_20260818_00005,6.268789550069656e-10,2740.4183158126207,766.3982619543463,308.7772213554167,0.991564874710865,3e-07,-9.479080404229014,apd_structure_20260818_00005
APD_V_M10,apd_20260818_00014,apd_structure_20260818_00007,7.96820039309477e-10,2262.7171995921244,936.0713516018748,298.0288139508958,1.013074265891041,1e-07,-9.510300223024272,apd_structure_20260818_00007
APD_V_M10,apd_20260818_00015,apd_structure_20260818_00007,7.96820039309477e-10,2262.7171995921244,936.0713516018748,298.0288139508958,1.013074265891041,3e-07,-9.510383730783984,apd_structure_20260818_00007
APD_V_M10,apd_20260818_00013,apd_structure_20260818_00006,4.3861764796432675e-09,1854.860802059616,517.0817232922835,305.7188260551647,0.994409494766798,3e-07,-9.489248878297683,apd_structure_20260818_00006
APD_V_M10,apd_20260818_00012,apd_structure_20260818_00006,4.3861764796432675e-09,1854.860802059616,517.0817232922835,305.7188260551647,0.994409494766798,1e-07,-9.49800689103011,apd_structure_20260818_00006
APD_V_M10,apd_20260818_00017,apd_structure_20260818_00008,4.769778248477916e-09,4395.135656940784,860.8430009859817,304.73061342240504,0.9877550881537384,3e-07,-9.50846320867746,apd_structure_20260818_00008
APD_V_M10,apd_20260818_00016,apd_structure_20260818_00008,4.769778248477916e-09,4395.135656940784,860.8430009859817,304.73061342240504,0.9877550881537384,1e-07,-9.501479784693933,apd_structure_20260818_00008
APD_V_M10,apd_20260818_00018,apd_structure_20260818_00009,1.3598426009990168e-09,2374.401088627944,731.9830446474809,291.7705408733179,0.9914341743504648,1e-07,-9.502414673103818,apd_structure_20260818_00009
APD_V_M10,apd_20260818_00019,apd_structure_20260818_00009,1.3598426009990168e-09,2374.401088627944,731.9830446474809,291.7705408733179,0.9914341743504648,3e-07,-9.504342139977922,apd_structure_20260818_00009
APD_V_M10,apd_20260818_00022,apd_structure_20260818_00011,1.7547252431146346e-10,3075.047152996256,695.6290984263508,286.8917584982713,0.9845657547286782,1e-07,-9.482740340009856,apd_structure_20260818_00011
APD_V_M10,apd_20260818_00021,apd_structure_20260818_00010,1.4761221634904916e-10,2052.9619681186414,870.1649313283531,292.2265906409704,1.008369133079646,3e-07,-9.51866947865546,apd_structure_20260818_00010
APD_V_M10,apd_20260818_00020,apd_structure_20260818_00010,1.4761221634904916e-10,2052.9619681186414,870.1649313283531,292.2265906409704,1.008369133079646,1e-07,-9.500002499094988,apd_structure_20260818_00010
APD_V_M10,apd_20260818_00023,apd_structure_20260818_00011,1.7547252431146346e-10,3075.047152996256,695.6290984263508,286.8917584982713,0.9845657547286782,3e-07,-9.466775328751314,apd_structure_20260818_00011
APD_V_M10,apd_20260818_00025,apd_structure_20260818_00012,7.09453111925806e-10,3581.763247831391,650.9437036593333,309.12005136803003,1.0199217939365306,3e-07,-9.50587237985751,apd_structure_20260818_00012
APD_V_M10,apd_20260818_00024,apd_structure_20260818_00012,7.09453111925806e-10,3581.763247831391,650.9437036593333,309.12005136803003,1.0199217939365306,1e-07,-9.479427339402829,apd_structure_20260818_00012
APD_V_M10,apd_20260818_00026,apd_structure_20260818_00013,2.2172076349408947e-10,2024.1771420143232,831.8886705754712,301.7819706873389,1.0152735007462257,1e-07,-9.478302333947871,apd_structure_20260818_00013
APD_V_M10,apd_20260818_00027,apd_structure_20260818_00013,2.2172076349408947e-10,2024.1771420143232,831.8886705754712,301.7819706873389,1.0152735007462257,3e-07,-9.487500436846032,apd_structure_20260818_00013
APD_V_M10,apd_20260818_00029,apd_structure_20260818_00014,4.4497938336467535e-10,2439.724966426709,539.2656040870484,306.658667744268,0.9891828392651278,3e-07,-9.471353126600578,apd_structure_20260818_00014
APD_V_M10,apd_20260818_00028,apd_structure_20260818_00014,4.4497938336467535e-10,2439.724966426709,539.2656040870484,306.658667744268,0.9891828392651278,1e-07,-9.53918298728547,apd_structure_20260818_00014
APD_V_M10,apd_20260818_00030,apd_structure_20260818_00015,4.30355162393829e-10,3430.127360174612,905.1565071936052,311.7204536801859,0.996080748697065,1e-07,-9.501952116993822,apd_structure_20260818_00015
APD_V_M10,apd_20260818_00031,apd_structure_20260818_00015,4.30355162393829e-10,3430.127360174612,905.1565071936052,311.7204536801859,0.996080748697065,3e-07,-9.48188853214322,apd_structure_20260818_00015
APD_V_M10,apd_20260818_00032,apd_structure_20260818_00016,2.1462770445693914e-09,3757.127797542303,792.2989299436728,288.7395058123591,1.0018182632085997,1e-07,-9.5101785794787,apd_structure_20260818_00016
APD_V_M10,apd_20260818_00035,apd_structure_20260818_00017,5.508040082827e-10,3690.8621867634574,677.1794686765486,300.37786186504314,0.9806013458178282,3e-07,-9.509862455584782,apd_structure_20260818_00017
APD_V_M10,apd_20260818_00033,apd_structure_20260818_00016,2.1462770445693914e-09,3757.127797542303,792.2989299436728,288.7395058123591,1.0018182632085997,3e-07,-9.514226575325283,apd_structure_20260818_00016
APD_V_M10,apd_20260818_00034,apd_structure_20260818_00017,5.508040082827e-10,3690.8621867634574,677.1794686765486,300.37786186504314,0.9806013458178282,1e-07,-9.50558122424954,apd_structure_20260818_00017
APD_V_M10,apd_20260818_00036,apd_structure_20260818_00018,2.5879846703805217e-10,2189.013866229546,506.4806472784044,309.49363110455795,0.9831125820265924,1e-07,-9.494591231439662,apd_structure_20260818_00018
APD_V_M10,apd_20260818_00037,apd_structure_20260818_00018,2.5879846703805217e-10,2189.013866229546,506.4806472784044,309.49363110455795,0.9831125820265924,3e-07,-9.476935054570918,apd_structure_20260818_00018
APD_V_M10,apd_20260818_00039,apd_structure_20260818_00019,9.02267941293313e-10,3197.6727506734787,827.3806983790494,287.3523813412576,1.0182282241735403,3e-07,-9.521691131827104,apd_structure_20260818_00019
APD_V_M10,apd_20260818_00038,apd_structure_20260818_00019,9.02267941293313e-10,3197.6727506734787,827.3806983790494,287.3523813412576,1.0182282241735403,1e-07,-9.520651917805594,apd_structure_20260818_00019
APD_V_M10,apd_20260818_00041,apd_structure_20260818_00020,5.1957230153450954e-09,3323.7857184274167,604.8101490093811,308.5637652864152,1.0023769473806974,3e-07,-9.481905542711484,apd_structure_20260818_00020
APD_V_M10,apd_20260818_00043,apd_structure_20260818_00021,4.05488613972468e-09,3818.571721799695,554.2683173273701,311.15371087271114,1.0027698201842064,3e-07,-9.479664304840348,apd_structure_20260818_00021
APD_V_M10,apd_20260818_00040,apd_structure_20260818_00020,5.1957230153450954e-09,3323.7857184274167,604.8101490093811,308.5637652864152,1.0023769473806974,1e-07,-9.468670058926234,apd_structure_20260818_00020
APD_V_M10,apd_20260818_00042,apd_structure_20260818_00021,4.05488613972468e-09,3818.571721799695,554.2683173273701,311.15371087271114,1.0027698201842064,1e-07,-9.481526930795374,apd_structure_20260818_00021
APD_V_M10,apd_20260818_00047,apd_structure_20260818_00023,1.7607656396827267e-09,3484.346054075727,549.6404230771765,314.17499106794776,0.9869318546665848,3e-07,-9.48254952579411,apd_structure_20260818_00023
APD_V_M10,apd_20260818_00046,apd_structure_20260818_00023,1.7607656396827267e-09,3484.346054075727,549.6404230771765,314.17499106794776,0.9869318546665848,1e-07,-9.507166843628884,apd_structure_20260818_00023
APD_V_M10,apd_20260818_00044,apd_structure_20260818_00022,3.7694202401012766e-10,2692.5579368535546,647.913777974493,285.0759030577284,0.9823532510133982,1e-07,-9.450899975071746,apd_structure_20260818_00022
APD_V_M10,apd_20260818_00045,apd_structure_20260818_00022,3.7694202401012766e-10,2692.5579368535546,647.913777974493,285.0759030577284,0.9823532510133982,3e-07,-9.46974782773327,apd_structure_20260818_00022
APD_V_M10,apd_20260818_00048,apd_structure_20260818_00024,1.8510801728105726e-10,3674.328718090932,796.2090652502966,294.9890072516213,0.9873217569062192,1e-07,-9.467378589240248,apd_structure_20260818_00024
APD_V_M10,apd_20260818_00049,apd_structure_20260818_00024,1.8510801728105726e-10,3674.328718090932,796.2090652502966,294.9890072516213,0.9873217569062192,3e-07,-9.473456822849707,apd_structure_20260818_00024
APD_V_M10,apd_20260818_00050,apd_structure_20260818_00025,5.004609875207597e-10,3497.054718687623,577.7295166313186,305.02125564771416,1.007018305338989,1e-07,-9.48131098574563,apd_structure_20260818_00025
APD_V_M10,apd_20260818_00051,apd_structure_20260818_00025,5.004609875207597e-10,3497.054718687623,577.7295166313186,305.02125564771416,1.007018305338989,3e-07,-9.493436617820146,apd_structure_20260818_00025
APD_V_M10,apd_20260818_00054,apd_structure_20260818_00027,2.565467728384782e-09,2623.429929559898,910.1294117087828,297.1920359496207,0.990397211043174,1e-07,-9.493942344432211,apd_structure_20260818_00027
APD_V_M10,apd_20260818_00055,apd_structure_20260818_00027,2.565467728384782e-09,2623.429929559898,910.1294117087828,297.1920359496207,0.990397211043174,3e-07,-9.478918437296874,apd_structure_20260818_00027
APD_V_M10,apd_20260818_00058,apd_structure_20260818_00029,1.4201946017581775e-10,4354.3001425038765,639.1572845170929,304.2000238566632,1.0146574989238817,1e-07,-9.446056468837392,apd_structure_20260818_00029
APD_V_M10,apd_20260818_00060,apd_structure_20260818_00030,1.6290642420693248e-10,3308.704491088767,895.5068384727402,302.12395191204007,0.999961514921804,1e-07,-9.523008756438877,apd_structure_20260818_00030
APD_V_M10,apd_20260818_00056,apd_structure_20260818_00028,2.6618700955104124e-09,2860.334943992341,890.683142934935,287.9877476865427,0.9896840067824666,1e-07,-9.48146710445756,apd_structure_20260818_00028
APD_V_M10,apd_20260818_00059,apd_structure_20260818_00029,1.4201946017581775e-10,4354.3001425038765,639.1572845170929,304.2000238566632,1.0146574989238817,3e-07,-9.452601942856496,apd_structure_20260818_00029
APD_V_M10,apd_20260818_00057,apd_structure_20260818_00028,2.6618700955104124e-09,2860.334943992341,890.683142934935,287.9877476865427,0.9896840067824666,3e-07,-9.48006983591927,apd_structure_20260818_00028
APD_V_M10,apd_20260818_00061,apd_structure_20260818_00030,1.6290642420693248e-10,3308.704491088767,895.5068384727402,302.12395191204007,0.999961514921804,3e-07,-9.513367166992085,apd_structure_20260818_00030
APD_V_M10,apd_20260818_00062,apd_structure_20260818_00031,5.108293786306503e-09,3218.300499079399,607.3559406322939,313.5958482831886,1.0140460141293712,1e-07,-9.541679262553671,apd_structure_20260818_00031
APD_V_M10,apd_20260818_00064,apd_structure_20260818_00032,1.2052441152916886e-09,4268.885178750791,488.6834142141717,312.50602205637506,0.9954647808893798,1e-07,-9.46821016841354,apd_structure_20260818_00032
APD_V_M10,apd_20260818_00068,apd_structure_20260818_00034,2.4334441314331327e-10,2790.679961818094,758.042644483998,310.3011479377425,0.9835177590284097,1e-07,-9.512598142369852,apd_structure_20260818_00034
APD_V_M10,apd_20260818_00066,apd_structure_20260818_00033,5.52138191074268e-09,4234.056636123074,807.8992248298441,298.90757336310486,1.001136454852969,1e-07,-9.477486791184838,apd_structure_20260818_00033
APD_V_M10,apd_20260818_00065,apd_structure_20260818_00032,1.2052441152916886e-09,4268.885178750791,488.6834142141717,312.50602205637506,0.9954647808893798,3e-07,-9.47328846696434,apd_structure_20260818_00032
APD_V_M10,apd_20260818_00063,apd_structure_20260818_00031,5.108293786306503e-09,3218.300499079399,607.3559406322939,313.5958482831886,1.0140460141293712,3e-07,-9.50845175296584,apd_structure_20260818_00031
APD_V_M10,apd_20260818_00067,apd_structure_20260818_00033,5.52138191074268e-09,4234.056636123074,807.8992248298441,298.90757336310486,1.001136454852969,3e-07,-9.474173819228564,apd_structure_20260818_00033
APD_V_M10,apd_20260818_00069,apd_structure_20260818_00034,2.4334441314331327e-10,2790.679961818094,758.042644483998,310.3011479377425,0.9835177590284097,3e-07,-9.509730681928175,apd_structure_20260818_00034
APD_V_M10,apd_20260818_00072,apd_structure_20260818_00036,6.49586123107904e-10,3144.9178935311074,685.4355243477925,314.9214877143589,1.0038316248159105,1e-07,-9.481898543682068,apd_structure_20260818_00036
APD_V_M10,apd_20260818_00076,apd_structure_20260818_00038,3.529172143277309e-09,4089.346553115755,620.3363071038782,302.4034960126382,1.0122644318625371,1e-07,-9.51009377713229,apd_structure_20260818_00038
APD_V_M10,apd_20260818_00070,apd_structure_20260818_00035,4.719681932784466e-10,2646.788297341279,863.7909458671834,291.5051373039499,1.0097591315346437,1e-07,-9.499707877994355,apd_structure_20260818_00035
APD_V_M10,apd_20260818_00074,apd_structure_20260818_00037,5.715227923077298e-09,2938.893279632238,886.1492634457227,310.84126226490014,1.0109530098983504,1e-07,-9.46918511621021,apd_structure_20260818_00037
APD_V_M10,apd_20260818_00073,apd_structure_20260818_00036,6.49586123107904e-10,3144.9178935311074,685.4355243477925,314.9214877143589,1.0038316248159105,3e-07,-9.477477994132803,apd_structure_20260818_00036
APD_V_M10,apd_20260818_00077,apd_structure_20260818_00038,3.529172143277309e-09,4089.346553115755,620.3363071038782,302.4034960126382,1.0122644318625371,3e-07,-9.50003710565702,apd_structure_20260818_00038
APD_V_M10,apd_20260818_00071,apd_structure_20260818_00035,4.719681932784466e-10,2646.788297341279,863.7909458671834,291.5051373039499,1.0097591315346437,3e-07,-9.495992096628576,apd_structure_20260818_00035
APD_V_M10,apd_20260818_00075,apd_structure_20260818_00037,5.715227923077298e-09,2938.893279632238,886.1492634457227,310.84126226490014,1.0109530098983504,3e-07,-9.467916123469625,apd_structure_20260818_00037
APD_V_M10,apd_20260818_00078,apd_structure_20260818_00039,2.7931524829903005e-10,3869.140110076581,479.42182656125664,312.0339522830383,0.9975826335640016,1e-07,-9.497556457307596,apd_structure_20260818_00039
APD_V_M10,apd_20260818_00080,apd_structure_20260818_00040,1.038992950772766e-10,2987.6239563217123,631.6082776480476,296.7263462866393,0.9862323199779862,1e-07,-9.491872451103328,apd_structure_20260818_00040
APD_V_M10,apd_20260818_00084,apd_structure_20260818_00042,1.729806951214189e-09,3271.6406890531616,848.7251336541408,295.57733665718064,0.9851712089494288,1e-07,-9.499533406968444,apd_structure_20260818_00042
APD_V_M10,apd_20260818_00082,apd_structure_20260818_00041,4.429603981766808e-09,3946.129222683103,674.4845060365867,313.0131457471222,0.9883362141013856,1e-07,-9.48308275261151,apd_structure_20260818_00041
APD_V_M10,apd_20260818_00079,apd_structure_20260818_00039,2.7931524829903005e-10,3869.140110076581,479.42182656125664,312.0339522830383,0.9975826335640016,3e-07,-9.515098080964703,apd_structure_20260818_00039
APD_V_M10,apd_20260818_00083,apd_structure_20260818_00041,4.429603981766808e-09,3946.129222683103,674.4845060365867,313.0131457471222,0.9883362141013856,3e-07,-9.491023413126594,apd_structure_20260818_00041
APD_V_M10,apd_20260818_00081,apd_structure_20260818_00040,1.038992950772766e-10,2987.6239563217123,631.6082776480476,296.7263462866393,0.9862323199779862,3e-07,-9.4839944281883,apd_structure_20260818_00040
APD_V_M10,apd_20260818_00085,apd_structure_20260818_00042,1.729806951214189e-09,3271.6406890531616,848.7251336541408,295.57733665718064,0.9851712089494288,3e-07,-9.502904435224377,apd_structure_20260818_00042
APD_V_M10,apd_20260818_00088,apd_structure_20260818_00044,3.3051295309629207e-10,4297.875328749432,730.8926979971193,293.8101801049708,0.985565970849502,1e-07,-9.473162837014332,apd_structure_20260818_00044
APD_V_M10,apd_20260818_00092,apd_structure_20260818_00046,3.0853661645276177e-10,2099.303765177065,875.1570853709432,285.83631420396017,0.9815054876230254,1e-07,-9.50335158366348,apd_structure_20260818_00046
APD_V_M10,apd_20260818_00090,apd_structure_20260818_00045,7.559763143243246e-10,2747.2715839687603,721.0682656912672,290.84977101120853,1.013778519621368,1e-07,-9.530311715042382,apd_structure_20260818_00045
APD_V_M10,apd_20260818_00086,apd_structure_20260818_00043,2.33670854307673e-09,2600.131892296308,854.1353248743457,310.0595319977491,0.9981515771142008,1e-07,-9.492827626494158,apd_structure_20260818_00043
APD_V_M10,apd_20260818_00087,apd_structure_20260818_00043,2.33670854307673e-09,2600.131892296308,854.1353248743457,310.0595319977491,0.9981515771142008,3e-07,-9.489655030621766,apd_structure_20260818_00043
APD_V_M10,apd_20260818_00089,apd_structure_20260818_00044,3.3051295309629207e-10,4297.875328749432,730.8926979971193,293.8101801049708,0.985565970849502,3e-07,-9.495096367676105,apd_structure_20260818_00044
APD_V_M10,apd_20260818_00093,apd_structure_20260818_00046,3.0853661645276177e-10,2099.303765177065,875.1570853709432,285.83631420396017,0.9815054876230254,3e-07,-9.510566226395992,apd_structure_20260818_00046
APD_V_M10,apd_20260818_00091,apd_structure_20260818_00045,7.559763143243246e-10,2747.2715839687603,721.0682656912672,290.84977101120853,1.013778519621368,3e-07,-9.531788009808274,apd_structure_20260818_00045
APD_V_M10,apd_20260818_00098,apd_structure_20260818_00049,1.5117686350421355e-10,2334.1209435682867,776.0623148602024,307.0376588155374,0.9800891490784706,1e-07,-9.4827841520915,apd_structure_20260818_00049
APD_V_M10,apd_20260818_00094,apd_structure_20260818_00047,2.3491848365629516e-10,1985.1846622509463,944.8134809605206,303.30231662194115,1.019129069010776,1e-07,-9.46538488577769,apd_structure_20260818_00047
APD_V_M10,apd_20260818_00096,apd_structure_20260818_00048,1.9982636644340423e-10,4441.968949341442,940.6205937621878,289.3824934866024,1.0160882699877456,1e-07,-9.511996415568982,apd_structure_20260818_00048
APD_V_M10,apd_20260818_00100,apd_structure_20260818_00050,1.0526813482231988e-10,3917.5115177456073,800.2008070704601,299.5149395266995,1.0065375618481451,1e-07,-9.472301175497105,apd_structure_20260818_00050
APD_V_M10,apd_20260818_00099,apd_structure_20260818_00049,1.5117686350421355e-10,2334.1209435682867,776.0623148602024,307.0376588155374,0.9800891490784706,3e-07,-9.483011823579826,apd_structure_20260818_00049
APD_V_M10,apd_20260818_00095,apd_structure_20260818_00047,2.3491848365629516e-10,1985.1846622509463,944.8134809605206,303.30231662194115,1.019129069010776,3e-07,-9.487947218134185,apd_structure_20260818_00047
APD_V_M10,apd_20260818_00097,apd_structure_20260818_00048,1.9982636644340423e-10,4441.968949341442,940.6205937621878,289.3824934866024,1.0160882699877456,3e-07,-9.5005100665493,apd_structure_20260818_00048
APD_V_M10,apd_20260818_00101,apd_structure_20260818_00050,1.0526813482231988e-10,3917.5115177456073,800.2008070704601,299.5149395266995,1.0065375618481451,3e-07,-9.494604974304927,apd_structure_20260818_00050
APD_V_M10,apd_20260818_00104,apd_structure_20260818_00052,2.9222240513372387e-09,1883.80137933856,738.8485895222389,299.8419756763109,1.0166277436050015,1e-07,-9.473268432275272,apd_structure_20260818_00052
APD_V_M10,apd_20260818_00106,apd_structure_20260818_00053,3.306390317579304e-09,2166.4213794464504,615.4881203198381,302.731500562923,1.0043069853840525,1e-07,-9.5044184749238,apd_structure_20260818_00053
APD_V_M10,apd_20260818_00102,apd_structure_20260818_00051,3.141519925408213e-09,3155.34035794258,494.3750340555022,300.0615345339743,0.9970961226424624,1e-07,-9.497619787107425,apd_structure_20260818_00051
APD_V_M10,apd_20260818_00108,apd_structure_20260818_00054,6.780668626725725e-10,4470.808428009963,455.1481224485901,303.4101773014597,0.9956669652558288,1e-07,-9.502139066205393,apd_structure_20260818_00054
APD_V_M10,apd_20260818_00103,apd_structure_20260818_00051,3.141519925408213e-09,3155.34035794258,494.3750340555022,300.0615345339743,0.9970961226424624,3e-07,-9.49234035065128,apd_structure_20260818_00051
APD_V_M10,apd_20260818_00107,apd_structure_20260818_00053,3.306390317579304e-09,2166.4213794464504,615.4881203198381,302.731500562923,1.0043069853840525,3e-07,-9.468620375778364,apd_structure_20260818_00053
APD_V_M10,apd_20260818_00109,apd_structure_20260818_00054,6.780668626725725e-10,4470.808428009963,455.1481224485901,303.4101773014597,0.9956669652558288,3e-07,-9.503584951486552,apd_structure_20260818_00054
APD_V_M10,apd_20260818_00105,apd_structure_20260818_00052,2.9222240513372387e-09,1883.80137933856,738.8485895222389,299.8419756763109,1.0166277436050015,3e-07,-9.476547425476028,apd_structure_20260818_00052
APD_V_M10,apd_20260818_00110,apd_structure_20260818_00055,1.8141081328254096e-10,3625.150641795229,570.809080247742,305.4051171265315,0.9924722750132036,1e-07,-9.475830885703958,apd_structure_20260818_00055
APD_V_M10,apd_20260818_00114,apd_structure_20260818_00057,1.6199035399264699e-09,2516.5086212230526,815.4031107156482,293.36932693691284,1.011128684477974,1e-07,-9.482046027527492,apd_structure_20260818_00057
APD_V_M10,apd_20260818_00116,apd_structure_20260818_00058,1.8579000879795158e-09,2902.216991525619,566.5596254323303,301.49371507691103,1.0090967966537838,1e-07,-9.521526589061867,apd_structure_20260818_00058
APD_V_M10,apd_20260818_00112,apd_structure_20260818_00056,3.474227505010244e-10,3593.181642455114,503.5186507947706,291.08737547758494,1.003198445829229,1e-07,-9.449877195766222,apd_structure_20260818_00056
APD_V_M10,apd_20260818_00111,apd_structure_20260818_00055,1.8141081328254096e-10,3625.150641795229,570.809080247742,305.4051171265315,0.9924722750132036,3e-07,-9.47947794600781,apd_structure_20260818_00055
APD_V_M10,apd_20260818_00113,apd_structure_20260818_00056,3.474227505010244e-10,3593.181642455114,503.5186507947706,291.08737547758494,1.003198445829229,3e-07,-9.468334670648495,apd_structure_20260818_00056
APD_V_M10,apd_20260818_00115,apd_structure_20260818_00057,1.6199035399264699e-09,2516.5086212230526,815.4031107156482,293.36932693691284,1.011128684477974,3e-07,-9.49283876508454,apd_structure_20260818_00057
APD_V_M10,apd_20260818_00117,apd_structure_20260818_00058,1.8579000879795158e-09,2902.216991525619,566.5596254323303,301.49371507691103,1.0090967966537838,3e-07,-9.522700540066916,apd_structure_20260818_00058
APD_V_M10,apd_20260818_00118,apd_structure_20260818_00059,2.747252918127294e-10,3391.1083663618256,768.9585753469079,306.26776524216416,0.9840778463308196,1e-07,-9.552052130034747,apd_structure_20260818_00059
APD_V_M10,apd_20260818_00124,apd_structure_20260818_00062,1.510667128638831e-09,2276.288978029412,701.377515884076,314.3546982642843,1.000264016724307,1e-07,-9.455851521812646,apd_structure_20260818_00062
APD_V_M10,apd_20260818_00120,apd_structure_20260818_00060,2.0668170579174277e-10,3525.9097339971254,524.6731527709055,297.4023285321864,0.9905441052766072,1e-07,-9.496299060758744,apd_structure_20260818_00060
APD_V_M10,apd_20260818_00122,apd_structure_20260818_00061,3.0087801994920063e-10,3365.8626801381106,536.4602295350886,298.60305947845694,1.004969943919788,1e-07,-9.50578093556655,apd_structure_20260818_00061
APD_V_M10,apd_20260818_00119,apd_structure_20260818_00059,2.747252918127294e-10,3391.1083663618256,768.9585753469079,306.26776524216416,0.9840778463308196,3e-07,-9.50331195477844,apd_structure_20260818_00059
APD_V_M10,apd_20260818_00125,apd_structure_20260818_00062,1.510667128638831e-09,2276.288978029412,701.377515884076,314.3546982642843,1.000264016724307,3e-07,-9.47273869591801,apd_structure_20260818_00062
APD_V_M10,apd_20260818_00121,apd_structure_20260818_00060,2.0668170579174277e-10,3525.9097339971254,524.6731527709055,297.4023285321864,0.9905441052766072,3e-07,-9.485361468910185,apd_structure_20260818_00060
APD_V_M10,apd_20260818_00123,apd_structure_20260818_00061,3.0087801994920063e-10,3365.8626801381106,536.4602295350886,298.60305947845694,1.004969943919788,3e-07,-9.493702923160315,apd_structure_20260818_00061
APD_V_M10,apd_20260818_00130,apd_structure_20260818_00065,1.4984976654353441e-09,2464.5583878542284,693.3695216898142,308.17597249607354,0.9888375855796386,1e-07,-9.475213425248846,apd_structure_20260818_00065
APD_V_M10,apd_20260818_00132,apd_structure_20260818_00066,4.1158223817202607e-10,2133.213524824349,714.9759499351964,295.4549132723941,0.9993773132422816,1e-07,-9.47240148922352,apd_structure_20260818_00066
APD_V_M10,apd_20260818_00126,apd_structure_20260818_00063,1.0824128782509812e-09,2549.387142662602,753.4287977492586,311.4848392341101,1.0188785292819391,1e-07,-9.48106600769519,apd_structure_20260818_00063
APD_V_M10,apd_20260818_00128,apd_structure_20260818_00064,8.48377501848545e-10,2843.9111966278706,484.8716029856334,296.0145293650035,1.0158237986558438,1e-07,-9.492296118825188,apd_structure_20260818_00064
APD_V_M10,apd_20260818_00131,apd_structure_20260818_00065,1.4984976654353441e-09,2464.5583878542284,693.3695216898142,308.17597249607354,0.9888375855796386,3e-07,-9.482326073348672,apd_structure_20260818_00065
APD_V_M10,apd_20260818_00127,apd_structure_20260818_00063,1.0824128782509812e-09,2549.387142662602,753.4287977492586,311.4848392341101,1.0188785292819391,3e-07,-9.495623908108293,apd_structure_20260818_00063
APD_V_M10,apd_20260818_00129,apd_structure_20260818_00064,8.48377501848545e-10,2843.9111966278706,484.8716029856334,296.0145293650035,1.0158237986558438,3e-07,-9.493806602306403,apd_structure_20260818_00064
APD_V_M10,apd_20260818_00133,apd_structure_20260818_00066,4.1158223817202607e-10,2133.213524824349,714.9759499351964,295.4549132723941,0.9993773132422816,3e-07,-9.480909522462152,apd_structure_20260818_00066
APD_V_M10,apd_20260818_00134,apd_structure_20260818_00067,3.84633087900459e-09,2959.2496457739194,927.2003339815304,288.1475795544361,0.982953638091284,1e-07,-9.510950548005988,apd_structure_20260818_00067
APD_V_M10,apd_20260818_00136,apd_structure_20260818_00068,5.245984813160556e-10,1829.9295112080824,784.9780144272925,313.37424969533936,1.0100222580426488,1e-07,-9.508761132767695,apd_structure_20260818_00068
APD_V_M10,apd_20260818_00140,apd_structure_20260818_00070,3.709153734666421e-09,3971.2696415171854,473.21932577292125,289.6678427377105,1.0064269146626237,1e-07,-9.484812986422694,apd_structure_20260818_00070
APD_V_M10,apd_20260818_00138,apd_structure_20260818_00069,5.991750855316472e-10,3776.792298864677,912.586150200041,290.02680370620385,1.0116326205548458,1e-07,-9.444561633339196,apd_structure_20260818_00069
APD_V_M10,apd_20260818_00137,apd_structure_20260818_00068,5.245984813160556e-10,1829.9295112080824,784.9780144272925,313.37424969533936,1.0100222580426488,3e-07,-9.500964835213887,apd_structure_20260818_00068
APD_V_M10,apd_20260818_00141,apd_structure_20260818_00070,3.709153734666421e-09,3971.2696415171854,473.21932577292125,289.6678427377105,1.0064269146626237,3e-07,-9.483627329253844,apd_structure_20260818_00070
APD_V_M10,apd_20260818_00139,apd_structure_20260818_00069,5.991750855316472e-10,3776.792298864677,912.586150200041,290.02680370620385,1.0116326205548458,3e-07,-9.452360960398272,apd_structure_20260818_00069
APD_V_M10,apd_20260818_00135,apd_structure_20260818_00067,3.84633087900459e-09,2959.2496457739194,927.2003339815304,288.1475795544361,0.982953638091284,3e-07,-9.487021531969305,apd_structure_20260818_00067
APD_V_M10,apd_20260818_00142,apd_structure_20260818_00071,9.689935754819139e-10,4399.825582806392,530.2376045375718,288.8478845889239,1.005636617262222,1e-07,-9.492804756877,apd_structure_20260818_00071
APD_V_M10,apd_20260818_00148,apd_structure_20260818_00074,3.0052721347448413e-09,2208.1948605137786,921.7820250970426,286.4782567334568,1.000812630398195,1e-07,-9.47372277398518,apd_structure_20260818_00074
APD_V_M10,apd_20260818_00146,apd_structure_20260818_00073,1.0232670866037327e-09,1909.734673922049,823.2278446316834,294.5286864789382,1.007906997178594,1e-07,-9.50640922315834,apd_structure_20260818_00073
APD_V_M10,apd_20260818_00143,apd_structure_20260818_00071,9.689935754819139e-10,4399.825582806392,530.2376045375718,288.8478845889239,1.005636617262222,3e-07,-9.499629972781191,apd_structure_20260818_00071
APD_V_M10,apd_20260818_00147,apd_structure_20260818_00073,1.0232670866037327e-09,1909.734673922049,823.2278446316834,294.5286864789382,1.007906997178594,3e-07,-9.49095843827693,apd_structure_20260818_00073
APD_V_M10,apd_20260818_00149,apd_structure_20260818_00074,3.0052721347448413e-09,2208.1948605137786,921.7820250970426,286.4782567334568,1.000812630398195,3e-07,-9.479657999815494,apd_structure_20260818_00074
APD_V_M10,apd_20260818_00156,apd_structure_20260818_00078,1.2766419617709254e-10,4109.04043247313,659.5534173287643,294.29259735967,1.0051399607172542,1e-07,-9.522911638969516,apd_structure_20260818_00078
APD_V_M10,apd_20260818_00150,apd_structure_20260818_00075,3.8180008714283597e-10,4017.905774425306,467.6126929631697,307.62701631363143,0.9929742466866632,1e-07,-9.559423004616518,apd_structure_20260818_00075
APD_V_M10,apd_20260818_00152,apd_structure_20260818_00076,1.127636402366847e-09,4173.6074329581625,590.1836064347791,292.8321038378692,0.9930565868562264,1e-07,-9.5074993934561,apd_structure_20260818_00076
APD_V_M10,apd_20260818_00151,apd_structure_20260818_00075,3.8180008714283597e-10,4017.905774425306,467.6126929631697,307.62701631363143,0.9929742466866632,3e-07,-9.515891245732853,apd_structure_20260818_00075
APD_V_M10,apd_20260818_00153,apd_structure_20260818_00076,1.127636402366847e-09,4173.6074329581625,590.1836064347791,292.8321038378692,0.9930565868562264,3e-07,-9.502864191513217,apd_structure_20260818_00076
APD_V_M10,apd_20260818_00155,apd_structure_20260818_00077,1.299674643840261e-10,2502.3396637556352,629.8338006771454,293.1148108132625,1.0086464479062955,3e-07,-9.533517833763309,apd_structure_20260818_00077
APD_V_M10,apd_20260818_00157,apd_structure_20260818_00078,1.2766419617709254e-10,4109.04043247313,659.5534173287643,294.29259735967,1.0051399607172542,3e-07,-9.517877284849968,apd_structure_20260818_00078
APD_V_M10,apd_20260818_00158,apd_structure_20260818_00079,9.347601729413167e-10,4218.630070419438,594.9045734936055,286.60444290230566,1.0170161068199963,1e-07,-9.50272322660357,apd_structure_20260818_00079
APD_V_M10,apd_20260818_00159,apd_structure_20260818_00079,9.347601729413167e-10,4218.630070419438,594.9045734936055,286.60444290230566,1.0170161068199963,3e-07,-9.498074677947642,apd_structure_20260818_00079
