nominal_structure_id,nominal_core_width_nm,nominal_coupling_gap_nm,nominal_ring_radius_um,nominal_core_thickness_nm,nominal_slab_thickness_nm,nominal_device_layer_thickness_nm,dataset_role,frozen_confirmation,sampling_method,sampling_seed,split,wafer_id
ring_cv_dev_20260912_0000,453.4861391778015,393.65923764169855,9.866658964410012,120.0,100.0,220.0,development,False,independent_latin_hypercube,20260912,train,dev_wafer_01
ring_cv_dev_20260912_0001,430.71790076585273,385.1806018582748,9.824529226471697,120.0,100.0,220.0,development,False,independent_latin_hypercube,20260912,validation,dev_wafer_02
ring_cv_dev_20260912_0002,449.83834158224937,447.4480247184309,10.149755286136992,120.0,100.0,220.0,development,False,independent_latin_hypercube,20260912,validation,dev_wafer_00
ring_cv_dev_20260912_0003,441.74856625734526,350.04313163288384,9.9716120884467,120.0,100.0,220.0,development,False,independent_latin_hypercube,20260912,train,dev_wafer_07
ring_cv_dev_20260912_0004,436.39766068990417,351.9581186641081,10.192538333634198,120.0,100.0,220.0,development,False,independent_latin_hypercube,20260912,calibration,dev_wafer_07
ring_cv_dev_20260912_0005,442.4314080609134,351.76330032328417,9.893304392724737,120.0,100.0,220.0,development,False,independent_latin_hypercube,20260912,train,dev_wafer_00
ring_cv_dev_20260912_0006,463.4982569617995,405.3636634924288,10.052215508944853,120.0,100.0,220.0,development,False,independent_latin_hypercube,20260912,calibration,dev_wafer_05
ring_cv_dev_20260912_0007,453.9311315023821,350.38383714655487,9.802004765108842,120.0,100.0,220.0,development,False,independent_latin_hypercube,20260912,train,dev_wafer_03
ring_cv_dev_20260912_0008,463.1712464454485,423.9487233437147,9.93475540871102,120.0,100.0,220.0,development,False,independent_latin_hypercube,20260912,train,dev_wafer_06
ring_cv_dev_20260912_0009,435.513919572924,400.4280946485819,10.095935435333606,120.0,100.0,220.0,development,False,independent_latin_hypercube,20260912,train,dev_wafer_00
ring_cv_dev_20260912_0010,465.32345673205873,387.4177975904164,9.938716227697878,120.0,100.0,220.0,development,False,independent_latin_hypercube,20260912,train,dev_wafer_04
ring_cv_dev_20260912_0011,464.5237602350668,359.9347074016135,9.87781722283138,120.0,100.0,220.0,development,False,independent_latin_hypercube,20260912,calibration,dev_wafer_01
ring_cv_dev_20260912_0012,465.55025182162126,378.1145700474041,9.81855980035324,120.0,100.0,220.0,development,False,independent_latin_hypercube,20260912,train,dev_wafer_04
ring_cv_dev_20260912_0013,437.5542745360525,406.02001882514935,10.167616940160558,120.0,100.0,220.0,development,False,independent_latin_hypercube,20260912,train,dev_wafer_00
ring_cv_dev_20260912_0014,467.0334930553652,370.5719479898874,9.853940769118667,120.0,100.0,220.0,development,False,independent_latin_hypercube,20260912,train,dev_wafer_01
ring_cv_dev_20260912_0015,435.8826994200904,382.647244625024,9.92399463996334,120.0,100.0,220.0,development,False,independent_latin_hypercube,20260912,validation,dev_wafer_06
ring_cv_dev_20260912_0016,433.2230364821811,409.2261032212492,10.047819977134491,120.0,100.0,220.0,development,False,independent_latin_hypercube,20260912,train,dev_wafer_04
ring_cv_dev_20260912_0017,457.1899252929137,411.35969393039056,9.821107953106852,120.0,100.0,220.0,development,False,independent_latin_hypercube,20260912,train,dev_wafer_03
ring_cv_dev_20260912_0018,437.8940326255517,363.13252708675486,9.80932560716442,120.0,100.0,220.0,development,False,independent_latin_hypercube,20260912,internal_test,dev_wafer_04
ring_cv_dev_20260912_0019,444.1674590570447,366.6204831642344,10.011234863668657,120.0,100.0,220.0,development,False,independent_latin_hypercube,20260912,train,dev_wafer_02
ring_cv_dev_20260912_0020,469.239875927912,371.8753529109963,10.058892461637924,120.0,100.0,220.0,development,False,independent_latin_hypercube,20260912,train,dev_wafer_06
ring_cv_dev_20260912_0021,440.21587520814376,393.0060007224444,9.805727803927018,120.0,100.0,220.0,development,False,independent_latin_hypercube,20260912,train,dev_wafer_04
ring_cv_dev_20260912_0022,450.3203823054113,449.4612396945585,10.043944508520484,120.0,100.0,220.0,development,False,independent_latin_hypercube,20260912,train,dev_wafer_00
ring_cv_dev_20260912_0023,443.9910555679359,352.2553332878597,9.876601298549287,120.0,100.0,220.0,development,False,independent_latin_hypercube,20260912,train,dev_wafer_06
ring_cv_dev_20260912_0024,452.2119324347107,369.6942536115322,10.196548491021977,120.0,100.0,220.0,development,False,independent_latin_hypercube,20260912,train,dev_wafer_03
ring_cv_dev_20260912_0025,448.5375231047993,382.17035753440285,9.885704408912018,120.0,100.0,220.0,development,False,independent_latin_hypercube,20260912,train,dev_wafer_02
ring_cv_dev_20260912_0026,433.11775357377576,364.53220874902007,10.16558018992862,120.0,100.0,220.0,development,False,independent_latin_hypercube,20260912,train,dev_wafer_03
ring_cv_dev_20260912_0027,464.6682228211341,399.1048875168272,9.83427097268962,120.0,100.0,220.0,development,False,independent_latin_hypercube,20260912,train,dev_wafer_06
ring_cv_dev_20260912_0028,437.2331398024329,406.6147669975275,10.00131750362012,120.0,100.0,220.0,development,False,independent_latin_hypercube,20260912,train,dev_wafer_00
ring_cv_dev_20260912_0029,466.9376130603087,403.1997175120225,9.875665669657122,120.0,100.0,220.0,development,False,independent_latin_hypercube,20260912,train,dev_wafer_00
ring_cv_dev_20260912_0030,464.8619461996463,389.3648276091027,9.85740544023726,120.0,100.0,220.0,development,False,independent_latin_hypercube,20260912,train,dev_wafer_05
ring_cv_dev_20260912_0031,466.3539347985694,397.8395988573643,9.968890682999165,120.0,100.0,220.0,development,False,independent_latin_hypercube,20260912,internal_test,dev_wafer_02
ring_cv_dev_20260912_0032,461.9427399046128,401.2753181761808,9.881938965209736,120.0,100.0,220.0,development,False,independent_latin_hypercube,20260912,internal_test,dev_wafer_01
ring_cv_dev_20260912_0033,432.195010989034,381.26989117042734,9.85093298170749,120.0,100.0,220.0,development,False,independent_latin_hypercube,20260912,train,dev_wafer_07
ring_cv_dev_20260912_0034,449.3041213556268,381.0049173201282,10.035510612277411,120.0,100.0,220.0,development,False,independent_latin_hypercube,20260912,train,dev_wafer_01
ring_cv_dev_20260912_0035,457.65159901129095,423.27943873429217,9.949666835542624,120.0,100.0,220.0,development,False,independent_latin_hypercube,20260912,internal_test,dev_wafer_00
ring_cv_dev_20260912_0036,450.087130872298,418.861594656715,10.142571094825524,120.0,100.0,220.0,development,False,independent_latin_hypercube,20260912,train,dev_wafer_02
ring_cv_dev_20260912_0037,442.5787508963488,377.421862494482,10.185385367844242,120.0,100.0,220.0,development,False,independent_latin_hypercube,20260912,train,dev_wafer_03
ring_cv_dev_20260912_0038,455.36188287354366,382.1941306931509,10.003499651555147,120.0,100.0,220.0,development,False,independent_latin_hypercube,20260912,train,dev_wafer_06
ring_cv_dev_20260912_0039,457.79775840229286,448.4446413967236,10.174927760907574,120.0,100.0,220.0,development,False,independent_latin_hypercube,20260912,calibration,dev_wafer_05
ring_cv_dev_20260912_0040,448.9601835925375,426.67996015918607,10.108340950957029,120.0,100.0,220.0,development,False,independent_latin_hypercube,20260912,train,dev_wafer_02
ring_cv_dev_20260912_0041,453.3050100886713,381.63496094699775,9.83332115033866,120.0,100.0,220.0,development,False,independent_latin_hypercube,20260912,calibration,dev_wafer_00
ring_cv_dev_20260912_0042,431.154533654326,441.9431289443203,10.094059636084358,120.0,100.0,220.0,development,False,independent_latin_hypercube,20260912,internal_test,dev_wafer_06
ring_cv_dev_20260912_0043,459.4607430776719,361.3270449279876,10.02275768428966,120.0,100.0,220.0,development,False,independent_latin_hypercube,20260912,calibration,dev_wafer_03
ring_cv_dev_20260912_0044,459.6120052250774,364.88320959672114,10.08521301854454,120.0,100.0,220.0,development,False,independent_latin_hypercube,20260912,train,dev_wafer_02
ring_cv_dev_20260912_0045,433.94322508555854,402.2067067191229,9.88735101571417,120.0,100.0,220.0,development,False,independent_latin_hypercube,20260912,validation,dev_wafer_05
ring_cv_dev_20260912_0046,438.8654426906281,354.266025543408,9.879151739200733,120.0,100.0,220.0,development,False,independent_latin_hypercube,20260912,train,dev_wafer_02
ring_cv_dev_20260912_0047,439.5920719560884,356.9064662083535,9.874319668382046,120.0,100.0,220.0,development,False,independent_latin_hypercube,20260912,train,dev_wafer_04
ring_cv_dev_20260912_0048,447.5708493156907,384.2258624354434,10.032425547869176,120.0,100.0,220.0,development,False,independent_latin_hypercube,20260912,internal_test,dev_wafer_07
ring_cv_dev_20260912_0049,445.971185776788,399.9546359023567,9.803684344381333,120.0,100.0,220.0,development,False,independent_latin_hypercube,20260912,train,dev_wafer_00
ring_cv_dev_20260912_0050,466.515969081327,377.7612677807881,10.157188460502995,120.0,100.0,220.0,development,False,independent_latin_hypercube,20260912,train,dev_wafer_05
ring_cv_dev_20260912_0051,446.05461180992137,411.70173714793424,10.097578668587934,120.0,100.0,220.0,development,False,independent_latin_hypercube,20260912,train,dev_wafer_04
ring_cv_dev_20260912_0052,449.42580982637054,394.9813384685112,9.888557778155365,120.0,100.0,220.0,development,False,independent_latin_hypercube,20260912,internal_test,dev_wafer_06
ring_cv_dev_20260912_0053,434.2266718713631,401.8487235192022,10.05742736441698,120.0,100.0,220.0,development,False,independent_latin_hypercube,20260912,train,dev_wafer_01
ring_cv_dev_20260912_0054,458.7924859649109,399.4619615393749,10.073492077692496,120.0,100.0,220.0,development,False,independent_latin_hypercube,20260912,train,dev_wafer_01
ring_cv_dev_20260912_0055,447.88956394914175,361.1960936089749,10.139899331332265,120.0,100.0,220.0,development,False,independent_latin_hypercube,20260912,train,dev_wafer_07
ring_cv_dev_20260912_0056,463.68509400358977,412.5654366411851,9.858155072534323,120.0,100.0,220.0,development,False,independent_latin_hypercube,20260912,train,dev_wafer_06
ring_cv_dev_20260912_0057,462.79919984234886,356.2331959109506,10.13408977219967,120.0,100.0,220.0,development,False,independent_latin_hypercube,20260912,train,dev_wafer_05
ring_cv_dev_20260912_0058,462.3238097081603,396.36798874062345,9.951111469123502,120.0,100.0,220.0,development,False,independent_latin_hypercube,20260912,train,dev_wafer_07
ring_cv_dev_20260912_0059,451.46891981018825,402.1343586306989,10.071664364871136,120.0,100.0,220.0,development,False,independent_latin_hypercube,20260912,train,dev_wafer_01
ring_cv_dev_20260912_0060,456.85341411132976,355.0365346425016,10.077269039793734,120.0,100.0,220.0,development,False,independent_latin_hypercube,20260912,train,dev_wafer_07
ring_cv_dev_20260912_0061,441.5408508891013,394.005548248341,10.045784223999952,120.0,100.0,220.0,development,False,independent_latin_hypercube,20260912,train,dev_wafer_03
ring_cv_dev_20260912_0062,446.2186751693093,423.11359446632815,10.198029196512394,120.0,100.0,220.0,development,False,independent_latin_hypercube,20260912,train,dev_wafer_05
ring_cv_dev_20260912_0063,442.1627227755758,435.4187345421734,10.123989081293075,120.0,100.0,220.0,development,False,independent_latin_hypercube,20260912,train,dev_wafer_07
ring_cv_dev_20260912_0064,431.3334527981682,424.4386653564227,10.08743898815535,120.0,100.0,220.0,development,False,independent_latin_hypercube,20260912,train,dev_wafer_06
ring_cv_dev_20260912_0065,452.78774632446806,371.67463350970496,10.16262082518145,120.0,100.0,220.0,development,False,independent_latin_hypercube,20260912,calibration,dev_wafer_03
ring_cv_dev_20260912_0066,463.0173453258036,366.46914917038674,10.041523592592169,120.0,100.0,220.0,development,False,independent_latin_hypercube,20260912,train,dev_wafer_03
ring_cv_dev_20260912_0067,451.1327223571712,414.5558819829028,9.899848782900555,120.0,100.0,220.0,development,False,independent_latin_hypercube,20260912,train,dev_wafer_03
ring_cv_dev_20260912_0068,456.3196418293348,435.6331576871326,9.970621669465835,120.0,100.0,220.0,development,False,independent_latin_hypercube,20260912,internal_test,dev_wafer_07
ring_cv_dev_20260912_0069,431.084335768208,364.0282990834856,10.068858283149044,120.0,100.0,220.0,development,False,independent_latin_hypercube,20260912,train,dev_wafer_07
ring_cv_dev_20260912_0070,450.6160774836428,429.2861059998877,9.975168048497164,120.0,100.0,220.0,development,False,independent_latin_hypercube,20260912,calibration,dev_wafer_02
ring_cv_dev_20260912_0071,432.77280143974826,353.11490403483765,9.835117021960476,120.0,100.0,220.0,development,False,independent_latin_hypercube,20260912,train,dev_wafer_01
ring_cv_dev_20260912_0072,437.0848438825021,427.8335904986228,9.974313329984833,120.0,100.0,220.0,development,False,independent_latin_hypercube,20260912,train,dev_wafer_02
ring_cv_dev_20260912_0073,444.474681083192,446.0878089625264,10.030198998564064,120.0,100.0,220.0,development,False,independent_latin_hypercube,20260912,train,dev_wafer_01
ring_cv_dev_20260912_0074,430.21994355376455,398.30716337583937,10.114494392485256,120.0,100.0,220.0,development,False,independent_latin_hypercube,20260912,train,dev_wafer_05
ring_cv_dev_20260912_0075,463.5564668284008,420.1967242326504,10.068202301463646,120.0,100.0,220.0,development,False,independent_latin_hypercube,20260912,calibration,dev_wafer_01
ring_cv_dev_20260912_0076,445.3364070785223,397.7394641596012,10.157543661896936,120.0,100.0,220.0,development,False,independent_latin_hypercube,20260912,train,dev_wafer_07
ring_cv_dev_20260912_0077,438.4454278593667,360.3518893912748,10.060210035184165,120.0,100.0,220.0,development,False,independent_latin_hypercube,20260912,train,dev_wafer_07
ring_cv_dev_20260912_0078,442.2817396503619,354.7705098841122,10.09198402044908,120.0,100.0,220.0,development,False,independent_latin_hypercube,20260912,calibration,dev_wafer_00
ring_cv_dev_20260912_0079,467.74146837310127,427.1709813051442,9.81368187847804,120.0,100.0,220.0,development,False,independent_latin_hypercube,20260912,train,dev_wafer_02
ring_cv_dev_20260912_0080,440.7355717174816,402.8684461131706,9.936352081553634,120.0,100.0,220.0,development,False,independent_latin_hypercube,20260912,train,dev_wafer_07
ring_cv_dev_20260912_0081,448.0009067525249,375.79187861836897,9.873083608965995,120.0,100.0,220.0,development,False,independent_latin_hypercube,20260912,validation,dev_wafer_07
ring_cv_dev_20260912_0082,461.50546721419886,433.3795615207847,10.112474417592578,120.0,100.0,220.0,development,False,independent_latin_hypercube,20260912,train,dev_wafer_06
ring_cv_dev_20260912_0083,441.42848588228304,443.0349483789064,9.96317435411487,120.0,100.0,220.0,development,False,independent_latin_hypercube,20260912,calibration,dev_wafer_02
ring_cv_dev_20260912_0084,455.9280874400211,443.610346043661,9.839278802394327,120.0,100.0,220.0,development,False,independent_latin_hypercube,20260912,train,dev_wafer_01
ring_cv_dev_20260912_0085,435.3221192317232,434.0662982098584,10.162439938826113,120.0,100.0,220.0,development,False,independent_latin_hypercube,20260912,train,dev_wafer_05
ring_cv_dev_20260912_0086,449.6417189803566,375.6006034675957,9.998468384337327,120.0,100.0,220.0,development,False,independent_latin_hypercube,20260912,internal_test,dev_wafer_07
ring_cv_dev_20260912_0087,469.600961662047,393.1316915096189,10.18353334241461,120.0,100.0,220.0,development,False,independent_latin_hypercube,20260912,train,dev_wafer_00
ring_cv_dev_20260912_0088,440.7948056690315,366.0943313881716,10.179390552230442,120.0,100.0,220.0,development,False,independent_latin_hypercube,20260912,internal_test,dev_wafer_00
ring_cv_dev_20260912_0089,434.0016476993195,420.87033326001256,9.80703124845238,120.0,100.0,220.0,development,False,independent_latin_hypercube,20260912,train,dev_wafer_02
ring_cv_dev_20260912_0090,467.9964079959968,448.9635682671061,9.932935569379987,120.0,100.0,220.0,development,False,independent_latin_hypercube,20260912,train,dev_wafer_01
ring_cv_dev_20260912_0091,442.0411826790793,442.4349080472483,10.078453027630534,120.0,100.0,220.0,development,False,independent_latin_hypercube,20260912,train,dev_wafer_06
ring_cv_dev_20260912_0092,460.59851625620286,379.9087640364712,9.92686614096881,120.0,100.0,220.0,development,False,independent_latin_hypercube,20260912,train,dev_wafer_02
ring_cv_dev_20260912_0093,467.3095553666612,420.6053678444244,9.829853286646795,120.0,100.0,220.0,development,False,independent_latin_hypercube,20260912,internal_test,dev_wafer_02
ring_cv_dev_20260912_0094,454.99759071800247,416.5584542876657,10.064962622429157,120.0,100.0,220.0,development,False,independent_latin_hypercube,20260912,train,dev_wafer_05
ring_cv_dev_20260912_0095,430.8341720695578,408.86359881653385,10.1335824250186,120.0,100.0,220.0,development,False,independent_latin_hypercube,20260912,train,dev_wafer_01
ring_cv_dev_20260912_0096,453.7615302970794,388.2700296084278,9.906391150301504,120.0,100.0,220.0,development,False,independent_latin_hypercube,20260912,train,dev_wafer_02
ring_cv_dev_20260912_0097,439.3418249284019,433.0589413585613,10.006711089680058,120.0,100.0,220.0,development,False,independent_latin_hypercube,20260912,train,dev_wafer_06
ring_cv_dev_20260912_0098,454.6547178257681,383.2063979032855,10.014273295725406,120.0,100.0,220.0,development,False,independent_latin_hypercube,20260912,internal_test,dev_wafer_02
ring_cv_dev_20260912_0099,467.7776761869846,415.5915035331009,9.95763884119898,120.0,100.0,220.0,development,False,independent_latin_hypercube,20260912,train,dev_wafer_05
ring_cv_dev_20260912_0100,452.3785600386644,447.687602467808,10.190081461112118,120.0,100.0,220.0,development,False,independent_latin_hypercube,20260912,calibration,dev_wafer_02
ring_cv_dev_20260912_0101,462.15849758250016,359.0280587671677,9.921886616902764,120.0,100.0,220.0,development,False,independent_latin_hypercube,20260912,train,dev_wafer_04
ring_cv_dev_20260912_0102,469.80645852722967,375.046560044416,9.989884582077826,120.0,100.0,220.0,development,False,independent_latin_hypercube,20260912,validation,dev_wafer_06
ring_cv_dev_20260912_0103,462.984445995958,404.1525353529935,10.103302622676749,120.0,100.0,220.0,development,False,independent_latin_hypercube,20260912,calibration,dev_wafer_00
ring_cv_dev_20260912_0104,440.9251754536848,374.4805623137745,10.175016055750516,120.0,100.0,220.0,development,False,independent_latin_hypercube,20260912,train,dev_wafer_06
ring_cv_dev_20260912_0105,464.4143834602067,364.1466722641232,10.140457451064648,120.0,100.0,220.0,development,False,independent_latin_hypercube,20260912,internal_test,dev_wafer_00
ring_cv_dev_20260912_0106,464.9216251339682,390.4441648325636,10.117493093326363,120.0,100.0,220.0,development,False,independent_latin_hypercube,20260912,calibration,dev_wafer_07
ring_cv_dev_20260912_0107,461.8189363396639,435.2575596649874,9.914631998660026,120.0,100.0,220.0,development,False,independent_latin_hypercube,20260912,train,dev_wafer_04
ring_cv_dev_20260912_0108,454.87237640189534,430.2505667298032,9.816025295476384,120.0,100.0,220.0,development,False,independent_latin_hypercube,20260912,train,dev_wafer_05
ring_cv_dev_20260912_0109,450.89341704495865,418.26565166258246,9.908927338666038,120.0,100.0,220.0,development,False,independent_latin_hypercube,20260912,train,dev_wafer_05
ring_cv_dev_20260912_0110,432.487183920049,397.4135834962217,10.100494159267344,120.0,100.0,220.0,development,False,independent_latin_hypercube,20260912,train,dev_wafer_04
ring_cv_dev_20260912_0111,437.3717444630911,384.53406510295054,10.038058469497209,120.0,100.0,220.0,development,False,independent_latin_hypercube,20260912,train,dev_wafer_04
ring_cv_dev_20260912_0112,462.669745543511,372.8486232466463,9.99944932553542,120.0,100.0,220.0,development,False,independent_latin_hypercube,20260912,train,dev_wafer_07
ring_cv_dev_20260912_0113,439.8360348754498,410.3363826929009,9.919038534559768,120.0,100.0,220.0,development,False,independent_latin_hypercube,20260912,train,dev_wafer_07
ring_cv_dev_20260912_0114,456.1421862884683,440.2262246581637,9.838511358376774,120.0,100.0,220.0,development,False,independent_latin_hypercube,20260912,validation,dev_wafer_07
ring_cv_dev_20260912_0115,439.1061667331503,427.6097572792193,9.847652263042995,120.0,100.0,220.0,development,False,independent_latin_hypercube,20260912,train,dev_wafer_00
ring_cv_dev_20260912_0116,432.2622665019201,415.2098206935912,9.86052931965473,120.0,100.0,220.0,development,False,independent_latin_hypercube,20260912,train,dev_wafer_03
ring_cv_dev_20260912_0117,453.554830331638,408.222438258402,9.846702188175763,120.0,100.0,220.0,development,False,independent_latin_hypercube,20260912,train,dev_wafer_03
ring_cv_dev_20260912_0118,442.81434177150703,351.4329554208388,10.012724900321745,120.0,100.0,220.0,development,False,independent_latin_hypercube,20260912,train,dev_wafer_02
ring_cv_dev_20260912_0119,446.5134515023833,413.440592429717,10.007635560180152,120.0,100.0,220.0,development,False,independent_latin_hypercube,20260912,validation,dev_wafer_07
ring_cv_dev_20260912_0120,460.2260569354121,447.8404774944605,9.90854611456622,120.0,100.0,220.0,development,False,independent_latin_hypercube,20260912,train,dev_wafer_03
ring_cv_dev_20260912_0121,436.36649355420656,431.5290213380804,10.042969385949082,120.0,100.0,220.0,development,False,independent_latin_hypercube,20260912,calibration,dev_wafer_06
ring_cv_dev_20260912_0122,436.9100113278587,405.0268749975646,10.083167987449412,120.0,100.0,220.0,development,False,independent_latin_hypercube,20260912,validation,dev_wafer_07
ring_cv_dev_20260912_0123,466.4803890469492,354.56764767694204,10.025356998202769,120.0,100.0,220.0,development,False,independent_latin_hypercube,20260912,train,dev_wafer_00
ring_cv_dev_20260912_0124,436.8166651693094,367.7304795587973,9.99599768199425,120.0,100.0,220.0,development,False,independent_latin_hypercube,20260912,train,dev_wafer_07
ring_cv_dev_20260912_0125,452.1137841243222,390.8386297516234,10.178247182532802,120.0,100.0,220.0,development,False,independent_latin_hypercube,20260912,validation,dev_wafer_01
ring_cv_dev_20260912_0126,468.7186939225823,395.6746914680368,10.199245207504248,120.0,100.0,220.0,development,False,independent_latin_hypercube,20260912,train,dev_wafer_02
ring_cv_dev_20260912_0127,433.284654116692,360.8771749243228,10.12794309637058,120.0,100.0,220.0,development,False,independent_latin_hypercube,20260912,train,dev_wafer_04
ring_cv_dev_20260912_0128,446.79763007261806,380.4043317000806,9.898504111250029,120.0,100.0,220.0,development,False,independent_latin_hypercube,20260912,train,dev_wafer_06
ring_cv_dev_20260912_0129,469.7408917923552,367.35428162451785,10.187078722012972,120.0,100.0,220.0,development,False,independent_latin_hypercube,20260912,train,dev_wafer_05
ring_cv_dev_20260912_0130,435.37887371990746,422.6097734340492,9.822880658683474,120.0,100.0,220.0,development,False,independent_latin_hypercube,20260912,validation,dev_wafer_06
ring_cv_dev_20260912_0131,440.48727886782535,400.1833364649714,9.986467505631154,120.0,100.0,220.0,development,False,independent_latin_hypercube,20260912,calibration,dev_wafer_02
ring_cv_dev_20260912_0132,447.17590598930326,407.4208900349181,9.80033170017668,120.0,100.0,220.0,development,False,independent_latin_hypercube,20260912,train,dev_wafer_07
ring_cv_dev_20260912_0133,438.682070886717,436.6052864435081,9.85211061201247,120.0,100.0,220.0,development,False,independent_latin_hypercube,20260912,train,dev_wafer_07
ring_cv_dev_20260912_0134,444.323131858699,376.015682567351,9.85541473678741,120.0,100.0,220.0,development,False,independent_latin_hypercube,20260912,train,dev_wafer_00
ring_cv_dev_20260912_0135,468.8875952728056,391.1435983535873,9.935376724471418,120.0,100.0,220.0,development,False,independent_latin_hypercube,20260912,train,dev_wafer_04
ring_cv_dev_20260912_0136,434.33974682779854,355.5916983894287,9.814904813224636,120.0,100.0,220.0,development,False,independent_latin_hypercube,20260912,train,dev_wafer_02
ring_cv_dev_20260912_0137,462.50774760520665,368.3226032142889,10.033251166769515,120.0,100.0,220.0,development,False,independent_latin_hypercube,20260912,validation,dev_wafer_07
ring_cv_dev_20260912_0138,442.90866513711,394.2360854544246,9.94697394252774,120.0,100.0,220.0,development,False,independent_latin_hypercube,20260912,internal_test,dev_wafer_00
ring_cv_dev_20260912_0139,461.7470157277904,369.5936443249564,9.915876820840769,120.0,100.0,220.0,development,False,independent_latin_hypercube,20260912,train,dev_wafer_04
ring_cv_dev_20260912_0140,456.63874930872265,418.6259768111517,9.86294568372848,120.0,100.0,220.0,development,False,independent_latin_hypercube,20260912,calibration,dev_wafer_00
ring_cv_dev_20260912_0141,469.9481023728589,404.8068516332441,10.109639719847769,120.0,100.0,220.0,development,False,independent_latin_hypercube,20260912,train,dev_wafer_00
ring_cv_dev_20260912_0142,462.08563872302943,392.4180729764399,9.972785461619994,120.0,100.0,220.0,development,False,independent_latin_hypercube,20260912,train,dev_wafer_06
ring_cv_dev_20260912_0143,465.96167247292107,379.2327941885068,10.160625629119943,120.0,100.0,220.0,development,False,independent_latin_hypercube,20260912,train,dev_wafer_06
ring_cv_dev_20260912_0144,454.06908664464265,440.48502864834177,10.112621715290942,120.0,100.0,220.0,development,False,independent_latin_hypercube,20260912,calibration,dev_wafer_01
ring_cv_dev_20260912_0145,448.35058810536896,363.50544963063504,10.106567514467072,120.0,100.0,220.0,development,False,independent_latin_hypercube,20260912,train,dev_wafer_04
ring_cv_dev_20260912_0146,432.0938446506905,390.2583000823861,9.99220091392848,120.0,100.0,220.0,development,False,independent_latin_hypercube,20260912,train,dev_wafer_06
ring_cv_dev_20260912_0147,441.29335037437977,410.1815913596687,9.920242753897435,120.0,100.0,220.0,development,False,independent_latin_hypercube,20260912,train,dev_wafer_00
ring_cv_dev_20260912_0148,468.1186863657775,380.6916204189675,10.172596339528011,120.0,100.0,220.0,development,False,independent_latin_hypercube,20260912,calibration,dev_wafer_03
ring_cv_dev_20260912_0149,443.60041278825946,382.813834961348,9.843540021812313,120.0,100.0,220.0,development,False,independent_latin_hypercube,20260912,train,dev_wafer_03
ring_cv_dev_20260912_0150,464.0342829264,353.9690828479148,10.023768954916354,120.0,100.0,220.0,development,False,independent_latin_hypercube,20260912,calibration,dev_wafer_06
ring_cv_dev_20260912_0151,466.0271777188525,415.692002617966,10.017411116586343,120.0,100.0,220.0,development,False,independent_latin_hypercube,20260912,internal_test,dev_wafer_00
ring_cv_dev_20260912_0152,449.2167081073978,446.54056164425134,10.088372542721746,120.0,100.0,220.0,development,False,independent_latin_hypercube,20260912,calibration,dev_wafer_07
ring_cv_dev_20260912_0153,452.3035194138072,398.5702121584163,10.159827477570706,120.0,100.0,220.0,development,False,independent_latin_hypercube,20260912,calibration,dev_wafer_00
ring_cv_dev_20260912_0154,461.3317982352521,413.2836003528676,9.95998324795507,120.0,100.0,220.0,development,False,independent_latin_hypercube,20260912,train,dev_wafer_01
ring_cv_dev_20260912_0155,468.6185844606721,386.7464522314387,10.075546387049515,120.0,100.0,220.0,development,False,independent_latin_hypercube,20260912,internal_test,dev_wafer_00
ring_cv_dev_20260912_0156,433.5631243365302,359.51938765807495,10.14670560671429,120.0,100.0,220.0,development,False,independent_latin_hypercube,20260912,validation,dev_wafer_02
ring_cv_dev_20260912_0157,459.2937246358493,428.4919062010577,10.121922451622115,120.0,100.0,220.0,development,False,independent_latin_hypercube,20260912,calibration,dev_wafer_03
ring_cv_dev_20260912_0158,445.6300998030579,441.18822319754827,10.115456030895018,120.0,100.0,220.0,development,False,independent_latin_hypercube,20260912,validation,dev_wafer_02
ring_cv_dev_20260912_0159,439.4749349629028,433.8677079218809,10.136438640121868,120.0,100.0,220.0,development,False,independent_latin_hypercube,20260912,validation,dev_wafer_03
ring_cv_dev_20260912_0160,469.1036347605469,370.0408792447701,9.858935773532076,120.0,100.0,220.0,development,False,independent_latin_hypercube,20260912,internal_test,dev_wafer_05
ring_cv_dev_20260912_0161,460.79803931636167,405.7653969190256,9.955619410771398,120.0,100.0,220.0,development,False,independent_latin_hypercube,20260912,train,dev_wafer_02
ring_cv_dev_20260912_0162,463.9887841750143,429.7212335658638,10.104600724608002,120.0,100.0,220.0,development,False,independent_latin_hypercube,20260912,train,dev_wafer_04
ring_cv_dev_20260912_0163,444.70702632606685,444.9921598585394,9.86175073363408,120.0,100.0,220.0,development,False,independent_latin_hypercube,20260912,train,dev_wafer_05
ring_cv_dev_20260912_0164,465.1219013001447,372.460456897504,10.181081563411054,120.0,100.0,220.0,development,False,independent_latin_hypercube,20260912,calibration,dev_wafer_05
ring_cv_dev_20260912_0165,434.6946824025099,427.38977857315496,10.021839375559626,120.0,100.0,220.0,development,False,independent_latin_hypercube,20260912,validation,dev_wafer_01
ring_cv_dev_20260912_0166,434.5651168601488,361.92010694631153,9.985018035143367,120.0,100.0,220.0,development,False,independent_latin_hypercube,20260912,train,dev_wafer_06
ring_cv_dev_20260912_0167,443.3345277532925,385.4117171720129,9.954737334042472,120.0,100.0,220.0,development,False,independent_latin_hypercube,20260912,train,dev_wafer_00
ring_cv_dev_20260912_0168,438.2394823836268,449.8142546223291,9.9621840809315,120.0,100.0,220.0,development,False,independent_latin_hypercube,20260912,validation,dev_wafer_04
ring_cv_dev_20260912_0169,440.1216610621768,437.66915842422696,9.988375783595965,120.0,100.0,220.0,development,False,independent_latin_hypercube,20260912,train,dev_wafer_05
ring_cv_dev_20260912_0170,431.8403328367719,389.43824444954953,10.16448244071645,120.0,100.0,220.0,development,False,independent_latin_hypercube,20260912,train,dev_wafer_06
ring_cv_dev_20260912_0171,438.0732739149244,418.0947637727133,9.95296861669019,120.0,100.0,220.0,development,False,independent_latin_hypercube,20260912,train,dev_wafer_06
ring_cv_dev_20260912_0172,458.2089445469146,362.2490160344756,9.865406473021524,120.0,100.0,220.0,development,False,independent_latin_hypercube,20260912,calibration,dev_wafer_05
ring_cv_dev_20260912_0173,445.5334650821413,430.99022068063096,10.151240127872043,120.0,100.0,220.0,development,False,independent_latin_hypercube,20260912,calibration,dev_wafer_01
ring_cv_dev_20260912_0174,436.20052390542486,414.12605199697407,9.947996489471716,120.0,100.0,220.0,development,False,independent_latin_hypercube,20260912,validation,dev_wafer_05
ring_cv_dev_20260912_0175,431.9201693218511,355.7540208679655,10.184099842862471,120.0,100.0,220.0,development,False,independent_latin_hypercube,20260912,train,dev_wafer_03
ring_cv_dev_20260912_0176,430.0663939928777,438.7209428716337,10.118965100112092,120.0,100.0,220.0,development,False,independent_latin_hypercube,20260912,train,dev_wafer_06
ring_cv_dev_20260912_0177,444.5649471563947,386.2113182701034,10.046529128463522,120.0,100.0,220.0,development,False,independent_latin_hypercube,20260912,train,dev_wafer_06
ring_cv_dev_20260912_0178,451.6118156507407,428.9333642294004,9.819038073280694,120.0,100.0,220.0,development,False,independent_latin_hypercube,20260912,train,dev_wafer_01
ring_cv_dev_20260912_0179,454.3435627411236,436.9542139353987,10.16648407767804,120.0,100.0,220.0,development,False,independent_latin_hypercube,20260912,train,dev_wafer_07
ring_cv_dev_20260912_0180,462.4942174193691,434.96245014147615,9.890753032005843,120.0,100.0,220.0,development,False,independent_latin_hypercube,20260912,calibration,dev_wafer_04
ring_cv_dev_20260912_0181,460.7179414165234,425.11439993565216,9.840095951157474,120.0,100.0,220.0,development,False,independent_latin_hypercube,20260912,train,dev_wafer_05
ring_cv_dev_20260912_0182,458.0887874416457,407.5080840428662,9.978738402607483,120.0,100.0,220.0,development,False,independent_latin_hypercube,20260912,internal_test,dev_wafer_04
ring_cv_dev_20260912_0183,447.7748758323274,365.81910215945226,9.82592243191782,120.0,100.0,220.0,development,False,independent_latin_hypercube,20260912,internal_test,dev_wafer_03
ring_cv_dev_20260912_0184,448.78140522648033,356.82974298024226,9.895895699857446,120.0,100.0,220.0,development,False,independent_latin_hypercube,20260912,internal_test,dev_wafer_01
ring_cv_dev_20260912_0185,435.0527231564606,350.8682006906606,10.13076850510124,120.0,100.0,220.0,development,False,independent_latin_hypercube,20260912,train,dev_wafer_07
ring_cv_dev_20260912_0186,452.6451339242296,412.3693021917961,9.88911398422885,120.0,100.0,220.0,development,False,independent_latin_hypercube,20260912,calibration,dev_wafer_04
ring_cv_dev_20260912_0187,457.3382867101442,362.8160394155423,9.929224640833729,120.0,100.0,220.0,development,False,independent_latin_hypercube,20260912,internal_test,dev_wafer_04
ring_cv_dev_20260912_0188,465.822175318554,437.3101230621962,10.106103270629506,120.0,100.0,220.0,development,False,independent_latin_hypercube,20260912,calibration,dev_wafer_02
ring_cv_dev_20260912_0189,458.6006716924862,358.7491405957502,10.04986577593228,120.0,100.0,220.0,development,False,independent_latin_hypercube,20260912,validation,dev_wafer_01
ring_cv_dev_20260912_0190,451.6284218821549,431.9119630565991,9.82681972547267,120.0,100.0,220.0,development,False,independent_latin_hypercube,20260912,train,dev_wafer_00
ring_cv_dev_20260912_0191,455.204676136349,377.0466056156986,10.146129865832512,120.0,100.0,220.0,development,False,independent_latin_hypercube,20260912,train,dev_wafer_00
ring_cv_dev_20260912_0192,469.3778520704433,371.31945101366136,9.832275735787777,120.0,100.0,220.0,development,False,independent_latin_hypercube,20260912,calibration,dev_wafer_05
ring_cv_dev_20260912_0193,456.9505975640868,388.0631123091615,9.842272345600696,120.0,100.0,220.0,development,False,independent_latin_hypercube,20260912,internal_test,dev_wafer_00
ring_cv_dev_20260912_0194,441.9697777816458,416.0171919998944,9.931469665891584,120.0,100.0,220.0,development,False,independent_latin_hypercube,20260912,train,dev_wafer_05
ring_cv_dev_20260912_0195,446.34755127227,368.69909434839394,10.01606368119009,120.0,100.0,220.0,development,False,independent_latin_hypercube,20260912,validation,dev_wafer_07
ring_cv_dev_20260912_0196,457.53376147381465,425.9661450977053,10.101322684142769,120.0,100.0,220.0,development,False,independent_latin_hypercube,20260912,train,dev_wafer_06
ring_cv_dev_20260912_0197,431.6815835308115,361.5779666929153,10.18234084052438,120.0,100.0,220.0,development,False,independent_latin_hypercube,20260912,train,dev_wafer_02
ring_cv_dev_20260912_0198,450.38510876179305,417.4123153355132,10.037257135616874,120.0,100.0,220.0,development,False,independent_latin_hypercube,20260912,train,dev_wafer_03
ring_cv_dev_20260912_0199,466.1505649345978,368.9393294982831,10.110145133757976,120.0,100.0,220.0,development,False,independent_latin_hypercube,20260912,validation,dev_wafer_04
ring_cv_dev_20260912_0200,456.4812919396037,385.6716381963249,9.951374951063448,120.0,100.0,220.0,development,False,independent_latin_hypercube,20260912,calibration,dev_wafer_06
ring_cv_dev_20260912_0201,467.190828330132,362.6537417018632,10.155233076878671,120.0,100.0,220.0,development,False,independent_latin_hypercube,20260912,train,dev_wafer_01
ring_cv_dev_20260912_0202,433.40169790464455,437.9857837943333,10.1540394953987,120.0,100.0,220.0,development,False,independent_latin_hypercube,20260912,train,dev_wafer_04
ring_cv_dev_20260912_0203,454.537232011003,392.68062952323527,9.99670205255288,120.0,100.0,220.0,development,False,independent_latin_hypercube,20260912,train,dev_wafer_03
ring_cv_dev_20260912_0204,443.78658551587966,430.7099305562351,9.917151717628228,120.0,100.0,220.0,development,False,independent_latin_hypercube,20260912,train,dev_wafer_05
ring_cv_dev_20260912_0205,460.4822422709164,369.0902721667168,10.172194361050332,120.0,100.0,220.0,development,False,independent_latin_hypercube,20260912,validation,dev_wafer_00
ring_cv_dev_20260912_0206,430.26507131112186,403.5372795614435,9.88465977082854,120.0,100.0,220.0,development,False,independent_latin_hypercube,20260912,train,dev_wafer_04
ring_cv_dev_20260912_0207,447.2580474844376,426.52519104637696,10.054288341378172,120.0,100.0,220.0,development,False,independent_latin_hypercube,20260912,train,dev_wafer_05
ring_cv_dev_20260912_0208,466.8128418926528,391.60118722379,10.020425535453274,120.0,100.0,220.0,development,False,independent_latin_hypercube,20260912,train,dev_wafer_01
ring_cv_dev_20260912_0209,436.06799478553927,420.9761355716373,10.02800008476477,120.0,100.0,220.0,development,False,independent_latin_hypercube,20260912,train,dev_wafer_01
ring_cv_dev_20260912_0210,436.6501494667697,394.6149027664293,10.0667873081531,120.0,100.0,220.0,development,False,independent_latin_hypercube,20260912,validation,dev_wafer_01
ring_cv_dev_20260912_0211,460.1159611988513,387.6129930548768,9.945414857888837,120.0,100.0,220.0,development,False,independent_latin_hypercube,20260912,train,dev_wafer_03
ring_cv_dev_20260912_0212,451.374751015845,376.6013811842851,10.01784609866243,120.0,100.0,220.0,development,False,independent_latin_hypercube,20260912,internal_test,dev_wafer_05
ring_cv_dev_20260912_0213,455.4529679852117,417.7167939005264,10.081299478050664,120.0,100.0,220.0,development,False,independent_latin_hypercube,20260912,calibration,dev_wafer_02
ring_cv_dev_20260912_0214,466.7189219088917,448.3963252291208,9.982099945852983,120.0,100.0,220.0,development,False,independent_latin_hypercube,20260912,calibration,dev_wafer_05
ring_cv_dev_20260912_0215,430.510469168075,430.4771713014636,9.92544340117898,120.0,100.0,220.0,development,False,independent_latin_hypercube,20260912,train,dev_wafer_06
ring_cv_dev_20260912_0216,450.1303948727374,421.5747497778506,10.091119996582254,120.0,100.0,220.0,development,False,independent_latin_hypercube,20260912,train,dev_wafer_01
ring_cv_dev_20260912_0217,460.9035979369021,368.0172424603065,10.14811095583972,120.0,100.0,220.0,development,False,independent_latin_hypercube,20260912,train,dev_wafer_02
ring_cv_dev_20260912_0218,459.86785603864,373.5088700983357,9.960237331539323,120.0,100.0,220.0,development,False,independent_latin_hypercube,20260912,train,dev_wafer_03
ring_cv_dev_20260912_0219,448.6578092190043,383.8951792153794,9.967837519344632,120.0,100.0,220.0,development,False,independent_latin_hypercube,20260912,train,dev_wafer_03
ring_cv_dev_20260912_0220,432.6202416173573,357.7746808442883,10.096559309282648,120.0,100.0,220.0,development,False,independent_latin_hypercube,20260912,internal_test,dev_wafer_01
ring_cv_dev_20260912_0221,459.67948792619467,422.0576286543943,9.830352101454,120.0,100.0,220.0,development,False,independent_latin_hypercube,20260912,validation,dev_wafer_07
ring_cv_dev_20260912_0222,441.8265797063441,439.41346944128185,9.990338507867069,120.0,100.0,220.0,development,False,independent_latin_hypercube,20260912,train,dev_wafer_00
ring_cv_dev_20260912_0223,447.0945666690057,401.0896010832384,9.98042307867139,120.0,100.0,220.0,development,False,independent_latin_hypercube,20260912,calibration,dev_wafer_05
ring_cv_dev_20260912_0224,433.8561355566746,406.9613330532166,9.827941017920208,120.0,100.0,220.0,development,False,independent_latin_hypercube,20260912,validation,dev_wafer_03
ring_cv_dev_20260912_0225,430.99041813451385,409.7125883916808,9.956713385694597,120.0,100.0,220.0,development,False,independent_latin_hypercube,20260912,train,dev_wafer_03
ring_cv_dev_20260912_0226,439.7281181654655,423.5679605275601,10.142253491277234,120.0,100.0,220.0,development,False,independent_latin_hypercube,20260912,train,dev_wafer_06
ring_cv_dev_20260912_0227,458.8929254878152,428.2536673820987,9.90321515507999,120.0,100.0,220.0,development,False,independent_latin_hypercube,20260912,train,dev_wafer_04
ring_cv_dev_20260912_0228,443.22660483343,357.4918518304565,9.930406321327872,120.0,100.0,220.0,development,False,independent_latin_hypercube,20260912,train,dev_wafer_00
ring_cv_dev_20260912_0229,442.66980613964574,374.7675983039854,10.011788457404194,120.0,100.0,220.0,development,False,independent_latin_hypercube,20260912,train,dev_wafer_05
ring_cv_dev_20260912_0230,443.0843993511574,444.4257869384903,9.940961623377111,120.0,100.0,220.0,development,False,independent_latin_hypercube,20260912,train,dev_wafer_07
ring_cv_dev_20260912_0231,447.6389801077115,396.5756265459752,9.864050407103054,120.0,100.0,220.0,development,False,independent_latin_hypercube,20260912,train,dev_wafer_05
ring_cv_dev_20260912_0232,453.2030560489729,389.711141387314,9.917621467466812,120.0,100.0,220.0,development,False,independent_latin_hypercube,20260912,internal_test,dev_wafer_02
ring_cv_dev_20260912_0233,458.4339444734607,353.6234564866924,9.911848933246668,120.0,100.0,220.0,development,False,independent_latin_hypercube,20260912,train,dev_wafer_00
ring_cv_dev_20260912_0234,459.9013061053352,419.3969343417797,9.868433708632535,120.0,100.0,220.0,development,False,independent_latin_hypercube,20260912,calibration,dev_wafer_00
ring_cv_dev_20260912_0235,468.24839243125086,402.7374779023841,9.966419954832611,120.0,100.0,220.0,development,False,independent_latin_hypercube,20260912,calibration,dev_wafer_05
ring_cv_dev_20260912_0236,438.5594321190555,371.0739489139597,10.05356297014465,120.0,100.0,220.0,development,False,independent_latin_hypercube,20260912,calibration,dev_wafer_02
ring_cv_dev_20260912_0237,468.299530579274,366.97059436426593,10.029223662383124,120.0,100.0,220.0,development,False,independent_latin_hypercube,20260912,train,dev_wafer_06
ring_cv_dev_20260912_0238,453.62770367730127,436.4901767124019,9.807553975661897,120.0,100.0,220.0,development,False,independent_latin_hypercube,20260912,internal_test,dev_wafer_07
ring_cv_dev_20260912_0239,456.0093927081553,388.8251557654565,10.070811171239146,120.0,100.0,220.0,development,False,independent_latin_hypercube,20260912,train,dev_wafer_04
ring_cv_dev_20260912_0240,454.2421803874692,425.3902991572615,9.943293593167915,120.0,100.0,220.0,development,False,independent_latin_hypercube,20260912,validation,dev_wafer_02
ring_cv_dev_20260912_0241,431.3856618372845,409.6224970354039,10.132293336946542,120.0,100.0,220.0,development,False,independent_latin_hypercube,20260912,train,dev_wafer_04
ring_cv_dev_20260912_0242,469.2533770134871,431.5866226772288,10.079068262775335,120.0,100.0,220.0,development,False,independent_latin_hypercube,20260912,validation,dev_wafer_05
ring_cv_dev_20260912_0243,458.2711779615606,384.8423649439549,10.127463717075065,120.0,100.0,220.0,development,False,independent_latin_hypercube,20260912,train,dev_wafer_03
ring_cv_dev_20260912_0244,461.00877503541375,440.8192448600208,10.000340376033236,120.0,100.0,220.0,development,False,independent_latin_hypercube,20260912,calibration,dev_wafer_05
ring_cv_dev_20260912_0245,464.3149422818266,412.1339653373146,9.894481622004074,120.0,100.0,220.0,development,False,independent_latin_hypercube,20260912,calibration,dev_wafer_07
ring_cv_dev_20260912_0246,441.0534189075455,406.2721203386664,10.01884837441691,120.0,100.0,220.0,development,False,independent_latin_hypercube,20260912,train,dev_wafer_01
ring_cv_dev_20260912_0247,468.4302155147122,414.787515373393,10.14401065730209,120.0,100.0,220.0,development,False,independent_latin_hypercube,20260912,train,dev_wafer_04
ring_cv_dev_20260912_0248,437.7506208630479,422.4298669094678,9.90164675155135,120.0,100.0,220.0,development,False,independent_latin_hypercube,20260912,train,dev_wafer_06
ring_cv_dev_20260912_0249,445.8241958602261,439.3088972170472,10.194195516285406,120.0,100.0,220.0,development,False,independent_latin_hypercube,20260912,calibration,dev_wafer_01
ring_cv_dev_20260912_0250,467.5606318930936,445.293528139876,10.009558353478706,120.0,100.0,220.0,development,False,independent_latin_hypercube,20260912,train,dev_wafer_03
ring_cv_dev_20260912_0251,448.23426652824566,373.4087772784179,9.836591513401514,120.0,100.0,220.0,development,False,independent_latin_hypercube,20260912,validation,dev_wafer_03
ring_cv_dev_20260912_0252,440.56497359518295,425.7756449737517,10.08407066879876,120.0,100.0,220.0,development,False,independent_latin_hypercube,20260912,train,dev_wafer_00
ring_cv_dev_20260912_0253,451.0048904874751,439.7096544884273,10.09996667752341,120.0,100.0,220.0,development,False,independent_latin_hypercube,20260912,train,dev_wafer_03
ring_cv_dev_20260912_0254,436.54721945065126,376.3153970153351,10.039690867063474,120.0,100.0,220.0,development,False,independent_latin_hypercube,20260912,train,dev_wafer_00
ring_cv_dev_20260912_0255,461.3782018928879,424.1717598046481,9.942208315212133,120.0,100.0,220.0,development,False,independent_latin_hypercube,20260912,train,dev_wafer_02
ring_cv_dev_20260912_0256,457.0157121543384,391.30461972415577,9.892172389727907,120.0,100.0,220.0,development,False,independent_latin_hypercube,20260912,train,dev_wafer_05
ring_cv_dev_20260912_0257,457.9384248924864,359.1962235102682,10.189801377961844,120.0,100.0,220.0,development,False,independent_latin_hypercube,20260912,validation,dev_wafer_01
ring_cv_dev_20260912_0258,450.8056306333314,416.9725553129484,9.910640681492008,120.0,100.0,220.0,development,False,independent_latin_hypercube,20260912,train,dev_wafer_03
ring_cv_dev_20260912_0259,437.64254380417344,356.31150560555426,9.882861458099407,120.0,100.0,220.0,development,False,independent_latin_hypercube,20260912,train,dev_wafer_06
ring_cv_dev_20260912_0260,468.7991144837974,391.9257289429573,9.849797937573673,120.0,100.0,220.0,development,False,independent_latin_hypercube,20260912,train,dev_wafer_04
ring_cv_dev_20260912_0261,455.8458389281709,388.60830668332073,10.004369955527276,120.0,100.0,220.0,development,False,independent_latin_hypercube,20260912,train,dev_wafer_01
ring_cv_dev_20260912_0262,450.7054959456507,413.0917158716325,10.055144263538478,120.0,100.0,220.0,development,False,independent_latin_hypercube,20260912,calibration,dev_wafer_05
ring_cv_dev_20260912_0263,454.4525797850756,432.26725687596513,9.804971713122097,120.0,100.0,220.0,development,False,independent_latin_hypercube,20260912,train,dev_wafer_00
ring_cv_dev_20260912_0264,446.4793076880374,378.3150599909428,10.153349281624047,120.0,100.0,220.0,development,False,independent_latin_hypercube,20260912,calibration,dev_wafer_07
ring_cv_dev_20260912_0265,444.0756294977633,442.6916676007038,9.93920670636769,120.0,100.0,220.0,development,False,independent_latin_hypercube,20260912,train,dev_wafer_06
ring_cv_dev_20260912_0266,438.2804981540529,365.4048404751754,10.16943110000861,120.0,100.0,220.0,development,False,independent_latin_hypercube,20260912,train,dev_wafer_01
ring_cv_dev_20260912_0267,446.66857392657664,372.65252029762166,9.900710660420463,120.0,100.0,220.0,development,False,independent_latin_hypercube,20260912,train,dev_wafer_03
ring_cv_dev_20260912_0268,435.21270314727946,358.0163530344126,10.027424578040684,120.0,100.0,220.0,development,False,independent_latin_hypercube,20260912,train,dev_wafer_05
ring_cv_dev_20260912_0269,432.64435109577767,403.8888704145905,9.897213240041134,120.0,100.0,220.0,development,False,independent_latin_hypercube,20260912,train,dev_wafer_04
ring_cv_dev_20260912_0270,439.1466116723949,374.2282306973314,9.994260313528075,120.0,100.0,220.0,development,False,independent_latin_hypercube,20260912,train,dev_wafer_04
ring_cv_dev_20260912_0271,463.8677014806794,436.1102064356857,9.983164073202005,120.0,100.0,220.0,development,False,independent_latin_hypercube,20260912,calibration,dev_wafer_07
ring_cv_dev_20260912_0272,431.57338233646897,398.85703178957897,9.984234877322766,120.0,100.0,220.0,development,False,independent_latin_hypercube,20260912,train,dev_wafer_02
ring_cv_dev_20260912_0273,467.4663696229584,441.5715301636518,9.928527227748232,120.0,100.0,220.0,development,False,independent_latin_hypercube,20260912,internal_test,dev_wafer_04
ring_cv_dev_20260912_0274,456.5976818984564,378.6425925099672,9.92276627899596,120.0,100.0,220.0,development,False,independent_latin_hypercube,20260912,train,dev_wafer_04
ring_cv_dev_20260912_0275,449.0824200348625,387.02241065286313,10.188695728785124,120.0,100.0,220.0,development,False,independent_latin_hypercube,20260912,calibration,dev_wafer_00
ring_cv_dev_20260912_0276,453.0029496139198,408.5865756645002,10.136241352752227,120.0,100.0,220.0,development,False,independent_latin_hypercube,20260912,internal_test,dev_wafer_03
ring_cv_dev_20260912_0277,451.9236427771446,433.5869159568714,10.063490762885923,120.0,100.0,220.0,development,False,independent_latin_hypercube,20260912,calibration,dev_wafer_03
ring_cv_dev_20260912_0278,444.96545551663945,407.8395002702444,9.88104449275604,120.0,100.0,220.0,development,False,independent_latin_hypercube,20260912,train,dev_wafer_01
ring_cv_dev_20260912_0279,449.947940566256,352.7448329521938,9.853463574810052,120.0,100.0,220.0,development,False,independent_latin_hypercube,20260912,train,dev_wafer_05
ring_cv_dev_20260912_0280,443.4210078350473,444.3266089720786,9.96452592292434,120.0,100.0,220.0,development,False,independent_latin_hypercube,20260912,train,dev_wafer_01
ring_cv_dev_20260912_0281,433.6504297944888,438.9729370444416,10.191453579888943,120.0,100.0,220.0,development,False,independent_latin_hypercube,20260912,train,dev_wafer_07
ring_cv_dev_20260912_0282,465.7317779575691,446.8383368703903,10.051027430158538,120.0,100.0,220.0,development,False,independent_latin_hypercube,20260912,train,dev_wafer_01
ring_cv_dev_20260912_0283,449.60450215484633,378.8986631688733,10.00553066368449,120.0,100.0,220.0,development,False,independent_latin_hypercube,20260912,internal_test,dev_wafer_02
ring_cv_dev_20260912_0284,452.5103770379996,441.3527445696864,9.979892503271254,120.0,100.0,220.0,development,False,independent_latin_hypercube,20260912,train,dev_wafer_01
ring_cv_dev_20260912_0285,445.09249344437495,410.9104211068532,10.12077029945562,120.0,100.0,220.0,development,False,independent_latin_hypercube,20260912,train,dev_wafer_04
ring_cv_dev_20260912_0286,461.23186295486187,416.7019241392632,10.123055093030636,120.0,100.0,220.0,development,False,independent_latin_hypercube,20260912,train,dev_wafer_03
ring_cv_dev_20260912_0287,434.4208094255802,383.7076275865176,9.906118602141088,120.0,100.0,220.0,development,False,independent_latin_hypercube,20260912,calibration,dev_wafer_01
ring_cv_dev_20260912_0288,448.3996845081873,438.2930836849872,10.06592630436098,120.0,100.0,220.0,development,False,independent_latin_hypercube,20260912,calibration,dev_wafer_06
ring_cv_dev_20260912_0289,435.6480175672268,397.1184219637796,10.088846850980126,120.0,100.0,220.0,development,False,independent_latin_hypercube,20260912,validation,dev_wafer_06
ring_cv_dev_20260912_0290,465.1793422939844,395.6181155024413,10.12541409600246,120.0,100.0,220.0,development,False,independent_latin_hypercube,20260912,train,dev_wafer_03
ring_cv_dev_20260912_0291,455.036524943838,400.8744860944096,10.171031404141193,120.0,100.0,220.0,development,False,independent_latin_hypercube,20260912,train,dev_wafer_06
ring_cv_dev_20260912_0292,434.9875594539847,386.3464150121249,9.976438545525486,120.0,100.0,220.0,development,False,independent_latin_hypercube,20260912,train,dev_wafer_03
ring_cv_dev_20260912_0293,459.05402265499566,411.21260521995015,9.81023256710244,120.0,100.0,220.0,development,False,independent_latin_hypercube,20260912,train,dev_wafer_04
ring_cv_dev_20260912_0294,440.36638472533417,351.1575202219026,9.868773587530594,120.0,100.0,220.0,development,False,independent_latin_hypercube,20260912,calibration,dev_wafer_06
ring_cv_dev_20260912_0295,457.4643372878834,419.1062640961357,10.034939890777888,120.0,100.0,220.0,development,False,independent_latin_hypercube,20260912,train,dev_wafer_04
ring_cv_dev_20260912_0296,447.4640867090518,449.0819953117366,9.965364026658555,120.0,100.0,220.0,development,False,independent_latin_hypercube,20260912,train,dev_wafer_00
ring_cv_dev_20260912_0297,463.2582277481061,432.73424179365287,9.84409106102264,120.0,100.0,220.0,development,False,independent_latin_hypercube,20260912,train,dev_wafer_07
ring_cv_dev_20260912_0298,451.8583455975352,434.43314661909113,10.080716995336072,120.0,100.0,220.0,development,False,independent_latin_hypercube,20260912,internal_test,dev_wafer_04
ring_cv_dev_20260912_0299,446.955091713249,443.9828854379487,9.811525450548103,120.0,100.0,220.0,development,False,independent_latin_hypercube,20260912,validation,dev_wafer_05
ring_cv_dev_20260912_0300,434.8636895821435,424.9525139169896,9.944788132844394,120.0,100.0,220.0,development,False,independent_latin_hypercube,20260912,train,dev_wafer_05
ring_cv_dev_20260912_0301,430.3801647650371,365.11197097556567,9.87184831548459,120.0,100.0,220.0,development,False,independent_latin_hypercube,20260912,train,dev_wafer_07
ring_cv_dev_20260912_0302,444.8654451393061,395.0389317703036,10.07432470030494,120.0,100.0,220.0,development,False,independent_latin_hypercube,20260912,train,dev_wafer_07
ring_cv_dev_20260912_0303,460.2889118139621,353.1280628666991,10.040597632961935,120.0,100.0,220.0,development,False,independent_latin_hypercube,20260912,train,dev_wafer_05
ring_cv_dev_20260912_0304,437.42232817165456,360.25906970712214,9.870211049159645,120.0,100.0,220.0,development,False,independent_latin_hypercube,20260912,train,dev_wafer_00
ring_cv_dev_20260912_0305,432.95835232467874,419.7642488905134,9.821779292178066,120.0,100.0,220.0,development,False,independent_latin_hypercube,20260912,train,dev_wafer_02
ring_cv_dev_20260912_0306,445.18871999691095,373.8401081360444,10.195205618197065,120.0,100.0,220.0,development,False,independent_latin_hypercube,20260912,internal_test,dev_wafer_01
ring_cv_dev_20260912_0307,458.7315224291172,379.4148470913193,10.137946847895664,120.0,100.0,220.0,development,False,independent_latin_hypercube,20260912,train,dev_wafer_02
ring_cv_dev_20260912_0308,443.74053023634974,358.2027367257436,9.91326835300104,120.0,100.0,220.0,development,False,independent_latin_hypercube,20260912,train,dev_wafer_02
ring_cv_dev_20260912_0309,435.8422610142667,443.3814510648022,10.061917768829284,120.0,100.0,220.0,development,False,independent_latin_hypercube,20260912,train,dev_wafer_06
ring_cv_dev_20260912_0310,455.54041115394926,395.9706525089625,10.093043972345995,120.0,100.0,220.0,development,False,independent_latin_hypercube,20260912,train,dev_wafer_04
ring_cv_dev_20260912_0311,459.2004304159323,404.51452873768943,10.176678336736042,120.0,100.0,220.0,development,False,independent_latin_hypercube,20260912,train,dev_wafer_03
ring_cv_dev_20260912_0312,465.39096438684,429.6521343098893,10.12925942375082,120.0,100.0,220.0,development,False,independent_latin_hypercube,20260912,train,dev_wafer_04
ring_cv_dev_20260912_0313,441.1322594762385,446.9393416646086,9.816259320523862,120.0,100.0,220.0,development,False,independent_latin_hypercube,20260912,train,dev_wafer_02
ring_cv_dev_20260912_0314,452.9040966079414,413.9175502189874,9.8450020152603,120.0,100.0,220.0,development,False,independent_latin_hypercube,20260912,validation,dev_wafer_03
ring_cv_dev_20260912_0315,455.6834830455714,370.75171027359454,9.904859656709364,120.0,100.0,220.0,development,False,independent_latin_hypercube,20260912,train,dev_wafer_01
ring_cv_dev_20260912_0316,439.92583780275663,445.5575171347932,9.99283760832382,120.0,100.0,220.0,development,False,independent_latin_hypercube,20260912,train,dev_wafer_03
ring_cv_dev_20260912_0317,438.89092237966224,445.7957501754738,10.058694343115157,120.0,100.0,220.0,development,False,independent_latin_hypercube,20260912,train,dev_wafer_02
ring_cv_dev_20260912_0318,464.2399093336736,421.46510831110754,10.118138589199368,120.0,100.0,220.0,development,False,independent_latin_hypercube,20260912,train,dev_wafer_07
ring_cv_dev_20260912_0319,445.3935314496108,380.0611719764128,10.152372390069932,120.0,100.0,220.0,development,False,independent_latin_hypercube,20260912,internal_test,dev_wafer_04
ring_cv_confirm_20270912_0000,464.7950282454144,427.3010686299447,9.991171068371042,120.0,100.0,220.0,frozen_confirmation,True,independent_latin_hypercube,20270912,frozen_confirmation,confirm_wafer_01
ring_cv_confirm_20270912_0001,456.8042752466965,435.2444806367539,9.812381179588858,120.0,100.0,220.0,frozen_confirmation,True,independent_latin_hypercube,20270912,frozen_confirmation,confirm_wafer_00
ring_cv_confirm_20270912_0002,441.8310315855288,386.6463547572028,9.88095989304684,120.0,100.0,220.0,frozen_confirmation,True,independent_latin_hypercube,20270912,frozen_confirmation,confirm_wafer_00
ring_cv_confirm_20270912_0003,431.34348416733104,403.1295719352679,10.024166797656482,120.0,100.0,220.0,frozen_confirmation,True,independent_latin_hypercube,20270912,frozen_confirmation,confirm_wafer_01
ring_cv_confirm_20270912_0004,468.9857758192261,350.09506036625186,9.805141552228484,120.0,100.0,220.0,frozen_confirmation,True,independent_latin_hypercube,20270912,frozen_confirmation,confirm_wafer_01
ring_cv_confirm_20270912_0005,453.4134711531997,385.6186923874296,10.134483686790691,120.0,100.0,220.0,frozen_confirmation,True,independent_latin_hypercube,20270912,frozen_confirmation,confirm_wafer_01
ring_cv_confirm_20270912_0006,440.8137374150702,421.7461540745672,10.106871929905246,120.0,100.0,220.0,frozen_confirmation,True,independent_latin_hypercube,20270912,frozen_confirmation,confirm_wafer_00
ring_cv_confirm_20270912_0007,451.2970030804916,399.7363122505221,9.815516828287976,120.0,100.0,220.0,frozen_confirmation,True,independent_latin_hypercube,20270912,frozen_confirmation,confirm_wafer_00
ring_cv_confirm_20270912_0008,448.6117642295197,430.0835245794041,9.846141758493513,120.0,100.0,220.0,frozen_confirmation,True,independent_latin_hypercube,20270912,frozen_confirmation,confirm_wafer_01
ring_cv_confirm_20270912_0009,445.9120631964976,442.081670174713,9.946318939964309,120.0,100.0,220.0,frozen_confirmation,True,independent_latin_hypercube,20270912,frozen_confirmation,confirm_wafer_00
ring_cv_confirm_20270912_0010,438.0333797132235,410.3013803924681,10.018059181004144,120.0,100.0,220.0,frozen_confirmation,True,independent_latin_hypercube,20270912,frozen_confirmation,confirm_wafer_01
ring_cv_confirm_20270912_0011,457.9842755530829,366.3436906360369,10.159025630863884,120.0,100.0,220.0,frozen_confirmation,True,independent_latin_hypercube,20270912,frozen_confirmation,confirm_wafer_01
ring_cv_confirm_20270912_0012,434.7987306618407,429.517186310285,10.08228660981672,120.0,100.0,220.0,frozen_confirmation,True,independent_latin_hypercube,20270912,frozen_confirmation,confirm_wafer_00
ring_cv_confirm_20270912_0013,431.7181726174276,367.8144322095615,9.858405053547653,120.0,100.0,220.0,frozen_confirmation,True,independent_latin_hypercube,20270912,frozen_confirmation,confirm_wafer_01
ring_cv_confirm_20270912_0014,444.4186764979206,383.90792655102393,9.913471557086812,120.0,100.0,220.0,frozen_confirmation,True,independent_latin_hypercube,20270912,frozen_confirmation,confirm_wafer_00
ring_cv_confirm_20270912_0015,439.2186942662504,432.52113832579965,9.825805479231311,120.0,100.0,220.0,frozen_confirmation,True,independent_latin_hypercube,20270912,frozen_confirmation,confirm_wafer_01
ring_cv_confirm_20270912_0016,450.1820198646632,373.27590709930337,9.898632892370092,120.0,100.0,220.0,frozen_confirmation,True,independent_latin_hypercube,20270912,frozen_confirmation,confirm_wafer_00
ring_cv_confirm_20270912_0017,458.3758566732268,423.0498959383214,9.966955420373466,120.0,100.0,220.0,frozen_confirmation,True,independent_latin_hypercube,20270912,frozen_confirmation,confirm_wafer_01
ring_cv_confirm_20270912_0018,436.05769004127,445.0281879819925,10.06214784242966,120.0,100.0,220.0,frozen_confirmation,True,independent_latin_hypercube,20270912,frozen_confirmation,confirm_wafer_01
ring_cv_confirm_20270912_0019,443.2667303899502,353.95316049464304,9.894429963521825,120.0,100.0,220.0,frozen_confirmation,True,independent_latin_hypercube,20270912,frozen_confirmation,confirm_wafer_01
ring_cv_confirm_20270912_0020,437.5793997615542,364.3752837918337,9.824487447731029,120.0,100.0,220.0,frozen_confirmation,True,independent_latin_hypercube,20270912,frozen_confirmation,confirm_wafer_00
ring_cv_confirm_20270912_0021,460.147444670194,368.8407778539855,10.046047116394629,120.0,100.0,220.0,frozen_confirmation,True,independent_latin_hypercube,20270912,frozen_confirmation,confirm_wafer_01
ring_cv_confirm_20270912_0022,443.588518509494,382.10176499939337,9.919418540878118,120.0,100.0,220.0,frozen_confirmation,True,independent_latin_hypercube,20270912,frozen_confirmation,confirm_wafer_00
ring_cv_confirm_20270912_0023,455.56696416963433,361.73669154176577,9.972895662950526,120.0,100.0,220.0,frozen_confirmation,True,independent_latin_hypercube,20270912,frozen_confirmation,confirm_wafer_01
ring_cv_confirm_20270912_0024,430.8679909494722,409.82596765763657,10.03720001634058,120.0,100.0,220.0,frozen_confirmation,True,independent_latin_hypercube,20270912,frozen_confirmation,confirm_wafer_00
ring_cv_confirm_20270912_0025,439.5554518274738,397.3924683520575,9.998617934123844,120.0,100.0,220.0,frozen_confirmation,True,independent_latin_hypercube,20270912,frozen_confirmation,confirm_wafer_01
ring_cv_confirm_20270912_0026,460.6726622882305,379.58427710938855,9.854462748762453,120.0,100.0,220.0,frozen_confirmation,True,independent_latin_hypercube,20270912,frozen_confirmation,confirm_wafer_00
ring_cv_confirm_20270912_0027,464.3373346588586,359.5997152947103,10.117916713555232,120.0,100.0,220.0,frozen_confirmation,True,independent_latin_hypercube,20270912,frozen_confirmation,confirm_wafer_01
ring_cv_confirm_20270912_0028,459.7127242108621,449.898592924792,10.043741646609856,120.0,100.0,220.0,frozen_confirmation,True,independent_latin_hypercube,20270912,frozen_confirmation,confirm_wafer_00
ring_cv_confirm_20270912_0029,465.10122686630575,391.11856139619664,10.163452665720497,120.0,100.0,220.0,frozen_confirmation,True,independent_latin_hypercube,20270912,frozen_confirmation,confirm_wafer_00
ring_cv_confirm_20270912_0030,454.5905460109675,370.3004552898029,10.176040279358878,120.0,100.0,220.0,frozen_confirmation,True,independent_latin_hypercube,20270912,frozen_confirmation,confirm_wafer_01
ring_cv_confirm_20270912_0031,448.054265309378,352.97171560421964,10.025723942061497,120.0,100.0,220.0,frozen_confirmation,True,independent_latin_hypercube,20270912,frozen_confirmation,confirm_wafer_01
ring_cv_confirm_20270912_0032,437.2256426227314,406.2912858385236,9.836573779497664,120.0,100.0,220.0,frozen_confirmation,True,independent_latin_hypercube,20270912,frozen_confirmation,confirm_wafer_01
ring_cv_confirm_20270912_0033,454.1863708992767,408.3580750658463,10.011112072274504,120.0,100.0,220.0,frozen_confirmation,True,independent_latin_hypercube,20270912,frozen_confirmation,confirm_wafer_00
ring_cv_confirm_20270912_0034,435.4147918228967,377.58982891135526,9.931237418038997,120.0,100.0,220.0,frozen_confirmation,True,independent_latin_hypercube,20270912,frozen_confirmation,confirm_wafer_01
ring_cv_confirm_20270912_0035,446.7843921431012,376.4109407796947,10.144304938788329,120.0,100.0,220.0,frozen_confirmation,True,independent_latin_hypercube,20270912,frozen_confirmation,confirm_wafer_01
ring_cv_confirm_20270912_0036,436.50866729830994,389.2560121273601,10.06708639795824,120.0,100.0,220.0,frozen_confirmation,True,independent_latin_hypercube,20270912,frozen_confirmation,confirm_wafer_00
ring_cv_confirm_20270912_0037,467.9086361939953,395.3793872451175,10.183705334201893,120.0,100.0,220.0,frozen_confirmation,True,independent_latin_hypercube,20270912,frozen_confirmation,confirm_wafer_00
ring_cv_confirm_20270912_0038,444.51831413405927,420.94673358460886,10.100314254512478,120.0,100.0,220.0,frozen_confirmation,True,independent_latin_hypercube,20270912,frozen_confirmation,confirm_wafer_00
ring_cv_confirm_20270912_0039,433.7524784568077,424.9543801649517,10.009057851654353,120.0,100.0,220.0,frozen_confirmation,True,independent_latin_hypercube,20270912,frozen_confirmation,confirm_wafer_00
ring_cv_confirm_20270912_0040,449.2638569702222,375.7022008912507,10.172182682598024,120.0,100.0,220.0,frozen_confirmation,True,independent_latin_hypercube,20270912,frozen_confirmation,confirm_wafer_00
ring_cv_confirm_20270912_0041,435.50727942568994,365.6003554768956,10.185985847900394,120.0,100.0,220.0,frozen_confirmation,True,independent_latin_hypercube,20270912,frozen_confirmation,confirm_wafer_00
ring_cv_confirm_20270912_0042,463.9763306666227,444.4921566411265,9.87643512195964,120.0,100.0,220.0,frozen_confirmation,True,independent_latin_hypercube,20270912,frozen_confirmation,confirm_wafer_01
ring_cv_confirm_20270912_0043,467.3136949618143,357.578162398397,10.07564883199408,120.0,100.0,220.0,frozen_confirmation,True,independent_latin_hypercube,20270912,frozen_confirmation,confirm_wafer_00
ring_cv_confirm_20270912_0044,462.9920777695716,448.284341131066,10.139871367663536,120.0,100.0,220.0,frozen_confirmation,True,independent_latin_hypercube,20270912,frozen_confirmation,confirm_wafer_00
ring_cv_confirm_20270912_0045,432.42143192125815,373.86645004604895,9.86363782250033,120.0,100.0,220.0,frozen_confirmation,True,independent_latin_hypercube,20270912,frozen_confirmation,confirm_wafer_00
ring_cv_confirm_20270912_0046,442.9935825488774,371.4491966116717,9.956067243519689,120.0,100.0,220.0,frozen_confirmation,True,independent_latin_hypercube,20270912,frozen_confirmation,confirm_wafer_00
ring_cv_confirm_20270912_0047,446.38823605567126,431.5662142285725,10.12176752843366,120.0,100.0,220.0,frozen_confirmation,True,independent_latin_hypercube,20270912,frozen_confirmation,confirm_wafer_00
ring_cv_confirm_20270912_0048,461.164325349534,434.6905697038529,10.002075803935115,120.0,100.0,220.0,frozen_confirmation,True,independent_latin_hypercube,20270912,frozen_confirmation,confirm_wafer_01
ring_cv_confirm_20270912_0049,452.4541214853057,404.57003412148055,10.09414845516229,120.0,100.0,220.0,frozen_confirmation,True,independent_latin_hypercube,20270912,frozen_confirmation,confirm_wafer_01
ring_cv_confirm_20270912_0050,469.3751707065716,401.8675448416116,10.097829465938815,120.0,100.0,220.0,frozen_confirmation,True,independent_latin_hypercube,20270912,frozen_confirmation,confirm_wafer_00
ring_cv_confirm_20270912_0051,466.49324127229625,416.98173490615454,9.872316703273446,120.0,100.0,220.0,frozen_confirmation,True,independent_latin_hypercube,20270912,frozen_confirmation,confirm_wafer_01
ring_cv_confirm_20270912_0052,442.3568042888365,398.6693253598331,9.840169300866894,120.0,100.0,220.0,frozen_confirmation,True,independent_latin_hypercube,20270912,frozen_confirmation,confirm_wafer_00
ring_cv_confirm_20270912_0053,462.1581558957438,355.6810304336341,10.113515470729228,120.0,100.0,220.0,frozen_confirmation,True,independent_latin_hypercube,20270912,frozen_confirmation,confirm_wafer_00
ring_cv_confirm_20270912_0054,432.5892692538332,400.991841081654,10.127119378785853,120.0,100.0,220.0,frozen_confirmation,True,independent_latin_hypercube,20270912,frozen_confirmation,confirm_wafer_01
ring_cv_confirm_20270912_0055,457.42871783951193,419.7344767989925,9.88665521550012,120.0,100.0,220.0,frozen_confirmation,True,independent_latin_hypercube,20270912,frozen_confirmation,confirm_wafer_01
ring_cv_confirm_20270912_0056,447.9363496377369,411.7026130445637,10.086142749728436,120.0,100.0,220.0,frozen_confirmation,True,independent_latin_hypercube,20270912,frozen_confirmation,confirm_wafer_00
ring_cv_confirm_20270912_0057,465.8878786796322,446.59757543456567,9.983669336738116,120.0,100.0,220.0,frozen_confirmation,True,independent_latin_hypercube,20270912,frozen_confirmation,confirm_wafer_00
ring_cv_confirm_20270912_0058,440.4778218223087,391.3515612211074,9.866847358097976,120.0,100.0,220.0,frozen_confirmation,True,independent_latin_hypercube,20270912,frozen_confirmation,confirm_wafer_01
ring_cv_confirm_20270912_0059,455.0446155940334,439.5336874694495,10.072845428987897,120.0,100.0,220.0,frozen_confirmation,True,independent_latin_hypercube,20270912,frozen_confirmation,confirm_wafer_01
ring_cv_confirm_20270912_0060,463.36398318126726,440.6182619892136,9.93989949523966,120.0,100.0,220.0,frozen_confirmation,True,independent_latin_hypercube,20270912,frozen_confirmation,confirm_wafer_01
ring_cv_confirm_20270912_0061,453.633578786448,417.6264710566341,9.975990285869216,120.0,100.0,220.0,frozen_confirmation,True,independent_latin_hypercube,20270912,frozen_confirmation,confirm_wafer_00
ring_cv_confirm_20270912_0062,449.7287689100784,362.6627040589136,10.033634329635191,120.0,100.0,220.0,frozen_confirmation,True,independent_latin_hypercube,20270912,frozen_confirmation,confirm_wafer_01
ring_cv_confirm_20270912_0063,461.7701401627122,415.8322687986336,10.195096987067924,120.0,100.0,220.0,frozen_confirmation,True,independent_latin_hypercube,20270912,frozen_confirmation,confirm_wafer_00
ring_cv_confirm_20270912_0064,468.13089964047697,425.187066939958,9.989558254919046,120.0,100.0,220.0,frozen_confirmation,True,independent_latin_hypercube,20270912,frozen_confirmation,confirm_wafer_01
ring_cv_confirm_20270912_0065,452.7268632811546,412.7295537314707,10.14925238008873,120.0,100.0,220.0,frozen_confirmation,True,independent_latin_hypercube,20270912,frozen_confirmation,confirm_wafer_01
ring_cv_confirm_20270912_0066,434.3060444570034,443.4686285392542,10.168318440320538,120.0,100.0,220.0,frozen_confirmation,True,independent_latin_hypercube,20270912,frozen_confirmation,confirm_wafer_01
ring_cv_confirm_20270912_0067,433.4669716004673,414.843296165128,9.804316817013564,120.0,100.0,220.0,frozen_confirmation,True,independent_latin_hypercube,20270912,frozen_confirmation,confirm_wafer_00
ring_cv_confirm_20270912_0068,447.4725659824855,388.1979696010073,10.151545197675604,120.0,100.0,220.0,frozen_confirmation,True,independent_latin_hypercube,20270912,frozen_confirmation,confirm_wafer_01
ring_cv_confirm_20270912_0069,459.076839968198,406.0431763152045,9.922467657939311,120.0,100.0,220.0,frozen_confirmation,True,independent_latin_hypercube,20270912,frozen_confirmation,confirm_wafer_01
ring_cv_confirm_20270912_0070,466.81192660475983,436.57023567658376,10.19164634665165,120.0,100.0,220.0,frozen_confirmation,True,independent_latin_hypercube,20270912,frozen_confirmation,confirm_wafer_00
ring_cv_confirm_20270912_0071,450.5425145622957,352.1841204281894,10.051580290544232,120.0,100.0,220.0,frozen_confirmation,True,independent_latin_hypercube,20270912,frozen_confirmation,confirm_wafer_00
ring_cv_confirm_20270912_0072,451.60539298710137,383.5513879240934,9.963283892510198,120.0,100.0,220.0,frozen_confirmation,True,independent_latin_hypercube,20270912,frozen_confirmation,confirm_wafer_01
ring_cv_confirm_20270912_0073,430.3437596955701,438.5552988163297,9.950253128570608,120.0,100.0,220.0,frozen_confirmation,True,independent_latin_hypercube,20270912,frozen_confirmation,confirm_wafer_00
ring_cv_confirm_20270912_0074,441.0097402333639,356.8280633313764,9.928508882106089,120.0,100.0,220.0,frozen_confirmation,True,independent_latin_hypercube,20270912,frozen_confirmation,confirm_wafer_00
ring_cv_confirm_20270912_0075,456.4530642695735,394.8686649985482,9.940786404411442,120.0,100.0,220.0,frozen_confirmation,True,independent_latin_hypercube,20270912,frozen_confirmation,confirm_wafer_00
ring_cv_confirm_20270912_0076,458.66542538747314,360.5834792545984,9.83429569807143,120.0,100.0,220.0,frozen_confirmation,True,independent_latin_hypercube,20270912,frozen_confirmation,confirm_wafer_01
ring_cv_confirm_20270912_0077,438.8217256269285,427.6370851036546,10.05898432717818,120.0,100.0,220.0,frozen_confirmation,True,independent_latin_hypercube,20270912,frozen_confirmation,confirm_wafer_01
ring_cv_confirm_20270912_0078,445.3491138550896,393.5109616917227,9.909994035101354,120.0,100.0,220.0,frozen_confirmation,True,independent_latin_hypercube,20270912,frozen_confirmation,confirm_wafer_01
ring_cv_confirm_20270912_0079,469.9295319687593,380.3707623005953,9.903198698569884,120.0,100.0,220.0,frozen_confirmation,True,independent_latin_hypercube,20270912,frozen_confirmation,confirm_wafer_00
