task,candidate_index,candidate_name,computational_expression,dependencies,feature_center,feature_scale,normalization,submodel
I_dark,0,one,1,,0.0,1.0,(raw_term-feature_center)/feature_scale,mechanism_gated
I_dark,1,dark_voltage_z,scaled(dark_voltage),dark_voltage,9.623666308300471e-09,1.0000001192092896,(raw_term-feature_center)/feature_scale,mechanism_gated
I_dark,2,dark_voltage_z2,scaled(dark_voltage)^2,dark_voltage,1.000000238418579,0.8884190917015076,(raw_term-feature_center)/feature_scale,mechanism_gated
I_dark,3,soft_reverse_dark_voltage,softplus(-dark_voltage/0.2),dark_voltage,8.034539222717285,4.270114421844482,(raw_term-feature_center)/feature_scale,mechanism_gated
I_dark,4,tanh_reverse_dark_voltage,tanh(-dark_voltage/1.0),dark_voltage,0.8018437027931213,0.2416379153728485,(raw_term-feature_center)/feature_scale,mechanism_gated
I_dark,5,reverse_saturation_dark_voltage,1-exp(-(softplus(-dark_voltage/0.2)-log(2))),dark_voltage,0.9381127953529358,0.14123299717903137,(raw_term-feature_center)/feature_scale,mechanism_gated
I_dark,6,forward_gate_dark_voltage,sigmoid(dark_voltage/0.2),dark_voltage,0.03094407171010971,0.07061641663312912,(raw_term-feature_center)/feature_scale,mechanism_gated
I_dark,7,reverse_gate_dark_voltage,sigmoid(-dark_voltage/0.2),dark_voltage,0.9690568447113037,0.07061654329299927,(raw_term-feature_center)/feature_scale,mechanism_gated
I_dark,8,temperature_z,scaled(simulation_temperature),simulation_temperature,-2.4835269396561444e-09,0.9999989867210388,(raw_term-feature_center)/feature_scale,mechanism_gated
I_dark,9,inverse_temperature,1/simulation_temperature,simulation_temperature,0.003336745547130704,5.389032230596058e-05,(raw_term-feature_center)/feature_scale,mechanism_gated
I_dark,10,dark_voltage_over_temperature,dark_voltage/simulation_temperature,"dark_voltage,simulation_temperature",-0.005338801071047783,0.002884945599362254,(raw_term-feature_center)/feature_scale,mechanism_gated
I_dark,11,length_z,scaled(active_layer_length),active_layer_length,-3.0035152143170762e-09,1.0000008344650269,(raw_term-feature_center)/feature_scale,mechanism_gated
I_dark,12,inverse_length,1/active_layer_length,active_layer_length,0.025061799213290215,0.0012667510891333222,(raw_term-feature_center)/feature_scale,mechanism_gated
I_dark,13,dark_voltage_over_length,dark_voltage/active_layer_length,"dark_voltage,active_layer_length",-0.04009898006916046,0.021778104826807976,(raw_term-feature_center)/feature_scale,mechanism_gated
I_dark,14,trap_A_z,scaled(trap_assisted_recomb_A),trap_assisted_recomb_A,-2.444721758365631e-08,1.0000007152557373,(raw_term-feature_center)/feature_scale,mechanism_gated
I_dark,15,ge_sio2_velocity_z,scaled(ge_sio2_recomb_velocity),ge_sio2_recomb_velocity,-4.0481488383647957e-08,1.0000003576278687,(raw_term-feature_center)/feature_scale,mechanism_gated
I_dark,16,ge_si_velocity_z,scaled(ge_si_recomb_velocity),ge_si_recomb_velocity,5.184362272814269e-09,1.0000004768371582,(raw_term-feature_center)/feature_scale,mechanism_gated
I_dark,17,ge_sio2_velocity_over_length,ge_sio2_recomb_velocity/active_layer_length,"ge_sio2_recomb_velocity,active_layer_length",62.57060623168945,3.864370822906494,(raw_term-feature_center)/feature_scale,mechanism_gated
I_dark,18,ge_si_velocity_over_length,ge_si_recomb_velocity/active_layer_length,"ge_si_recomb_velocity,active_layer_length",12.508999824523926,0.7977609634399414,(raw_term-feature_center)/feature_scale,mechanism_gated
I_photo,0,one,1,,0.0,1.0,(raw_term-feature_center)/feature_scale,mechanism_gated
I_photo,1,light_voltage_z,scaled(light_voltage),light_voltage,-7.09405867382884e-10,0.9999964833259583,(raw_term-feature_center)/feature_scale,mechanism_gated
I_photo,2,light_voltage_z2,scaled(light_voltage)^2,light_voltage,0.9999930262565613,0.8891475796699524,(raw_term-feature_center)/feature_scale,mechanism_gated
I_photo,3,soft_reverse_light_voltage,softplus(-light_voltage/0.2),light_voltage,7.57571268081665,4.500245094299316,(raw_term-feature_center)/feature_scale,mechanism_gated
I_photo,4,tanh_reverse_light_voltage,tanh(-light_voltage/1.0),light_voltage,0.751728355884552,0.30399468541145325,(raw_term-feature_center)/feature_scale,mechanism_gated
I_photo,5,reverse_saturation_light_voltage,1-exp(-(softplus(-light_voltage/0.2)-log(2))),light_voltage,0.8794803023338318,0.26507699489593506,(raw_term-feature_center)/feature_scale,mechanism_gated
I_photo,6,forward_gate_light_voltage,sigmoid(light_voltage/0.2),light_voltage,0.060259703546762466,0.13253849744796753,(raw_term-feature_center)/feature_scale,mechanism_gated
I_photo,7,reverse_gate_light_voltage,sigmoid(-light_voltage/0.2),light_voltage,0.9397410154342651,0.1325385570526123,(raw_term-feature_center)/feature_scale,mechanism_gated
I_photo,8,temperature_z,scaled(simulation_temperature),simulation_temperature,1.3969838619232178e-09,0.9999997615814209,(raw_term-feature_center)/feature_scale,mechanism_gated
I_photo,9,inverse_temperature,1/simulation_temperature,simulation_temperature,0.003335588611662388,5.291130946716294e-05,(raw_term-feature_center)/feature_scale,mechanism_gated
I_photo,10,light_voltage_over_temperature,light_voltage/simulation_temperature,"light_voltage,simulation_temperature",-0.005003391299396753,0.0030766816344112158,(raw_term-feature_center)/feature_scale,mechanism_gated
I_photo,11,length_z,scaled(active_layer_length),active_layer_length,8.475035429000854e-08,1.0000015497207642,(raw_term-feature_center)/feature_scale,mechanism_gated
I_photo,12,inverse_length,1/active_layer_length,active_layer_length,0.02514082007110119,0.0012282743118703365,(raw_term-feature_center)/feature_scale,mechanism_gated
I_photo,13,light_voltage_over_length,light_voltage/active_layer_length,"light_voltage,active_layer_length",-0.037711285054683685,0.023279406130313873,(raw_term-feature_center)/feature_scale,mechanism_gated
I_photo,14,trap_A_z,scaled(trap_assisted_recomb_A),trap_assisted_recomb_A,1.1583324521780014e-08,1.0000014305114746,(raw_term-feature_center)/feature_scale,mechanism_gated
I_photo,15,ge_sio2_velocity_z,scaled(ge_sio2_recomb_velocity),ge_sio2_recomb_velocity,-8.207280188798904e-09,0.9999988079071045,(raw_term-feature_center)/feature_scale,mechanism_gated
I_photo,16,ge_si_velocity_z,scaled(ge_si_recomb_velocity),ge_si_recomb_velocity,-2.1187588572502136e-08,0.9999996423721313,(raw_term-feature_center)/feature_scale,mechanism_gated
I_photo,17,ge_sio2_velocity_over_length,ge_sio2_recomb_velocity/active_layer_length,"ge_sio2_recomb_velocity,active_layer_length",62.75871658325195,3.8315482139587402,(raw_term-feature_center)/feature_scale,mechanism_gated
I_photo,18,ge_si_velocity_over_length,ge_si_recomb_velocity/active_layer_length,"ge_si_recomb_velocity,active_layer_length",12.576643943786621,0.7776284217834473,(raw_term-feature_center)/feature_scale,mechanism_gated
I_photo,19,reverse_drive_over_length,(softplus(-light_voltage/0.2)-log(2))/active_layer_length,"light_voltage,active_layer_length",0.1730327010154724,0.11358988285064697,(raw_term-feature_center)/feature_scale,mechanism_gated
I_photo,20,surface_recomb_sum_z,scaled(ge_sio2_recomb_velocity + ge_si_recomb_velocity),"ge_sio2_recomb_velocity,ge_si_recomb_velocity",2996.755859375,97.87372589111328,(raw_term-feature_center)/feature_scale,mechanism_gated
I_photo,21,surface_recomb_over_length,(ge_sio2_recomb_velocity + ge_si_recomb_velocity)/active_layer_length,"ge_sio2_recomb_velocity,ge_si_recomb_velocity,active_layer_length",75.3353271484375,4.342223167419434,(raw_term-feature_center)/feature_scale,mechanism_gated
I_photo,22,reverse_drive_surface_recomb,(softplus(-light_voltage/0.2)-log(2))*(ge_sio2_recomb_velocity + ge_si_recomb_velocity)/active_layer_length,"light_voltage,ge_sio2_recomb_velocity,ge_si_recomb_velocity,active_layer_length",518.4977416992188,340.902587890625,(raw_term-feature_center)/feature_scale,mechanism_gated
I_photo,23,reverse_drive_trap_A,(softplus(-light_voltage/0.2)-log(2))*trap_assisted_recomb_A,"light_voltage,trap_assisted_recomb_A",6.895107151905222e-09,4.577496159896555e-09,(raw_term-feature_center)/feature_scale,mechanism_gated
I_photo,24,collection_saturation_length,"(1-exp(-max(softplus(-light_voltage/0.2)-log(2),0)))*active_layer_length","light_voltage,active_layer_length",35.06449508666992,10.715104103088379,(raw_term-feature_center)/feature_scale,mechanism_gated
I_photo,25,length_collection_saturation,1-exp(-active_layer_length/40),active_layer_length,0.6304939985275269,0.017829203978180885,(raw_term-feature_center)/feature_scale,mechanism_gated
I_photo,26,thermal_surface_recomb_over_length,(ge_sio2_recomb_velocity + ge_si_recomb_velocity)/(active_layer_length*simulation_temperature),"ge_sio2_recomb_velocity,ge_si_recomb_velocity,active_layer_length,simulation_temperature",0.2512940466403961,0.015141394920647144,(raw_term-feature_center)/feature_scale,mechanism_gated
I_photo,27,reverse_thermal_surface_recomb,(softplus(-light_voltage/0.2)-log(2))*(ge_sio2_recomb_velocity + ge_si_recomb_velocity)/(active_layer_length*simulation_temperature),"light_voltage,ge_sio2_recomb_velocity,ge_si_recomb_velocity,active_layer_length,simulation_temperature",1.7295336723327637,1.1377147436141968,(raw_term-feature_center)/feature_scale,mechanism_gated
I_photo,28,trap_A_times_length,trap_assisted_recomb_A*active_layer_length,"trap_assisted_recomb_A,active_layer_length",3.9978072408075604e-08,4.592866087449465e-09,(raw_term-feature_center)/feature_scale,mechanism_gated
I_photo,29,trap_A_over_temperature,trap_assisted_recomb_A/simulation_temperature,"trap_assisted_recomb_A,simulation_temperature",3.342052112484395e-12,1.0,(raw_term-feature_center)/feature_scale,mechanism_gated
Capacitance,0,one,1,,0.0,1.0,(raw_term-feature_center)/feature_scale,mechanism_gated
Capacitance,1,bias_v_z,scaled(bias_v),bias_v,-2.7939676613963904e-11,1.0,(raw_term-feature_center)/feature_scale,mechanism_gated
Capacitance,2,bias_v_z2,scaled(bias_v)^2,bias_v,1.0,0.8891861438751221,(raw_term-feature_center)/feature_scale,mechanism_gated
Capacitance,3,soft_reverse_bias_v,softplus(-bias_v/0.2),bias_v,7.575239181518555,4.500224590301514,(raw_term-feature_center)/feature_scale,mechanism_gated
Capacitance,4,tanh_reverse_bias_v,tanh(-bias_v/1.0),bias_v,0.7517793774604797,0.3039860129356384,(raw_term-feature_center)/feature_scale,mechanism_gated
Capacitance,5,reverse_saturation_bias_v,1-exp(-(softplus(-bias_v/0.2)-log(2))),bias_v,0.8795995116233826,0.265065997838974,(raw_term-feature_center)/feature_scale,mechanism_gated
Capacitance,6,forward_gate_bias_v,sigmoid(bias_v/0.2),bias_v,0.06025797501206398,0.1325255036354065,(raw_term-feature_center)/feature_scale,mechanism_gated
Capacitance,7,reverse_gate_bias_v,sigmoid(-bias_v/0.2),bias_v,0.9397190809249878,0.13255546987056732,(raw_term-feature_center)/feature_scale,mechanism_gated
Capacitance,8,temperature_z,scaled(simulation_temperature),simulation_temperature,-7.446669201272016e-07,0.9999768137931824,(raw_term-feature_center)/feature_scale,mechanism_gated
Capacitance,9,inverse_temperature,1/simulation_temperature,simulation_temperature,0.003335983958095312,5.481676635099575e-05,(raw_term-feature_center)/feature_scale,mechanism_gated
Capacitance,10,bias_v_over_temperature,bias_v/simulation_temperature,"bias_v,simulation_temperature",-0.005004365928471088,0.003077333327382803,(raw_term-feature_center)/feature_scale,mechanism_gated
Capacitance,11,length_z,scaled(active_layer_length),active_layer_length,-3.6701385397464037e-07,0.9999499917030334,(raw_term-feature_center)/feature_scale,mechanism_gated
Capacitance,12,inverse_length,1/active_layer_length,active_layer_length,0.025076251477003098,0.001210155664011836,(raw_term-feature_center)/feature_scale,mechanism_gated
Capacitance,13,bias_v_over_length,bias_v/active_layer_length,"bias_v,active_layer_length",-0.03761214390397072,0.023216433823108673,(raw_term-feature_center)/feature_scale,mechanism_gated
Capacitance,14,trap_A_z,scaled(trap_assisted_recomb_A),trap_assisted_recomb_A,7.78726735006785e-06,1.000003695487976,(raw_term-feature_center)/feature_scale,mechanism_gated
Capacitance,15,ge_sio2_velocity_z,scaled(ge_sio2_recomb_velocity),ge_sio2_recomb_velocity,-1.1217920246053836e-06,1.0000255107879639,(raw_term-feature_center)/feature_scale,mechanism_gated
Capacitance,16,ge_si_velocity_z,scaled(ge_si_recomb_velocity),ge_si_recomb_velocity,-9.424192626283912e-07,0.9999699592590332,(raw_term-feature_center)/feature_scale,mechanism_gated
Capacitance,17,ge_sio2_velocity_over_length,ge_sio2_recomb_velocity/active_layer_length,"ge_sio2_recomb_velocity,active_layer_length",62.81586456298828,3.695403814315796,(raw_term-feature_center)/feature_scale,mechanism_gated
Capacitance,18,ge_si_velocity_over_length,ge_si_recomb_velocity/active_layer_length,"ge_si_recomb_velocity,active_layer_length",12.501764297485352,0.7927810549736023,(raw_term-feature_center)/feature_scale,mechanism_gated
Capacitance,19,bias_curvature_z3,scaled(bias_v)^3,bias_v,-4.4703482582342247e-10,1.94855797290802,(raw_term-feature_center)/feature_scale,mechanism_gated
Capacitance,20,bias_reverse_softplus2,softplus(-bias_v/0.2)^2,bias_v,77.6407699584961,71.5352554321289,(raw_term-feature_center)/feature_scale,mechanism_gated
Capacitance,21,bias_forward_softplus2,softplus(bias_v/0.2)^2,bias_v,0.03733952343463898,0.11685390770435333,(raw_term-feature_center)/feature_scale,mechanism_gated
Capacitance,22,bias_depletion_knee,1/sqrt(1 + (bias_v/0.45)^2),bias_v,0.40084925293922424,0.2667814791202545,(raw_term-feature_center)/feature_scale,mechanism_gated
Capacitance,23,bias_reverse_exponential,"exp(-clip(bias_v, -3, 3))",bias_v,6.642309665679932,5.676747798919678,(raw_term-feature_center)/feature_scale,mechanism_gated
Capacitance,24,bias_signed_log_curvature,sign(bias_v)*log1p(abs(bias_v)/0.1),bias_v,-2.487455368041992,0.9098214507102966,(raw_term-feature_center)/feature_scale,mechanism_gated
Capacitance,25,bias_curvature_times_log_frequency,scaled(bias_v)^2*scaled(log_frequency_ghz),"bias_v,log_frequency_ghz",-4.76837147544984e-09,1.3381280899047852,(raw_term-feature_center)/feature_scale,mechanism_gated
Capacitance,26,depletion_knee_times_log_frequency,1/sqrt(1 + (bias_v/0.45)^2)*scaled(log_frequency_ghz),"bias_v,log_frequency_ghz",-9.553041024901177e-09,0.48153892159461975,(raw_term-feature_center)/feature_scale,mechanism_gated
AC_Response,0,1,"{""kind"": ""one"", ""name"": ""1""}",,embedded_in_definition,embedded_in_definition,as serialized in feature_definitions,y0
AC_Response,0,1,"{""kind"": ""one"", ""name"": ""1""}",,embedded_in_definition,embedded_in_definition,as serialized in feature_definitions,floor
AC_Response,0,1,"{""kind"": ""one"", ""name"": ""1""}",,embedded_in_definition,embedded_in_definition,as serialized in feature_definitions,logfc
AC_Response,1,scaled(active_layer_length),"{""input"": ""active_layer_length"", ""kind"": ""z"", ""mean"": 39.915676891842516, ""name"": ""scaled(active_layer_length)"", ""scale"": 1.810288189192554}",active_layer_length,embedded_in_definition,embedded_in_definition,as serialized in feature_definitions,y0
AC_Response,1,scaled(active_layer_length),"{""input"": ""active_layer_length"", ""kind"": ""z"", ""mean"": 39.915676891842516, ""name"": ""scaled(active_layer_length)"", ""scale"": 1.810288189192554}",active_layer_length,embedded_in_definition,embedded_in_definition,as serialized in feature_definitions,floor
AC_Response,1,scaled(active_layer_length),"{""input"": ""active_layer_length"", ""kind"": ""z"", ""mean"": 39.915676891842516, ""name"": ""scaled(active_layer_length)"", ""scale"": 1.810288189192554}",active_layer_length,embedded_in_definition,embedded_in_definition,as serialized in feature_definitions,logfc
AC_Response,2,scaled(simulation_temperature),"{""input"": ""simulation_temperature"", ""kind"": ""z"", ""mean"": 299.58726770374415, ""name"": ""scaled(simulation_temperature)"", ""scale"": 4.622309267439484}",simulation_temperature,embedded_in_definition,embedded_in_definition,as serialized in feature_definitions,y0
AC_Response,2,scaled(simulation_temperature),"{""input"": ""simulation_temperature"", ""kind"": ""z"", ""mean"": 299.58726770374415, ""name"": ""scaled(simulation_temperature)"", ""scale"": 4.622309267439484}",simulation_temperature,embedded_in_definition,embedded_in_definition,as serialized in feature_definitions,floor
AC_Response,2,scaled(simulation_temperature),"{""input"": ""simulation_temperature"", ""kind"": ""z"", ""mean"": 299.58726770374415, ""name"": ""scaled(simulation_temperature)"", ""scale"": 4.622309267439484}",simulation_temperature,embedded_in_definition,embedded_in_definition,as serialized in feature_definitions,logfc
AC_Response,3,scaled(active_layer_length)^2,"{""input"": ""active_layer_length"", ""kind"": ""z2"", ""mean"": 39.915676891842516, ""name"": ""scaled(active_layer_length)^2"", ""scale"": 1.810288189192554}",active_layer_length,embedded_in_definition,embedded_in_definition,as serialized in feature_definitions,y0
AC_Response,3,scaled(active_layer_length)^2,"{""input"": ""active_layer_length"", ""kind"": ""z2"", ""mean"": 39.915676891842516, ""name"": ""scaled(active_layer_length)^2"", ""scale"": 1.810288189192554}",active_layer_length,embedded_in_definition,embedded_in_definition,as serialized in feature_definitions,floor
AC_Response,3,scaled(active_layer_length)^2,"{""input"": ""active_layer_length"", ""kind"": ""z2"", ""mean"": 39.915676891842516, ""name"": ""scaled(active_layer_length)^2"", ""scale"": 1.810288189192554}",active_layer_length,embedded_in_definition,embedded_in_definition,as serialized in feature_definitions,logfc
AC_Response,4,scaled(simulation_temperature)^2,"{""input"": ""simulation_temperature"", ""kind"": ""z2"", ""mean"": 299.58726770374415, ""name"": ""scaled(simulation_temperature)^2"", ""scale"": 4.622309267439484}",simulation_temperature,embedded_in_definition,embedded_in_definition,as serialized in feature_definitions,y0
AC_Response,4,scaled(simulation_temperature)^2,"{""input"": ""simulation_temperature"", ""kind"": ""z2"", ""mean"": 299.58726770374415, ""name"": ""scaled(simulation_temperature)^2"", ""scale"": 4.622309267439484}",simulation_temperature,embedded_in_definition,embedded_in_definition,as serialized in feature_definitions,floor
AC_Response,4,scaled(simulation_temperature)^2,"{""input"": ""simulation_temperature"", ""kind"": ""z2"", ""mean"": 299.58726770374415, ""name"": ""scaled(simulation_temperature)^2"", ""scale"": 4.622309267439484}",simulation_temperature,embedded_in_definition,embedded_in_definition,as serialized in feature_definitions,logfc
AC_Response,5,scaled(active_layer_length)*scaled(simulation_temperature),"{""kind"": ""z_product"", ""left"": ""active_layer_length"", ""left_mean"": 39.915676891842516, ""left_scale"": 1.810288189192554, ""name"": ""scaled(active_layer_length)*scaled(simulation_temperature)"", ""right"": ""simulation_temperature"", ""right_mean"": 299.58726770374415, ""right_scale"": 4.622309267439484}","active_layer_length,simulation_temperature",embedded_in_definition,embedded_in_definition,as serialized in feature_definitions,y0
AC_Response,5,scaled(active_layer_length)*scaled(simulation_temperature),"{""kind"": ""z_product"", ""left"": ""active_layer_length"", ""left_mean"": 39.915676891842516, ""left_scale"": 1.810288189192554, ""name"": ""scaled(active_layer_length)*scaled(simulation_temperature)"", ""right"": ""simulation_temperature"", ""right_mean"": 299.58726770374415, ""right_scale"": 4.622309267439484}","active_layer_length,simulation_temperature",embedded_in_definition,embedded_in_definition,as serialized in feature_definitions,floor
AC_Response,5,scaled(active_layer_length)*scaled(simulation_temperature),"{""kind"": ""z_product"", ""left"": ""active_layer_length"", ""left_mean"": 39.915676891842516, ""left_scale"": 1.810288189192554, ""name"": ""scaled(active_layer_length)*scaled(simulation_temperature)"", ""right"": ""simulation_temperature"", ""right_mean"": 299.58726770374415, ""right_scale"": 4.622309267439484}","active_layer_length,simulation_temperature",embedded_in_definition,embedded_in_definition,as serialized in feature_definitions,logfc
AC_Response,-1,log_p,"p=0.5+exp(clip(log_p,log(0.05),log(20)))",,not_applicable,not_applicable,not_applicable,global_ungated_shape_parameter
