task,task_key,primary_task,seed,model,rmse_target,mae_target,r2_target,rmse_raw,mae_raw,medape_percent,p95ape_percent,group_macro_rmse_target,group_macro_mae_target,param_count,train_time_s,epochs_completed,best_val_loss,checkpoint,wall_time_s,reused,train_groups,validation_groups,calibration_groups,test_groups,train_rows,test_rows
APD_I_dark,dark_current,True,42,bkan,0.0971589030258047,0.06629769896143119,0.9936606154183303,2.0749079246745334e-07,3.594411507136422e-08,9.676183285004734,50.62507712670166,0.0955106810011326,0.0662976989614312,1664,182.08278089994565,300.0,-1.4949477513631184,<REPO_ROOT>/artifacts\results\apd_second_device\predictions\seed_42\dark_current\bkan\model_checkpoint.pt,182.57104460010305,False,51,8,11,8,4029,632
APD_I_dark,dark_current,True,42,dkan,0.13032291334147186,0.10164812827251654,0.988594260359822,2.0978577892329073e-07,4.84304309358661e-08,17.944022173220944,72.27333722302767,0.12457448771590668,0.10164812827251656,952,5.789738900028169,,,,5.824392999988049,False,51,8,11,8,4029,632
APD_I_dark,dark_current,True,42,mlp_l,0.2765455933549023,0.2140582321522072,0.9486411395743746,4.3165470683882584e-07,1.077958075393384e-07,43.620176070173954,117.5406585710908,0.2743632596157592,0.2140582321522072,2561,1.301170599879697,,,,1.3046101999934763,False,51,8,11,8,4029,632
APD_I_dark,dark_current,True,42,poly3_ridge,0.6747925551060092,0.417172967641225,0.6942105775975407,8.966862595720967e-06,1.6882285419709124e-06,58.231497759583675,6460.85398690203,0.450036298917641,0.41717296764122513,84,,,,,0.005045499885454774,False,51,8,11,8,4029,632
APD_I_dark,dark_current,True,42,spline_ridge,0.13928187775193743,0.0965937303771935,0.9869721988805411,1.5371079006806616e-07,3.940524650107729e-08,15.569983525991129,64.8938476234623,0.1385514252512638,0.09659373037719352,43,,,,,0.0048958000261336565,False,51,8,11,8,4029,632
APD_I_dark,dark_current,True,43,bkan,0.10005663862877531,0.0663198229801502,0.9930040492817347,3.5906300300722596e-07,5.517321716063956e-08,9.655463530702857,48.785017202215336,0.09905314002619395,0.0663198229801502,1664,177.34633970004506,300.0,-1.5213563044865925,<REPO_ROOT>/artifacts\results\apd_second_device\predictions\seed_43\dark_current\bkan\model_checkpoint.pt,177.66262690001167,False,51,8,11,8,4029,632
APD_I_dark,dark_current,True,43,dkan,0.10633696340321264,0.0770296925178017,0.9920982473189757,3.7331162474890224e-07,6.446693383787287e-08,12.997609030924778,46.129973176043634,0.1047150911743985,0.0770296925178017,952,5.562811099924147,,,,5.594274899922311,False,51,8,11,8,4029,632
APD_I_dark,dark_current,True,43,mlp_l,0.2772248789008321,0.2021742620980449,0.9462944301893509,6.356200314251915e-07,1.4438487236057657e-07,39.14878064501967,82.7798667093858,0.2756245472136177,0.20217426209804487,2561,1.2366276001557708,,,,1.2401052999775857,False,51,8,11,8,4029,632
APD_I_dark,dark_current,True,43,poly3_ridge,0.273448574946753,0.20350982238715476,0.9477475988001296,3.528913428103682e-07,1.0728824309986219e-07,34.26786145481712,291.98048243200356,0.24785404320212034,0.20350982238715476,84,,,,,0.004322399850934744,False,51,8,11,8,4029,632
APD_I_dark,dark_current,True,43,spline_ridge,0.14802721107365668,0.11225764242006513,0.9846877843257693,3.517915573996048e-07,7.445272771203738e-08,20.221820785351277,66.0176817743512,0.1460823561924841,0.11225764242006514,43,,,,,0.004617099883034825,False,51,8,11,8,4029,632
APD_I_dark,dark_current,True,44,bkan,0.08487657057490083,0.05472689782028563,0.9951039658155657,1.8763202212661715e-07,3.6731062715632726e-08,7.744222053393556,40.05635372182209,0.0840827944140968,0.05472689782028562,1664,175.51378949987702,300.0,-1.6386645237604778,<REPO_ROOT>/artifacts\results\apd_second_device\predictions\seed_44\dark_current\bkan\model_checkpoint.pt,175.8259771000594,False,51,8,11,8,4029,632
APD_I_dark,dark_current,True,44,dkan,0.1013836273857185,0.06568210907750952,0.99301438823362,2.3113481128055146e-07,4.6701636134243764e-08,9.244792445278591,54.62044786633098,0.09756342947989927,0.06568210907750953,952,5.540253299986944,,,,5.573643499985337,False,51,8,11,8,4029,632
APD_I_dark,dark_current,True,44,mlp_l,0.2953114536702064,0.2317084612692936,0.9407307574618726,5.534730376471644e-07,1.4527940574876492e-07,50.78319762104297,119.36175492252211,0.2943657111035325,0.23170846126929356,2561,1.232449600007385,,,,1.2357061000075191,False,51,8,11,8,4029,632
APD_I_dark,dark_current,True,44,poly3_ridge,0.2405400422653494,0.1865617175434096,0.9606772791717209,3.7544268500237823e-07,1.0827036866878561e-07,32.92983338060351,135.95617510647338,0.22593153380394393,0.1865617175434096,84,,,,,0.004577800165861845,False,51,8,11,8,4029,632
APD_I_dark,dark_current,True,44,spline_ridge,0.14659237061560465,0.10485308433464859,0.9853953373315523,2.1084311143963631e-07,5.6442002319727155e-08,17.497695307243113,80.11643225480064,0.14427504790347243,0.10485308433464857,43,,,,,0.004999500000849366,False,51,8,11,8,4029,632
APD_I_dark,dark_current,True,45,bkan,0.1550213317223727,0.08250833408885994,0.9835042237761276,2.1393270454902187e-07,3.337325491984772e-08,9.505374203759528,79.80309370949062,0.14781111850398895,0.08250833408885994,1664,175.81320050009526,300.0,-1.451264222462972,<REPO_ROOT>/artifacts\results\apd_second_device\predictions\seed_45\dark_current\bkan\model_checkpoint.pt,176.1153084000107,False,51,8,11,8,4029,632
APD_I_dark,dark_current,True,45,dkan,0.17450408217125188,0.134033925953023,0.9790973662333405,2.6812283117975404e-07,6.447573811188987e-08,23.59340631834125,85.9751095960494,0.17157020263277592,0.134033925953023,952,5.47530319984071,,,,5.507490999996662,False,51,8,11,8,4029,632
APD_I_dark,dark_current,True,45,mlp_l,0.2918218936279556,0.2264365220582547,0.9415444740780291,4.311296614839026e-07,1.1012394083751736e-07,49.48480110770576,114.21677038977825,0.29101874746496315,0.2264365220582547,2561,1.1823525000363588,,,,1.185758400009945,False,51,8,11,8,4029,632
APD_I_dark,dark_current,True,45,poly3_ridge,0.46275521127386726,0.3407368745413119,0.8530084172966189,3.101555145906221e-07,1.2420151282359781e-07,66.7659650672467,302.28723438747477,0.37710191708970203,0.34073687454131196,84,,,,,0.004485100042074919,False,51,8,11,8,4029,632
APD_I_dark,dark_current,True,45,spline_ridge,0.14846696343302163,0.10513521609511853,0.9848696323209388,2.203938913723831e-07,4.928629691781688e-08,17.711503838061944,68.90202165289588,0.14706454065757396,0.10513521609511853,43,,,,,0.007859899895265698,False,51,8,11,8,4029,632
APD_I_dark,dark_current,True,46,bkan,0.11094803368912823,0.0744435627901502,0.9915429552187186,4.926162332681583e-07,7.496524586030939e-08,10.46136351881077,52.457989004648624,0.10652212055624635,0.07444356279015019,1664,174.80781279993244,300.0,-1.346992055575053,<REPO_ROOT>/artifacts\results\apd_second_device\predictions\seed_46\dark_current\bkan\model_checkpoint.pt,175.1227634998504,False,51,8,11,8,4029,632
APD_I_dark,dark_current,True,46,dkan,0.11750440461860287,0.08851453365562743,0.990513899893271,4.441718309362321e-07,7.718730808089172e-08,15.797517226357343,45.63384786563498,0.11494227931599815,0.08851453365562742,952,5.56931439996697,,,,5.600847099907696,False,51,8,11,8,4029,632
APD_I_dark,dark_current,True,46,mlp_l,0.2928843813629383,0.21821486445121235,0.9410651969959928,7.329866657481548e-07,1.723543744906517e-07,42.77973404177343,97.93737497671583,0.29094970263730985,0.21821486445121235,2561,1.180861899862066,,,,1.1843213001266122,False,51,8,11,8,4029,632
APD_I_dark,dark_current,True,46,poly3_ridge,0.7775769644579957,0.48143447376930615,0.5846002954793519,6.16598454753845e-07,1.8677159133190978e-07,52.648535629072015,309.2146781293647,0.5190499999908819,0.4814344737693062,84,,,,,0.004499899921938777,False,51,8,11,8,4029,632
APD_I_dark,dark_current,True,46,spline_ridge,0.14379067955584468,0.1044925633130585,0.9857950116066455,3.288516134060396e-07,6.737427675521598e-08,16.17956301119808,67.173678416717,0.14199684047549094,0.10449256331305852,43,,,,,0.0058280001394450665,False,51,8,11,8,4029,632
APD_I_dark,dark_current,True,47,bkan,0.11338177486125783,0.071725489354175,0.9913609777265927,2.450563859434324e-07,4.496087365720509e-08,9.477022812611802,58.74662333600165,0.1077280841593382,0.071725489354175,1664,175.56272440007888,300.0,-1.4907846450805664,<REPO_ROOT>/artifacts\results\apd_second_device\predictions\seed_47\dark_current\bkan\model_checkpoint.pt,175.8714141000528,False,51,8,11,8,4029,632
APD_I_dark,dark_current,True,47,dkan,0.1236362704602794,0.09118658269381492,0.9897276482238831,3.007674609073695e-07,6.667270045473309e-08,14.881590351164231,53.1683033702715,0.12151428340593438,0.09118658269381492,952,5.499343799892813,,,,5.532926199957728,False,51,8,11,8,4029,632
APD_I_dark,dark_current,True,47,mlp_l,0.3167113712191473,0.23959152178720003,0.9325929370249262,5.059706403893295e-07,1.3489576418961088e-07,45.95237889847836,124.9837834301039,0.3148812476152128,0.23959152178720006,2561,1.1918822000734508,,,,1.19523789989762,False,51,8,11,8,4029,632
APD_I_dark,dark_current,True,47,poly3_ridge,0.25908816859217304,0.19743066548685598,0.9548899556773646,2.674114470427923e-07,8.113744123905436e-08,37.86111893407623,115.2593107672504,0.2438488291521228,0.19743066548685595,84,,,,,0.006149300141260028,False,51,8,11,8,4029,632
APD_I_dark,dark_current,True,47,spline_ridge,0.15055922595223276,0.10617822591284598,0.9847667405779864,1.6551229365326303e-07,4.4601593266314885e-08,16.734325072694254,66.63981893009644,0.14615593175017122,0.10617822591284598,43,,,,,0.00621100002899766,False,51,8,11,8,4029,632
APD_I_dark,dark_current,True,48,bkan,0.09608003228945412,0.05643909969654709,0.9936890776876779,2.2033452385754758e-07,4.22800762782444e-08,5.912954315844148,52.5065554889726,0.09361543875149785,0.05643909969654709,1664,173.1845780001022,300.0,-1.6765856345494587,<REPO_ROOT>/artifacts\results\apd_second_device\predictions\seed_48\dark_current\bkan\model_checkpoint.pt,173.48132189991884,False,51,8,11,8,4029,632
APD_I_dark,dark_current,True,48,dkan,0.14230852307302305,0.10312490947608603,0.9861551461311592,2.416653386888364e-07,5.8221334630579147e-08,16.76421623531425,85.5862699811493,0.1377544087160978,0.10312490947608605,952,5.425415500067174,,,,5.457199700176716,False,51,8,11,8,4029,632
APD_I_dark,dark_current,True,48,mlp_l,0.25326556550781765,0.18643065244850962,0.956149066219733,5.2224143437366e-07,1.4434594270613313e-07,38.49471019100123,82.00340789971683,0.2504668480943686,0.1864306524485096,2561,1.2155627999454737,,,,1.2186671001836658,False,51,8,11,8,4029,632
APD_I_dark,dark_current,True,48,poly3_ridge,0.21654166868366942,0.16156813855260163,0.9679439865499875,2.3612005058073894e-07,8.182454634432984e-08,26.953554443345148,77.85276416669865,0.20996135974329846,0.1615681385526016,84,,,,,0.004007500130683184,False,51,8,11,8,4029,632
APD_I_dark,dark_current,True,48,spline_ridge,0.14421973753310474,0.1023271025060684,0.985780774062431,1.8113119149792574e-07,5.489740038763511e-08,16.408142400802287,66.37218219308326,0.14135877317632042,0.1023271025060684,43,,,,,0.0041699998546391726,False,51,8,11,8,4029,632
APD_I_dark,dark_current,True,49,bkan,0.11551334842370815,0.08049484887486176,0.9912340134784604,4.581155835738718e-07,7.214281867773651e-08,13.911242338456114,55.03848192712718,0.11338819343203191,0.08049484887486176,1664,171.14876580005512,300.0,-1.540267825126648,<REPO_ROOT>/artifacts\results\apd_second_device\predictions\seed_49\dark_current\bkan\model_checkpoint.pt,171.46928969980218,False,51,8,11,8,4029,632
APD_I_dark,dark_current,True,49,dkan,0.1217095323098731,0.0893069758188346,0.9902683688569808,3.1910925044606257e-07,5.863166986750087e-08,14.82451938215019,55.074273400770565,0.11796534440104425,0.0893069758188346,952,5.320284199900925,,,,5.350936699891463,False,51,8,11,8,4029,632
APD_I_dark,dark_current,True,49,mlp_l,0.22590819157159753,0.16243425894430966,0.9664725587330321,6.264452508559868e-07,1.3604977246232342e-07,29.956812307288494,83.47638821905274,0.2248592081191168,0.16243425894430966,2561,1.1292591001838446,,,,1.1322476000059396,False,51,8,11,8,4029,632
APD_I_dark,dark_current,True,49,poly3_ridge,0.2148821019469609,0.16643676693635315,0.9696654931132088,4.0579751996196457e-07,1.0508550080512109e-07,32.16915102631816,104.48059528392908,0.2090575715745312,0.16643676693635318,84,,,,,0.003913900116458535,False,51,8,11,8,4029,632
APD_I_dark,dark_current,True,49,spline_ridge,0.1387721799816023,0.10145597689050614,0.9873485217322612,2.416536546170294e-07,5.4698486457962214e-08,17.16608269908894,70.17771867500764,0.13714792380759122,0.10145597689050614,43,,,,,0.004122699843719602,False,51,8,11,8,4029,632
APD_I_dark,dark_current,True,50,bkan,0.10039010101805816,0.06680284567460754,0.9931171695149611,3.85911958980297e-07,6.143599061819021e-08,9.955302410794495,48.550034548286845,0.10010413665741208,0.06680284567460752,1664,171.82618630002253,300.0,-1.518627683321635,<REPO_ROOT>/artifacts\results\apd_second_device\predictions\seed_50\dark_current\bkan\model_checkpoint.pt,172.13604459981434,False,51,8,11,8,4029,632
APD_I_dark,dark_current,True,50,dkan,0.156978018500335,0.11896829005596478,0.9831708191817163,4.1687056632229105e-07,8.931886087342554e-08,21.682323662101012,67.26128356225385,0.14994858997009852,0.11896829005596479,952,5.2834912000689656,,,,5.314275200013071,False,51,8,11,8,4029,632
APD_I_dark,dark_current,True,50,mlp_l,0.2478149390570769,0.18538158079238806,0.9580588573745714,6.093180803801388e-07,1.4224655217603288e-07,37.78346421013331,90.12849255345742,0.24742422558903862,0.18538158079238806,2561,1.1954093999229372,,,,1.198360800044611,False,51,8,11,8,4029,632
APD_I_dark,dark_current,True,50,poly3_ridge,0.23739549099082577,0.1872895697096152,0.9615115676185093,3.477698591686412e-07,1.0272361574088153e-07,32.46869580361458,144.38297398513217,0.2301225581515296,0.1872895697096152,84,,,,,0.004195600049570203,False,51,8,11,8,4029,632
APD_I_dark,dark_current,True,50,spline_ridge,0.1392762824015203,0.10315159758384443,0.9867523262862146,2.501993947236333e-07,5.865569933767298e-08,17.902096817844303,71.93384058702499,0.13895901095131746,0.10315159758384441,43,,,,,0.004392600152641535,False,51,8,11,8,4029,632
APD_I_dark,dark_current,True,51,bkan,0.09791990405735841,0.05969573187766267,0.9934564669183225,2.354415517841973e-07,3.9436535582904687e-08,8.583800189230367,55.92197743218648,0.09682800949561932,0.05969573187766268,1664,172.60300419991836,300.0,-1.5652572711308796,<REPO_ROOT>/artifacts\results\apd_second_device\predictions\seed_51\dark_current\bkan\model_checkpoint.pt,172.91348210000433,False,51,8,11,8,4029,632
APD_I_dark,dark_current,True,51,dkan,0.10010012369369299,0.06650988174147578,0.9931618350581523,2.9184907055818203e-07,5.4519058653917044e-08,9.347489924144885,53.27150442476249,0.09960071050343716,0.06650988174147578,952,5.29599709995091,,,,5.32722539990209,False,51,8,11,8,4029,632
APD_I_dark,dark_current,True,51,mlp_l,0.3135892312922195,0.24347166768191889,0.9328891677059444,6.033687223059802e-07,1.5082574615979166e-07,50.16823075362987,142.15748788046517,0.3127795722558171,0.24347166768191889,2561,1.1786685998085886,,,,1.1816968000493944,False,51,8,11,8,4029,632
APD_I_dark,dark_current,True,51,poly3_ridge,0.21919229556591127,0.16476359578205912,0.9672115479673767,2.5777722902617213e-07,7.453586145547299e-08,27.580988962673096,83.09538082813025,0.21389821241795587,0.16476359578205915,84,,,,,0.004671300062909722,False,51,8,11,8,4029,632
APD_I_dark,dark_current,True,51,spline_ridge,0.13094141548099544,0.09243400376333892,0.9882989615479622,2.02310792905567e-07,4.807549815587515e-08,14.780551055532822,64.29415502206483,0.13022468618194308,0.09243400376333892,43,,,,,0.004403800005093217,False,51,8,11,8,4029,632
APD_I_photo,photo_current,True,42,bkan,0.0710437781759722,0.0386042131513217,0.9921903762348763,2.3944516343597915e-07,4.756307427332634e-08,5.893904011048361,24.730313524987867,0.06957147283106166,0.038604213151321704,1872,306.81206079991534,300.0,-1.8810765266418457,<REPO_ROOT>/artifacts\results\apd_second_device\predictions\seed_42\photo_current\bkan\model_checkpoint.pt,307.1158600000199,True,51,8,11,8,8160,1280
APD_I_photo,photo_current,True,42,dkan,0.09591816422240668,0.0657589580546876,0.9857642704349454,4.2997074735672416e-07,8.527901962975815e-08,10.13069452462739,40.345155833157776,0.08913742604042366,0.0657589580546876,1088,5.4594925998244435,,,,5.493254999862984,True,51,8,11,8,8160,1280
APD_I_photo,photo_current,True,42,mlp_l,0.2396392651930475,0.1811914722846431,0.9111425243497204,7.249802718170892e-07,1.8886201864665804e-07,35.070386411248236,97.70349475150688,0.238868982636612,0.1811914722846431,2625,1.1534790000878274,,,,1.1567434000317007,True,51,8,11,8,8160,1280
APD_I_photo,photo_current,True,42,poly3_ridge,0.3299724445394296,0.20672280457653444,0.8315258161869694,1.9367363883008618e-06,4.057038368694988e-07,26.14833049805828,623.050687123321,0.23347049951716375,0.20672280457653447,120,,,,,0.013867800123989582,True,51,8,11,8,8160,1280
APD_I_photo,photo_current,True,42,spline_ridge,0.08841006617243874,0.06395596260876887,0.9879056803146635,2.3172547879454288e-07,6.27880138633728e-08,10.800127439890947,40.84075636478017,0.08756978663065347,0.06395596260876889,50,,,,,0.009041600162163377,True,51,8,11,8,8160,1280
APD_I_photo,photo_current,True,43,bkan,0.04411820431366046,0.02862285229956587,0.9970966029569269,2.607283367259588e-07,4.24362445213825e-08,4.27318697532724,22.122672375369937,0.0437607340669909,0.028622852299565866,1872,358.5185124001,300.0,-1.9062079191207886,<REPO_ROOT>/artifacts\results\apd_second_device\predictions\seed_43\photo_current\bkan\model_checkpoint.pt,358.94995439983904,False,51,8,11,8,8160,1280
APD_I_photo,photo_current,True,43,dkan,0.0937347747783102,0.06255790858734098,0.9868939368737807,4.5592271776906095e-07,8.510302628633979e-08,9.491484215877277,39.0685827473527,0.08998154795041044,0.06255790858734098,1088,5.824648599838838,,,,5.8609458999708295,False,51,8,11,8,8160,1280
APD_I_photo,photo_current,True,43,mlp_l,0.26178599430195687,0.1928088348253311,0.8977734767300299,9.138706433503012e-07,2.2849776756741712e-07,37.224631730981784,91.08433562898045,0.2614442196422844,0.1928088348253311,2625,1.332731300033629,,,,1.335648400010541,False,51,8,11,8,8160,1280
APD_I_photo,photo_current,True,43,poly3_ridge,0.15343871398521225,0.11764791355945574,0.9648811185686306,4.1085908459075405e-07,1.0627944232178656e-07,21.344804832327537,73.24166758702553,0.15050356059863626,0.11764791355945574,120,,,,,0.027723300037905574,False,51,8,11,8,8160,1280
APD_I_photo,photo_current,True,43,spline_ridge,0.10407569781096146,0.07463172608944754,0.9838426758518766,3.678529282907623e-07,9.037010685780555e-08,12.52104745447065,47.168877259485505,0.10002060768067314,0.07463172608944754,50,,,,,0.014939800137653947,False,51,8,11,8,8160,1280
APD_I_photo,photo_current,True,44,bkan,0.04518124858069729,0.03072764765887705,0.9969859437193458,2.397943968318343e-07,4.085776738375702e-08,4.688066033148404,22.321281534814304,0.04465873130453479,0.030727647658877054,1872,357.63464160007425,300.0,-1.865994358062744,<REPO_ROOT>/artifacts\results\apd_second_device\predictions\seed_44\photo_current\bkan\model_checkpoint.pt,357.97677150019445,False,51,8,11,8,8160,1280
APD_I_photo,photo_current,True,44,dkan,0.07198948382470648,0.04996500699788401,0.9923480342078845,4.39679439740456e-07,8.387633834617138e-08,8.316283809434935,31.906344831121306,0.07144220205211727,0.049965006997884004,1088,5.73077329993248,,,,5.765742999967188,False,51,8,11,8,8160,1280
APD_I_photo,photo_current,True,44,mlp_l,0.26092575827031717,0.19453134795977334,0.8994762204472889,8.457629309255215e-07,2.2585684314294535e-07,38.4943516118593,100.7646536259875,0.2608301454680351,0.19453134795977334,2625,1.3141151000745595,,,,1.317102399887517,False,51,8,11,8,8160,1280
APD_I_photo,photo_current,True,44,poly3_ridge,0.12491054821636119,0.09688122939347879,0.9769626176954451,3.2503785019290634e-07,9.60448108770039e-08,18.75637502030702,59.52733775425666,0.12418530317220265,0.09688122939347879,120,,,,,0.013283000094816089,False,51,8,11,8,8160,1280
APD_I_photo,photo_current,True,44,spline_ridge,0.09565945296157265,0.0718563329845826,0.9864889006768357,2.5132833401425504e-07,7.639496833629878e-08,13.06545312257522,45.86643483857324,0.09432887751370402,0.0718563329845826,50,,,,,0.009534900076687336,False,51,8,11,8,8160,1280
APD_I_photo,photo_current,True,45,bkan,0.037362670385825775,0.025051689135908127,0.9978484881808916,2.061352142194331e-07,3.5271349061872297e-08,4.1876206417006765,17.03605406068238,0.037162736215865196,0.025051689135908124,1872,352.2991835998837,300.0,-1.8982604503631593,<REPO_ROOT>/artifacts\results\apd_second_device\predictions\seed_45\photo_current\bkan\model_checkpoint.pt,352.6143225999549,False,51,8,11,8,8160,1280
APD_I_photo,photo_current,True,45,dkan,0.07259136749162784,0.04718130489450771,0.9918784695928902,3.270487105281415e-07,6.708509088042914e-08,7.744643266792558,32.21824779278245,0.07244236126432038,0.04718130489450771,1088,5.467325800098479,,,,5.499018999980763,False,51,8,11,8,8160,1280
APD_I_photo,photo_current,True,45,mlp_l,0.2581415985962946,0.1950407126958441,0.8972968156177532,7.311609798970386e-07,1.910056999814856e-07,40.57768064868595,97.55080646130267,0.25802198276760163,0.1950407126958441,2625,1.3095865000505,,,,1.3119406001642346,False,51,8,11,8,8160,1280
APD_I_photo,photo_current,True,45,poly3_ridge,0.1942829595954448,0.14661724641549195,0.9418248729644444,3.476828481211742e-07,1.162388672279669e-07,29.12767391991632,107.60016399485444,0.18576914355986934,0.14661724641549193,120,,,,,0.009894399903714657,False,51,8,11,8,8160,1280
APD_I_photo,photo_current,True,45,spline_ridge,0.09014800171848006,0.06611963913122951,0.9874749309834235,2.595027440612004e-07,6.775263354785878e-08,12.057673234535933,43.54191209085357,0.08956321977664082,0.06611963913122952,50,,,,,0.009306699968874454,False,51,8,11,8,8160,1280
APD_I_photo,photo_current,True,46,bkan,0.05152351728794626,0.0357034441572347,0.9962419832762387,3.454753611027357e-07,5.798744414341148e-08,5.697982744562486,22.75061225737616,0.04827547662293217,0.0357034441572347,1872,350.7216513999738,300.0,-1.93694269657135,<REPO_ROOT>/artifacts\results\apd_second_device\predictions\seed_46\photo_current\bkan\model_checkpoint.pt,351.0606656000018,False,51,8,11,8,8160,1280
APD_I_photo,photo_current,True,46,dkan,0.07659397011347073,0.05254006704073129,0.9916950530066191,5.51514687820252e-07,9.549326515609502e-08,9.17616548169126,30.725051185754328,0.07300918352659044,0.052540067040731296,1088,5.576734300004318,,,,5.6122429999522865,False,51,8,11,8,8160,1280
APD_I_photo,photo_current,True,46,mlp_l,0.25729711744446493,0.18286559259976926,0.9062831798496078,1.0188649504688412e-06,2.4855641803469587e-07,32.37999392532493,102.01569172384781,0.25662858007556544,0.18286559259976926,2625,1.2507808001246303,,,,1.2538968999870121,False,51,8,11,8,8160,1280
APD_I_photo,photo_current,True,46,poly3_ridge,0.6006399708091905,0.37868783917154303,0.4892878822279614,2.5849025288153805e-06,5.563260608431162e-07,33.42042399551919,612.9278816835686,0.4022283122509086,0.37868783917154303,120,,,,,0.012059899978339672,False,51,8,11,8,8160,1280
APD_I_photo,photo_current,True,46,spline_ridge,0.1162040367314966,0.08260850179239577,0.9808843032254314,4.025326753702171e-07,9.56948193712784e-08,13.82353499470802,52.140906928661735,0.11048365472312742,0.08260850179239577,50,,,,,0.008667400106787682,False,51,8,11,8,8160,1280
APD_I_photo,photo_current,True,47,bkan,0.05397724785584139,0.034994239501647026,0.9957636104197275,2.3559533683370495e-07,4.749738953332306e-08,5.192705876763712,24.136316953171725,0.052275830738720525,0.034994239501647026,1872,280.9203613998834,300.0,-1.7942245721817016,<REPO_ROOT>/artifacts\results\apd_second_device\predictions\seed_47\photo_current\bkan\model_checkpoint.pt,281.1637192000635,False,51,8,11,8,8160,1280
APD_I_photo,photo_current,True,47,dkan,0.0758823922370985,0.04929554517911649,0.9916274751714538,3.843224205712682e-07,6.77289985860042e-08,6.703490131262135,30.325142525390362,0.07371206886821316,0.04929554517911649,1088,4.204227700131014,,,,4.230920100118965,False,51,8,11,8,8160,1280
APD_I_photo,photo_current,True,47,mlp_l,0.2695339880917479,0.1984170111792792,0.8943665434594147,8.249944444467508e-07,2.1760599909120453e-07,37.191432998246015,103.43647468288633,0.2691196309844879,0.19841701117927918,2625,0.9083690999541432,,,,0.9108694000169635,False,51,8,11,8,8160,1280
APD_I_photo,photo_current,True,47,poly3_ridge,0.15045856576142902,0.11381898851452477,0.9670839091985093,3.7925213448113454e-07,1.1607471374591662e-07,21.03538475648612,91.4862295524365,0.14590424538298802,0.11381898851452477,120,,,,,0.00989129999652505,False,51,8,11,8,8160,1280
APD_I_photo,photo_current,True,47,spline_ridge,0.09962534352186804,0.072897947861149,0.9855684133835451,2.3674415000439505e-07,6.805067106552016e-08,12.420500487747358,45.85686286278366,0.09702397517303496,0.072897947861149,50,,,,,0.00807179999537766,False,51,8,11,8,8160,1280
APD_I_photo,photo_current,True,48,bkan,0.050743821171450036,0.03443584383738274,0.996309807212194,2.761342141653498e-07,5.008486233330183e-08,5.634167361952922,19.978144072128337,0.04920655898939874,0.03443584383738274,1872,266.46259370003827,300.0,-1.9989880561828612,<REPO_ROOT>/artifacts\results\apd_second_device\predictions\seed_48\photo_current\bkan\model_checkpoint.pt,266.7014201998245,False,51,8,11,8,8160,1280
APD_I_photo,photo_current,True,48,dkan,0.07111417606884181,0.04357607316979596,0.9927523854986082,4.1693253047697953e-07,7.199837841341375e-08,6.096685822928161,29.561156783575374,0.0705485635480607,0.04357607316979596,1088,4.171675099991262,,,,4.1991359000094235,False,51,8,11,8,8160,1280
APD_I_photo,photo_current,True,48,mlp_l,0.25662602746341473,0.18811879393988998,0.9056190982711577,8.246101533571605e-07,2.2114443434107666e-07,34.25802594636822,93.02873174653458,0.2558683836697524,0.18811879393988995,2625,0.9316719998605549,,,,0.9341079001314938,False,51,8,11,8,8160,1280
APD_I_photo,photo_current,True,48,poly3_ridge,0.13139751686450743,0.10029117470568147,0.9752567333117459,3.690873671942955e-07,9.923074976937985e-08,19.055673365493647,45.44570824832257,0.13040976757983677,0.10029117470568148,120,,,,,0.010536199901252985,False,51,8,11,8,8160,1280
APD_I_photo,photo_current,True,48,spline_ridge,0.09424148963910911,0.06787885610623273,0.9872717996014969,2.388578197807684e-07,6.654392801303367e-08,11.550795279801266,42.82855609136818,0.0911704529879935,0.06787885610623273,50,,,,,0.008396999910473824,False,51,8,11,8,8160,1280
APD_I_photo,photo_current,True,49,bkan,0.0465568173800132,0.033951142942231914,0.9968875910843651,3.157100829678851e-07,5.105189601961783e-08,5.972147994628178,19.93877369868657,0.04598486968893384,0.033951142942231914,1872,262.83199420012534,300.0,-1.8688429832458495,<REPO_ROOT>/artifacts\results\apd_second_device\predictions\seed_49\photo_current\bkan\model_checkpoint.pt,263.0003917000722,False,51,8,11,8,8160,1280
APD_I_photo,photo_current,True,49,dkan,0.10224062863287005,0.07200250095021869,0.984990124006227,5.274282637185506e-07,1.0204124273829602e-07,13.154479837779487,50.328440817017075,0.09723275275182017,0.07200250095021869,1088,3.0114808999933302,,,,3.0293663998600096,False,51,8,11,8,8160,1280
APD_I_photo,photo_current,True,49,mlp_l,0.26018925827813133,0.19507211696062937,0.9027904778717339,9.281651250966078e-07,2.317439913729354e-07,38.09678868299944,100.09147229475452,0.25987951401277365,0.19507211696062937,2625,0.6578859000001103,,,,0.6598212998360395,False,51,8,11,8,8160,1280
APD_I_photo,photo_current,True,49,poly3_ridge,0.13047150443501385,0.10148722481223568,0.9755566108287896,3.802980717441339e-07,1.0358415814070689e-07,19.727162450654312,51.32881572247711,0.1293321163173126,0.10148722481223568,120,,,,,0.010899699991568923,False,51,8,11,8,8160,1280
APD_I_photo,photo_current,True,49,spline_ridge,0.1043051169769587,0.0757131898345671,0.9843778317439291,3.3925720072644763e-07,7.934618380666852e-08,12.460339876140132,46.47439489005297,0.10293581311061611,0.0757131898345671,50,,,,,0.00801829993724823,False,51,8,11,8,8160,1280
APD_I_photo,photo_current,True,50,bkan,0.042252876487549135,0.027895750178990552,0.9973922353518139,3.174964223868135e-07,5.0460208661500263e-08,4.586796309459606,17.969512633925252,0.04159950952665907,0.027895750178990555,1872,194.79316250002012,300.0,-2.0189942598342894,<REPO_ROOT>/artifacts\results\apd_second_device\predictions\seed_50\photo_current\bkan\model_checkpoint.pt,194.96251540002413,False,51,8,11,8,8160,1280
APD_I_photo,photo_current,True,50,dkan,0.08121923477206215,0.056440532811136555,0.9903645141053584,5.313993552431992e-07,9.299872600602166e-08,9.288610050899221,35.123262796047165,0.07812343804223079,0.05644053281113656,1088,2.9532838999293745,,,,2.967677199980244,False,51,8,11,8,8160,1280
APD_I_photo,photo_current,True,50,mlp_l,0.2590899617460115,0.19343450099521164,0.9019478757134342,9.180082389319918e-07,2.318086484375945e-07,37.230166891874866,103.46265377153418,0.25894282517204603,0.19343450099521162,2625,0.5942538999952376,,,,0.5961527999024838,False,51,8,11,8,8160,1280
APD_I_photo,photo_current,True,50,poly3_ridge,0.1312185965687866,0.10130100678805591,0.9748495007591059,4.2281776194455296e-07,1.0714567002997536e-07,19.18470218899088,60.80638819789593,0.13029542315340917,0.10130100678805591,120,,,,,0.009580999845638871,False,51,8,11,8,8160,1280
APD_I_photo,photo_current,True,50,spline_ridge,0.09452621112348962,0.07110566023120042,0.9869485028082688,3.2636268240554234e-07,7.909151608971555e-08,12.645173370416607,46.87403270053547,0.0935449622776952,0.07110566023120041,50,,,,,0.007790999952703714,False,51,8,11,8,8160,1280
APD_I_photo,photo_current,True,51,bkan,0.04087380807428563,0.02537464017567128,0.9975010091086453,2.1109170458589828e-07,4.1309736335334295e-08,3.9156735718256592,17.021503001244625,0.040517639005363086,0.02537464017567128,1872,161.84793270006776,300.0,-2.039562797546387,<REPO_ROOT>/artifacts\results\apd_second_device\predictions\seed_51\photo_current\bkan\model_checkpoint.pt,162.01017949986272,False,51,8,11,8,8160,1280
APD_I_photo,photo_current,True,51,dkan,0.06880316437632032,0.04709772726413827,0.992919053782489,4.768110667257294e-07,8.051654212882861e-08,7.921070021632689,29.067730245384055,0.0678149363629606,0.04709772726413827,1088,2.5898132999427617,,,,2.603896199958399,False,51,8,11,8,8160,1280
APD_I_photo,photo_current,True,51,mlp_l,0.2586907028864213,0.19477077169868692,0.8998995310299389,8.68547404590104e-07,2.2296698365469543e-07,38.68022307668489,108.30216236271411,0.25852737524382924,0.19477077169868692,2625,0.5886981999501586,,,,0.5901091999839991,False,51,8,11,8,8160,1280
APD_I_photo,photo_current,True,51,poly3_ridge,0.13607445260073733,0.10583497655773269,0.9723033232535961,4.083314304190856e-07,1.0342418553677776e-07,19.4572482304364,54.97160601064982,0.13425562875677632,0.10583497655773269,120,,,,,0.009337000083178282,False,51,8,11,8,8160,1280
APD_I_photo,photo_current,True,51,spline_ridge,0.09496082918323916,0.06904288794181793,0.9865115058853237,2.7013651834758297e-07,7.325917605578449e-08,11.28816895163451,44.33396625783396,0.09389839287863509,0.06904288794181793,50,,,,,0.007782199885696173,False,51,8,11,8,8160,1280
APD_I_net,net_photocurrent,True,42,bkan,0.04491079304176143,0.019785389047472585,0.9959808920690209,9.148469339677734e-08,1.5082820780021192e-08,2.3384158506559505,13.04322420823175,0.04421425581665821,0.019785389047472585,1872,282.7196600001771,300.0,-2.063798713684082,<REPO_ROOT>/artifacts\results\apd_second_device\predictions\seed_42\net_photocurrent\bkan\model_checkpoint.pt,283.1782002998516,False,51,8,11,8,8160,1280
APD_I_net,net_photocurrent,True,42,dkan,0.06197959582825703,0.03770017723362392,0.9923453436020508,2.2025803045450815e-07,3.3772412319239656e-08,6.002742408261365,21.671108634456502,0.06170528242570088,0.03770017723362393,1088,5.8042663999367505,,,,5.841986099956557,False,51,8,11,8,8160,1280
APD_I_net,net_photocurrent,True,42,mlp_l,0.24799758568885624,0.1891075931244383,0.8774472313831957,3.6280040059812937e-07,8.81036654666637e-08,40.66627215774136,78.66557597316073,0.24778087571369495,0.1891075931244383,2625,1.213566099992022,,,,1.2167877999600023,False,51,8,11,8,8160,1280
APD_I_net,net_photocurrent,True,42,poly3_ridge,0.1410204222180986,0.10965641274611478,0.9603729044199527,1.6876731649723674e-07,4.335273847934843e-08,20.731446537407773,57.51380687900771,0.14046285046604184,0.10965641274611476,120,,,,,0.011580100050196052,False,51,8,11,8,8160,1280
APD_I_net,net_photocurrent,True,42,spline_ridge,0.04634334296824956,0.034126469228327704,0.9957204023751023,1.0908645877790452e-07,2.1209083156500224e-08,6.356230992280371,22.10038608402688,0.045600418125099684,0.0341264692283277,50,,,,,0.010393900098279119,False,51,8,11,8,8160,1280
APD_I_net,net_photocurrent,True,43,bkan,0.04252936763995709,0.02126303284243936,0.9964540511486273,1.4889305706938982e-07,1.9541235160152558e-08,2.3650206306398704,17.520460551083964,0.039396947030694796,0.021263032842439356,1872,346.6589901999105,300.0,-1.9912366151809693,<REPO_ROOT>/artifacts\results\apd_second_device\predictions\seed_43\net_photocurrent\bkan\model_checkpoint.pt,346.9685267000459,False,51,8,11,8,8160,1280
APD_I_net,net_photocurrent,True,43,dkan,0.07262792127275759,0.042589589258994975,0.9896590165176212,1.680095069576809e-07,2.756000971450707e-08,5.967450036337805,33.86126331048973,0.06972425831989405,0.042589589258994975,1088,5.425599900074303,,,,5.459588500205427,False,51,8,11,8,8160,1280
APD_I_net,net_photocurrent,True,43,mlp_l,0.2619420168194448,0.19680891179031706,0.8654867858226211,3.6402893088016035e-07,8.984696347680775e-08,42.02655276463794,85.84147736999905,0.2618749806876358,0.19680891179031706,2625,1.2151564999949187,,,,1.2184668998233974,False,51,8,11,8,8160,1280
APD_I_net,net_photocurrent,True,43,poly3_ridge,0.14233145946850992,0.10725411122499524,0.96028483040629,1.6040968737125374e-07,4.4196022038225705e-08,20.9311650875731,53.65045659618249,0.14187987357278703,0.10725411122499524,120,,,,,0.013600799953565001,False,51,8,11,8,8160,1280
APD_I_net,net_photocurrent,True,43,spline_ridge,0.05643643777709676,0.03651024364616268,0.9937558431553294,1.015497118662724e-07,1.9676136292273054e-08,5.611708867967231,26.902994097896684,0.053121117175171775,0.03651024364616268,50,,,,,0.010337300132960081,False,51,8,11,8,8160,1280
APD_I_net,net_photocurrent,True,44,bkan,0.031296545074151264,0.017408889189263227,0.9980579835830519,1.215047576841765e-07,1.6683797533109663e-08,2.1163548693525556,14.5387195635308,0.0309697879530405,0.017408889189263223,1872,343.7531888000667,300.0,-2.145564341545105,<REPO_ROOT>/artifacts\results\apd_second_device\predictions\seed_44\net_photocurrent\bkan\model_checkpoint.pt,344.07078510010615,False,51,8,11,8,8160,1280
APD_I_net,net_photocurrent,True,44,dkan,0.0817495744238526,0.05357076623968913,0.9867495354728675,1.9327956963919284e-07,3.4858248563391186e-08,7.9635314530729735,38.561390730988435,0.07787484276917524,0.05357076623968913,1088,5.496361600002274,,,,5.528862900100648,False,51,8,11,8,8160,1280
APD_I_net,net_photocurrent,True,44,mlp_l,0.26630266161559274,0.20286687729938963,0.8593916483430549,3.4480741302296334e-07,8.871127254140821e-08,43.5667836464203,86.01765760108671,0.2662295747406018,0.20286687729938963,2625,1.226813199929893,,,,1.2293829000554979,False,51,8,11,8,8160,1280
APD_I_net,net_photocurrent,True,44,poly3_ridge,0.13240500303912403,0.10218482047947224,0.9652408702967641,1.3314602920581804e-07,3.958378893864782e-08,20.488973179438375,56.7303971432553,0.13175539561475155,0.10218482047947222,120,,,,,0.011216300074011087,False,51,8,11,8,8160,1280
APD_I_net,net_photocurrent,True,44,spline_ridge,0.04709297015894442,0.033150789050978194,0.9956028400117762,8.152044708993628e-08,1.7911860685590155e-08,5.300172006650152,24.237835952181563,0.04505950891736381,0.033150789050978194,50,,,,,0.00992499990388751,False,51,8,11,8,8160,1280
APD_I_net,net_photocurrent,True,45,bkan,0.0339501806128326,0.01948035065316166,0.9977580895851119,1.0877136560541947e-07,1.5291880107659605e-08,2.4388315371419447,15.619726014230569,0.033829377075716066,0.019480350653161664,1872,342.59382930002175,300.0,-2.035344958305359,<REPO_ROOT>/artifacts\results\apd_second_device\predictions\seed_45\net_photocurrent\bkan\model_checkpoint.pt,342.89619110012427,False,51,8,11,8,8160,1280
APD_I_net,net_photocurrent,True,45,dkan,0.06276321552532649,0.038052385669884836,0.9923379594248402,1.7970490289423004e-07,2.8328769193590526e-08,5.288856482263694,28.589308692480543,0.06213306635750906,0.038052385669884836,1088,5.413082099985331,,,,5.448058400070295,False,51,8,11,8,8160,1280
APD_I_net,net_photocurrent,True,45,mlp_l,0.27640777730987487,0.2090905118529019,0.8513945990745596,3.4780538271168197e-07,8.807139577888062e-08,43.32649344211846,85.53141788149158,0.27628482548423017,0.20909051185290187,2625,1.1766230999492109,,,,1.179935700027272,False,51,8,11,8,8160,1280
APD_I_net,net_photocurrent,True,45,poly3_ridge,0.16756927206960545,0.13026563989697598,0.945383628671253,1.7405186737542702e-07,4.068367294397724e-08,20.712219750901767,53.76454471736428,0.16402313806888763,0.130265639896976,120,,,,,0.011931599816307425,False,51,8,11,8,8160,1280
APD_I_net,net_photocurrent,True,45,spline_ridge,0.051500757912068616,0.0362960160293581,0.9948410500183211,9.37537162595876e-08,1.8394414310452787e-08,5.991597991248498,27.490231626600025,0.050025343117536855,0.0362960160293581,50,,,,,0.00958780013024807,False,51,8,11,8,8160,1280
APD_I_net,net_photocurrent,True,46,bkan,0.04680571886173358,0.021832861692613097,0.9957582865321173,1.8094174603265435e-07,2.234656945995813e-08,2.067555609703632,18.41878494654413,0.04499639432929913,0.0218328616926131,1872,337.10930499993265,300.0,-2.0822574377059935,<REPO_ROOT>/artifacts\results\apd_second_device\predictions\seed_46\net_photocurrent\bkan\model_checkpoint.pt,337.419422699837,False,51,8,11,8,8160,1280
APD_I_net,net_photocurrent,True,46,dkan,0.05589268487090454,0.02851593813755563,0.993951419950697,1.7147530833594856e-07,2.4000369152832628e-08,3.29729403517202,21.35511493097487,0.05409210351754928,0.02851593813755563,1088,5.311205599922687,,,,5.342006599996239,False,51,8,11,8,8160,1280
APD_I_net,net_photocurrent,True,46,mlp_l,0.2546304882703139,0.19071058656922615,0.8744651539302584,3.6539951229153625e-07,8.836670034816324e-08,40.823080890603805,85.57032285343239,0.25437064422437305,0.19071058656922615,2625,1.1727672999259084,,,,1.175386399962008,False,51,8,11,8,8160,1280
APD_I_net,net_photocurrent,True,46,poly3_ridge,0.7836355820512946,0.476386859318095,-0.18897242852582008,7.282824350061264e-06,1.199701027844501e-06,37.46832695260414,5723.64055464804,0.5054455914509842,0.47638685931809494,120,,,,,0.009312000125646591,False,51,8,11,8,8160,1280
APD_I_net,net_photocurrent,True,46,spline_ridge,0.053713511666971164,0.03373795301618182,0.9944138758737666,1.0994089695747196e-07,1.927971214123643e-08,4.890891666234355,25.009846328931978,0.05005370471981096,0.03373795301618182,50,,,,,0.008226600009948015,False,51,8,11,8,8160,1280
APD_I_net,net_photocurrent,True,47,bkan,0.038428268916062235,0.02052353150770236,0.9972074787157751,1.0752274955120701e-07,1.5717081479292862e-08,2.6677668949470488,15.203692055653795,0.03530459570467703,0.02052353150770236,1872,336.7156229999382,300.0,-2.0578546047210695,<REPO_ROOT>/artifacts\results\apd_second_device\predictions\seed_47\net_photocurrent\bkan\model_checkpoint.pt,337.0203788999934,False,51,8,11,8,8160,1280
APD_I_net,net_photocurrent,True,47,dkan,0.06513243310175974,0.03262124834401184,0.9919778744660805,1.8360497077605337e-07,2.537643599839817e-08,3.4448040531676263,25.622415553190343,0.06252225236149814,0.03262124834401184,1088,5.241545500000939,,,,5.274052199907601,False,51,8,11,8,8160,1280
APD_I_net,net_photocurrent,True,47,mlp_l,0.2651564099719652,0.19745382232675893,0.86704670337836,3.626266169920474e-07,9.06415869768754e-08,41.96916114300302,87.33814874541228,0.2649863541514476,0.1974538223267589,2625,1.1953614000231028,,,,1.1983358999714255,False,51,8,11,8,8160,1280
APD_I_net,net_photocurrent,True,47,poly3_ridge,0.17856185698319293,0.13502883854923647,0.9397062581483835,1.7655644172662837e-07,4.397960332064009e-08,24.001568320748483,58.921595627158936,0.16659717134822255,0.13502883854923647,120,,,,,0.010877999942749739,False,51,8,11,8,8160,1280
APD_I_net,net_photocurrent,True,47,spline_ridge,0.05440318244730265,0.03480671361165327,0.9944031526667119,9.691675393109465e-08,1.7936475730759486e-08,4.8963855737481055,23.52262499944838,0.04826148510379183,0.03480671361165328,50,,,,,0.010338400024920702,False,51,8,11,8,8160,1280
APD_I_net,net_photocurrent,True,48,bkan,0.041660892591648534,0.01990782356486586,0.996704343200723,1.4602560106382877e-07,1.9950478859924005e-08,2.5099546307788865,15.408669433821302,0.04002644720835152,0.01990782356486586,1872,268.5032368998509,300.0,-2.149584341049194,<REPO_ROOT>/artifacts\results\apd_second_device\predictions\seed_48\net_photocurrent\bkan\model_checkpoint.pt,268.7391802999191,False,51,8,11,8,8160,1280
APD_I_net,net_photocurrent,True,48,dkan,0.07358761876580938,0.0436115470607379,0.9897176037170543,2.0460399802079303e-07,3.344513168877021e-08,5.926402537514509,31.19674743850315,0.07171584300403079,0.0436115470607379,1088,4.093866700073704,,,,4.119624399812892,False,51,8,11,8,8160,1280
APD_I_net,net_photocurrent,True,48,mlp_l,0.27374955072263196,0.20375708688727112,0.8577043354589193,3.667823940681524e-07,9.196573217035025e-08,42.62693941882412,87.9489332471585,0.2734377974791311,0.20375708688727118,2625,0.9095109000336379,,,,0.9117113000247627,False,51,8,11,8,8160,1280
APD_I_net,net_photocurrent,True,48,poly3_ridge,0.13124724186831738,0.09872202244208753,0.9672911549694106,1.563331543775345e-07,3.672204751602848e-08,18.860988597785038,45.22951033833899,0.13115355092477096,0.09872202244208753,120,,,,,0.008942800108343363,False,51,8,11,8,8160,1280
APD_I_net,net_photocurrent,True,48,spline_ridge,0.059145512935882896,0.039153000365920856,0.9933575477193586,1.0789681394335233e-07,1.9856937109783338e-08,6.237459773164189,28.70833232752008,0.05420412993290419,0.039153000365920856,50,,,,,0.009293799987062812,False,51,8,11,8,8160,1280
APD_I_net,net_photocurrent,True,49,bkan,0.03083092990218808,0.01795417244731065,0.9981790592500801,1.1275407479398858e-07,1.5555092851320184e-08,2.002141238987183,14.860357626680651,0.0304790728714298,0.01795417244731065,1872,260.2566194999963,300.0,-2.0219204902648924,<REPO_ROOT>/artifacts\results\apd_second_device\predictions\seed_49\net_photocurrent\bkan\model_checkpoint.pt,260.494930600049,False,51,8,11,8,8160,1280
APD_I_net,net_photocurrent,True,49,dkan,0.07246373081733225,0.046724608857337584,0.9899407883185833,2.0406131800001e-07,3.339970175623961e-08,7.8624179719286245,26.984278361666043,0.0707032188467534,0.046724608857337584,1088,4.072040600003675,,,,4.095851799938828,False,51,8,11,8,8160,1280
APD_I_net,net_photocurrent,True,49,mlp_l,0.26837807099912825,0.20297896726891057,0.8620198472910109,3.6286061611045465e-07,9.102843350711576e-08,43.10682398144648,86.31430461534244,0.26827944864231756,0.20297896726891057,2625,0.893099500099197,,,,0.8954841000959277,False,51,8,11,8,8160,1280
APD_I_net,net_photocurrent,True,49,poly3_ridge,0.13090552903024946,0.10060254632837644,0.9671724442530973,1.470969328189086e-07,3.6817375191088014e-08,19.045854035503748,44.57958368878417,0.13072385328849562,0.10060254632837644,120,,,,,0.011995600070804358,False,51,8,11,8,8160,1280
APD_I_net,net_photocurrent,True,49,spline_ridge,0.04234615275117433,0.030013106590851112,0.9965648121837354,9.710921584040248e-08,1.7749323952474053e-08,4.878480610299809,19.698826285176104,0.04013259455672284,0.03001310659085111,50,,,,,0.009074500063434243,False,51,8,11,8,8160,1280
APD_I_net,net_photocurrent,True,50,bkan,0.03435623952352208,0.018176750748076776,0.9977025672975609,1.6145952672666982e-07,2.1221644710031835e-08,2.302305636255989,12.662418103491795,0.03421538766323348,0.018176750748076773,1872,257.5226797000505,300.0,-2.064965558052063,<REPO_ROOT>/artifacts\results\apd_second_device\predictions\seed_50\net_photocurrent\bkan\model_checkpoint.pt,257.6943743999582,False,51,8,11,8,8160,1280
APD_I_net,net_photocurrent,True,50,dkan,0.05549912766663039,0.03277468838900296,0.9940047973348083,1.985463080481034e-07,2.946216469689287e-08,4.50910507061209,22.84950771233682,0.05513005357208722,0.03277468838900296,1088,3.0436997001525015,,,,3.0602505998685956,False,51,8,11,8,8160,1280
APD_I_net,net_photocurrent,True,50,mlp_l,0.27014822757388873,0.2035361859837347,0.8579517787055886,3.690189806493685e-07,9.231784196117132e-08,42.63969237942237,87.02536510114588,0.27006665936165364,0.20353618598373469,2625,0.6592119999695569,,,,0.6607816000469029,False,51,8,11,8,8160,1280
APD_I_net,net_photocurrent,True,50,poly3_ridge,0.1428472248299789,0.10911978265954966,0.9602831158614702,1.6305540120801226e-07,4.242893280327305e-08,22.083044294264724,58.63769959352676,0.1424809726047746,0.10911978265954965,120,,,,,0.009804900037124753,False,51,8,11,8,8160,1280
APD_I_net,net_photocurrent,True,50,spline_ridge,0.044051789838731537,0.03198833717438597,0.9962228983552786,1.0460762592515747e-07,1.9275783583760897e-08,5.789349823102386,22.523964625912313,0.04369760028788054,0.03198833717438597,50,,,,,0.008713300107046962,False,51,8,11,8,8160,1280
APD_I_net,net_photocurrent,True,51,bkan,0.02988240379460381,0.016560590768598858,0.9982256291020459,7.903544188430983e-08,1.4216653653200505e-08,2.1772199880133605,13.307054966795624,0.02956000582657748,0.016560590768598858,1872,194.3569767998997,300.0,-2.071202039718628,<REPO_ROOT>/artifacts\results\apd_second_device\predictions\seed_51\net_photocurrent\bkan\model_checkpoint.pt,194.52695720014162,False,51,8,11,8,8160,1280
APD_I_net,net_photocurrent,True,51,dkan,0.08086483454886344,0.04947747024522947,0.987006302542968,2.333945307190785e-07,3.7853903019991475e-08,8.050277810530517,28.323823731276295,0.07958607450624502,0.049477470245229464,1088,3.060123899951577,,,,3.0761941000819206,False,51,8,11,8,8160,1280
APD_I_net,net_photocurrent,True,51,mlp_l,0.27132871363816224,0.20713702789714472,0.8537132950894055,3.572778962336459e-07,9.04193115454215e-08,43.70040025497085,85.51532291987046,0.27126690438674406,0.20713702789714475,2625,0.6543579001445323,,,,0.656275600194931,False,51,8,11,8,8160,1280
APD_I_net,net_photocurrent,True,51,poly3_ridge,0.1322520660525199,0.10319296395252553,0.9652449212753157,1.484379043705705e-07,4.024810566258251e-08,20.813276653109096,49.529953426006735,0.13200665950748167,0.10319296395252554,120,,,,,0.009912299923598766,False,51,8,11,8,8160,1280
APD_I_net,net_photocurrent,True,51,spline_ridge,0.04049849661237884,0.026370898979510726,0.9967409490567821,9.31682197364376e-08,1.6621447275429294e-08,3.7413549240223998,19.835519495046782,0.03878873614952025,0.026370898979510733,50,,,,,0.00793059985153377,False,51,8,11,8,8160,1280
APD_M,multiplication_gain,True,42,bkan,0.05385445103798084,0.02123798634147143,0.9934750060898438,1.9130300448226676,0.3012601923760962,2.0969161297710674,15.467896100058228,0.05243741095467872,0.021237986341471428,1872,261.890167000005,300.0,-2.1392887353897097,<REPO_ROOT>/artifacts\results\apd_second_device\predictions\seed_42\multiplication_gain\bkan\model_checkpoint.pt,262.24405410001054,False,51,8,11,8,8160,1280
APD_M,multiplication_gain,True,42,dkan,0.05023340324957075,0.027120634434273837,0.9943229579874149,2.295620747845163,0.3622032098003872,3.8448928074831317,17.69938146448965,0.049815608272978304,0.027120634434273837,1088,4.497620099922642,,,,4.523262299830094,False,51,8,11,8,8160,1280
APD_M,multiplication_gain,True,42,mlp_l,0.23211655993997987,0.17527128785513937,0.8787870125427242,4.461893130527796,1.1824038395939152,38.18591515706538,74.03267833475158,0.231899248388455,0.17527128785513935,2625,0.9787482998799533,,,,0.981593000004068,False,51,8,11,8,8160,1280
APD_M,multiplication_gain,True,42,poly3_ridge,0.13480341229060921,0.1053556812151506,0.9591173842118345,2.101244982894183,0.572383769729673,21.039523129539383,50.73579767114728,0.13458602780736476,0.1053556812151506,120,,,,,0.019863199908286333,False,51,8,11,8,8160,1280
APD_M,multiplication_gain,True,42,spline_ridge,0.04620929194067025,0.03404790533684866,0.9951960825940203,1.4781155352190136,0.30334938437092507,6.366042472309649,21.315901134176855,0.04552036702235584,0.03404790533684866,50,,,,,0.00955960014835,False,51,8,11,8,8160,1280
APD_M,multiplication_gain,True,43,bkan,0.04684141460461947,0.023395464095250534,0.995150133842399,1.7886295790115716,0.26721251445894456,2.4100550978640727,20.652512015644238,0.043427865027957695,0.023395464095250534,1872,277.86624789983034,300.0,-2.1057159662246705,<REPO_ROOT>/artifacts\results\apd_second_device\predictions\seed_43\multiplication_gain\bkan\model_checkpoint.pt,278.17393149994314,False,51,8,11,8,8160,1280
APD_M,multiplication_gain,True,43,dkan,0.06202707905805493,0.030959128917378714,0.9914958206790533,1.569272109126474,0.25880658199766227,3.205862333537778,22.58069084363607,0.05976014282790444,0.03095912891737871,1088,5.571295100031421,,,,5.609333700034767,False,51,8,11,8,8160,1280
APD_M,multiplication_gain,True,43,mlp_l,0.2589797047294422,0.194545484263893,0.8517477778297389,4.47349370444797,1.2374336409925157,42.22337322948755,84.67482205226614,0.2589124379226762,0.194545484263893,2625,1.246650200104341,,,,1.2496293999720365,False,51,8,11,8,8160,1280
APD_M,multiplication_gain,True,43,poly3_ridge,0.13664627534077042,0.1033612097314168,0.9587270657443129,1.9484588040316495,0.5730990361264586,19.390532083532037,49.5146513014839,0.13628180079376565,0.10336120973141678,120,,,,,0.012160599930211902,False,51,8,11,8,8160,1280
APD_M,multiplication_gain,True,43,spline_ridge,0.05651092158392676,0.036332989542246355,0.9929411406466443,1.40901437947091,0.27921604823948004,5.509275286056742,27.524155015757934,0.05321904461395213,0.036332989542246355,50,,,,,0.009804900037124753,False,51,8,11,8,8160,1280
APD_M,multiplication_gain,True,44,bkan,0.0299257302537843,0.016507304131398365,0.9979950928069671,1.031660187153,0.1884776508644678,1.8573791526846861,13.01614184009495,0.029641759854756276,0.016507304131398365,1872,342.05486720008776,300.0,-2.2167068004608153,<REPO_ROOT>/artifacts\results\apd_second_device\predictions\seed_44\multiplication_gain\bkan\model_checkpoint.pt,342.3531998998951,False,51,8,11,8,8160,1280
APD_M,multiplication_gain,True,44,dkan,0.08304946815489335,0.05304298496517549,0.9845588916201585,1.8272710242081018,0.3740346178410304,8.384478259401345,29.485944171809127,0.08236820054770849,0.05304298496517549,1088,5.421003399882466,,,,5.457285999786109,False,51,8,11,8,8160,1280
APD_M,multiplication_gain,True,44,mlp_l,0.2714674245681358,0.20735890806467516,0.8350166166214208,4.241137687515583,1.2626693396184492,44.55798618628752,87.17524241577362,0.27140175155338375,0.20735890806467516,2625,1.164715699851513,,,,1.167454699985683,False,51,8,11,8,8160,1280
APD_M,multiplication_gain,True,44,poly3_ridge,0.1321761805988352,0.10223582503945808,0.9608878980311544,1.6420318174177702,0.5468266423322918,20.546563198835727,54.81151868840505,0.1316269582327909,0.10223582503945808,120,,,,,0.013599100057035685,False,51,8,11,8,8160,1280
APD_M,multiplication_gain,True,44,spline_ridge,0.046979568300363005,0.03271566781045634,0.9950589095565063,1.0382436813764622,0.25078821611050006,5.113133516959571,23.762093708623933,0.04500858920744978,0.03271566781045634,50,,,,,0.01084560016170144,False,51,8,11,8,8160,1280
APD_M,multiplication_gain,True,45,bkan,0.03475454461873283,0.018718994114867698,0.9973524726190093,1.2839037915431624,0.20141244053344423,2.1587996652823547,16.26331992085875,0.03455360552153294,0.018718994114867698,1872,341.1089932001196,300.0,-2.063039183616638,<REPO_ROOT>/artifacts\results\apd_second_device\predictions\seed_45\multiplication_gain\bkan\model_checkpoint.pt,341.40962489997037,False,51,8,11,8,8160,1280
APD_M,multiplication_gain,True,45,dkan,0.07954021934842789,0.05183111828147917,0.9861327347059403,1.799220535321454,0.4030787152604585,7.529236129744797,38.607166221335575,0.07679080207672076,0.05183111828147918,1088,5.53847899986431,,,,5.574478500057012,False,51,8,11,8,8160,1280
APD_M,multiplication_gain,True,45,mlp_l,0.27048631270172363,0.20451497520737041,0.8396356446936005,4.125866716922386,1.2116835937673969,43.0817579690988,85.53245080852486,0.2703758169909517,0.2045149752073704,2625,1.167002399917692,,,,1.1701287999749184,False,51,8,11,8,8160,1280
APD_M,multiplication_gain,True,45,poly3_ridge,0.1583032310384131,0.1246298187253363,0.9450716170797054,1.9056608048906716,0.5595752625520316,22.178053963776655,53.24595643098462,0.15621894745836085,0.12462981872533631,120,,,,,0.014744499931111932,False,51,8,11,8,8160,1280
APD_M,multiplication_gain,True,45,spline_ridge,0.05109077937498822,0.035804757174919315,0.994278600008101,1.1422838365567296,0.25364410912061386,5.628464627860447,27.891302299173635,0.04962090707481083,0.03580475717491932,50,,,,,0.009512600023299456,False,51,8,11,8,8160,1280
APD_M,multiplication_gain,True,46,bkan,0.041740835238208734,0.020098635803331585,0.9961999406939468,1.696643941585781,0.25523826634609936,1.8235718141062633,17.689759549192104,0.03876609649824043,0.020098635803331585,1872,339.70958029991016,300.0,-2.1835748672485353,<REPO_ROOT>/artifacts\results\apd_second_device\predictions\seed_46\multiplication_gain\bkan\model_checkpoint.pt,340.0074891000986,False,51,8,11,8,8160,1280
APD_M,multiplication_gain,True,46,dkan,0.06658608593408248,0.04150006198140212,0.9903298084186882,2.321563731741914,0.3876453739138441,6.879259823490708,23.75076811356252,0.0642258927101263,0.04150006198140212,1088,5.520145399961621,,,,5.556240999838337,False,51,8,11,8,8160,1280
APD_M,multiplication_gain,True,46,mlp_l,0.24749412496256223,0.1845447029808117,0.8664026349837334,4.340156445690049,1.1932713282424676,39.61461154059121,85.07206145623775,0.24725023348202757,0.18454470298081166,2625,1.3054594001732767,,,,1.30857909983024,False,51,8,11,8,8160,1280
APD_M,multiplication_gain,True,46,poly3_ridge,0.5953172773285335,0.3726474210678087,0.22702565834447141,35.085526714553126,6.982850685328114,34.02554387141521,2311.585016888425,0.4018381393811114,0.3726474210678086,120,,,,,0.012410499854013324,False,51,8,11,8,8160,1280
APD_M,multiplication_gain,True,46,spline_ridge,0.05347709844661626,0.0330574089140173,0.9937625974279397,1.434383025254065,0.2718334830804535,4.701534899805216,25.051007868252707,0.04976858876236912,0.0330574089140173,50,,,,,0.011501400033012033,False,51,8,11,8,8160,1280
APD_M,multiplication_gain,True,47,bkan,0.03897564064967146,0.017927614018182186,0.9967787666640835,1.441412144803409,0.22997591555315594,1.7646297031773392,14.829919249948466,0.03605534632577984,0.017927614018182186,1872,335.71219970006496,300.0,-2.1854785442352296,<REPO_ROOT>/artifacts\results\apd_second_device\predictions\seed_47\multiplication_gain\bkan\model_checkpoint.pt,336.0140006998554,False,51,8,11,8,8160,1280
APD_M,multiplication_gain,True,47,dkan,0.05226192509967572,0.02888265657860354,0.9942082945565562,1.9104622844786858,0.31023244492058266,3.6402253076627114,23.265730616591775,0.05016728652111174,0.028882656578603536,1088,5.222612699959427,,,,5.255562599981204,False,51,8,11,8,8160,1280
APD_M,multiplication_gain,True,47,mlp_l,0.2764868498428401,0.20721747035019536,0.8378994006306865,4.576823523910722,1.30290102219394,43.76009862885978,87.39291373357098,0.27631362707056073,0.20721747035019533,2625,1.2208049001637846,,,,1.224148300010711,False,51,8,11,8,8160,1280
APD_M,multiplication_gain,True,47,poly3_ridge,0.14868232141551718,0.1129198873982011,0.9531235919192009,2.0055538313489905,0.5221317417134366,20.392881207132255,51.16208246498216,0.1463815347033255,0.11291988739820108,120,,,,,0.01146889990195632,False,51,8,11,8,8160,1280
APD_M,multiplication_gain,True,47,spline_ridge,0.05445099266264179,0.03479006681359398,0.9937129449524218,1.2174809160223163,0.2503592216352408,4.818593835426214,24.02836672670215,0.04824539984307101,0.03479006681359397,50,,,,,0.008109400048851967,False,51,8,11,8,8160,1280
APD_M,multiplication_gain,True,48,bkan,0.042196692596353856,0.01962786466734797,0.9962101579076218,2.104728451567214,0.3018748663120191,2.166699247856117,17.228678726085437,0.04065058800828668,0.01962786466734797,1872,334.21110389987007,300.0,-2.174490737915039,<REPO_ROOT>/artifacts\results\apd_second_device\predictions\seed_48\multiplication_gain\bkan\model_checkpoint.pt,334.50842159986496,False,51,8,11,8,8160,1280
APD_M,multiplication_gain,True,48,dkan,0.04740319363263219,0.024986375435391235,0.9952172300204687,2.2480264765932056,0.33087202348389305,3.3617206205845864,16.100607963212045,0.04631617501457737,0.024986375435391235,1088,5.242987199919298,,,,5.275554300053045,False,51,8,11,8,8160,1280
APD_M,multiplication_gain,True,48,mlp_l,0.26686222490491607,0.19881112166565282,0.8484211890091702,4.772066353399612,1.2929056361438154,41.779627225048884,87.1716543951739,0.26657306660455465,0.19881112166565285,2625,1.1495447000488639,,,,1.1526165001560003,False,51,8,11,8,8160,1280
APD_M,multiplication_gain,True,48,poly3_ridge,0.13191390631388542,0.0990941519125386,0.9629621768873596,2.195830397247574,0.5221399644936462,18.637062973909003,46.52060013420792,0.13183393211445918,0.09909415191253862,120,,,,,0.01011350005865097,False,51,8,11,8,8160,1280
APD_M,multiplication_gain,True,48,spline_ridge,0.05958988475988433,0.039860467456277485,0.9924419565881373,1.5915538505465119,0.2945916776260307,6.4133160872788135,29.152405906653343,0.05468361559947003,0.039860467456277485,50,,,,,0.0091474000364542,False,51,8,11,8,8160,1280
APD_M,multiplication_gain,True,49,bkan,0.02667404010854721,0.01461351782571399,0.9984681499729955,1.0209005444490844,0.17173551440283866,1.3823926597857874,13.377109874462752,0.026205193820806272,0.014613517825713988,1872,269.59328279993497,300.0,-2.071274471282959,<REPO_ROOT>/artifacts\results\apd_second_device\predictions\seed_49\multiplication_gain\bkan\model_checkpoint.pt,269.8235327999573,False,51,8,11,8,8160,1280
APD_M,multiplication_gain,True,49,dkan,0.059773119766879414,0.035311435895816756,0.9923078012604917,2.1318858249411834,0.371633916359699,5.344736863178385,21.811081891054688,0.05827592501044665,0.035311435895816756,1088,4.078218899900094,,,,4.102347499923781,False,51,8,11,8,8160,1280
APD_M,multiplication_gain,True,49,mlp_l,0.26157166976036716,0.19747524577522133,0.8526941283375431,4.402638080365505,1.2501651838785308,42.227848591058375,85.5659561491268,0.26147603437487554,0.19747524577522133,2625,0.8908306998200715,,,,0.8932474998291582,False,51,8,11,8,8160,1280
APD_M,multiplication_gain,True,49,poly3_ridge,0.13008182405094545,0.09970815631827842,0.9635689335085328,1.7000424802349712,0.4954474266106743,19.12212497844265,43.38331373322701,0.12997192518737063,0.09970815631827842,120,,,,,0.01181129994802177,False,51,8,11,8,8160,1280
APD_M,multiplication_gain,True,49,spline_ridge,0.04193210841920328,0.029151361540167252,0.9962144233087086,1.0891648000954672,0.2342467217835445,4.527460930601585,19.90416428338949,0.039737638683952956,0.029151361540167255,50,,,,,0.008103500120341778,False,51,8,11,8,8160,1280
APD_M,multiplication_gain,True,50,bkan,0.037016496724829935,0.019255586616958597,0.9969997984788012,1.9492153891581325,0.2899438763674073,2.0920198844677316,15.055919508772416,0.03676003054992469,0.019255586616958597,1872,258.3154428000562,300.0,-2.1319616794586183,<REPO_ROOT>/artifacts\results\apd_second_device\predictions\seed_50\multiplication_gain\bkan\model_checkpoint.pt,258.5429896998685,False,51,8,11,8,8160,1280
APD_M,multiplication_gain,True,50,dkan,0.06711668061113361,0.044253924378383575,0.9901367341930398,2.4698872342237026,0.4658780349742175,6.737213589700703,33.762051822056755,0.06489740629682157,0.04425392437838357,1088,4.060960599919781,,,,4.08655419992283,False,51,8,11,8,8160,1280
APD_M,multiplication_gain,True,50,mlp_l,0.2664566908786664,0.20147672937607367,0.8445420063259405,4.653957382904767,1.3000605607587707,42.75991060868888,86.87977968082372,0.2663828472133285,0.20147672937607367,2625,0.8887434001080692,,,,0.8911152998916805,False,51,8,11,8,8160,1280
APD_M,multiplication_gain,True,50,poly3_ridge,0.14116387544569334,0.10778775491749375,0.956367816830684,2.0916945012349357,0.5775724862503873,20.971622511375415,62.636042724555956,0.14060360603599287,0.10778775491749376,120,,,,,0.009411500068381429,False,51,8,11,8,8160,1280
APD_M,multiplication_gain,True,50,spline_ridge,0.04412677485747478,0.03194963539606398,0.9957365205704107,1.3667419442293411,0.2703573368867477,5.654568895801388,22.909448893701473,0.04384989154846698,0.03194963539606398,50,,,,,0.010764800012111664,False,51,8,11,8,8160,1280
APD_M,multiplication_gain,True,51,bkan,0.026051794633063206,0.014176107165593038,0.9984782145323263,1.0823730888869603,0.19279787477247262,1.8173664758216703,13.041340223003342,0.025744016429013975,0.01417610716559304,1872,258.597671699943,300.0,-2.1376314878463747,<REPO_ROOT>/artifacts\results\apd_second_device\predictions\seed_51\multiplication_gain\bkan\model_checkpoint.pt,258.8285629001912,False,51,8,11,8,8160,1280
APD_M,multiplication_gain,True,51,dkan,0.04298446816013268,0.023027981251437426,0.9958571304753698,1.869821007069109,0.29415755047245284,3.105047754085831,16.67661895461361,0.04281948168025401,0.023027981251437426,1088,4.073043899843469,,,,4.0972538001369685,False,51,8,11,8,8160,1280
APD_M,multiplication_gain,True,51,mlp_l,0.26437542603082237,0.20205451961001217,0.8432814843207945,4.340380091732119,1.252245954023444,43.38543273830456,85.7175777020923,0.2643226194961679,0.2020545196100122,2625,0.8815087000839412,,,,0.8845091999974102,False,51,8,11,8,8160,1280
APD_M,multiplication_gain,True,51,poly3_ridge,0.13186503560371537,0.10274575833546136,0.9610114168376624,1.6713438153465296,0.5459952915615103,20.997792254640377,51.81786459972806,0.13159444308044851,0.10274575833546135,120,,,,,0.009630799992009997,False,51,8,11,8,8160,1280
APD_M,multiplication_gain,True,51,spline_ridge,0.04022481070004011,0.026107880025521342,0.9963720093554115,1.0868481492682807,0.22485027901286822,3.6072277931761714,19.741778598241964,0.038462501668157845,0.02610788002552134,50,,,,,0.008646999951452017,False,51,8,11,8,8160,1280
APD_V_M10,gain_threshold_voltage,False,42,bkan,0.025750817271284074,0.020680942712518635,-0.03707788393307565,0.025750817271284074,0.020680942712518635,0.18783621533395667,0.5024444105682626,0.022225917035344402,0.020680942712518635,1664,4.595337399980053,110.0,0.19997775554656982,<REPO_ROOT>/artifacts\results\apd_second_device\predictions\seed_42\gain_threshold_voltage\bkan\model_checkpoint.pt,5.004138599848375,False,51,8,11,8,101,16
APD_V_M10,gain_threshold_voltage,False,42,dkan,0.03491372968974788,0.02811358071524228,-0.906434238251576,0.03491372968974788,0.02811358071524228,0.305246412970793,0.6721452226451541,0.03031544377457556,0.02811358071524228,952,4.412770299939439,,,,4.4378867000341415,False,51,8,11,8,101,16
APD_V_M10,gain_threshold_voltage,False,42,mlp_l,0.05015417353420746,0.042115690902551406,-2.9340827912949043,0.05015417353420746,0.042115690902551406,0.4733639093814109,0.8577784325828702,0.044274528645829536,0.042115690902551406,2561,0.945702699944377,,,,0.9486894998699427,False,51,8,11,8,101,16
APD_V_M10,gain_threshold_voltage,False,42,poly3_ridge,0.6632473362249331,0.3141387189356764,-686.9872146532939,0.6632473362249331,0.3141387189356764,1.2782298916342363,19.46841302291655,0.3153860400769279,0.3141387189356764,84,,,,,0.002037100028246641,False,51,8,11,8,101,16
APD_V_M10,gain_threshold_voltage,False,42,spline_ridge,0.056406304666915666,0.05071909694609644,-3.9760488630922737,0.056406304666915666,0.05071909694609644,0.590067739865128,0.8302724280395293,0.05173000649228675,0.05071909694609644,43,,,,,0.0019368999637663364,False,51,8,11,8,101,16
APD_V_M10,gain_threshold_voltage,False,43,bkan,0.021492789829852154,0.01758910675873994,0.020316068842922363,0.021492789829852154,0.01758910675873994,0.16498171017281665,0.40672537389903507,0.02014305204478164,0.019153757344840927,1664,2.5564117000903934,80.0,0.9481274485588074,<REPO_ROOT>/artifacts\results\apd_second_device\predictions\seed_43\gain_threshold_voltage\bkan\model_checkpoint.pt,2.7915308999363333,False,51,8,11,8,102,15
APD_V_M10,gain_threshold_voltage,False,43,dkan,0.02191356953322594,0.018409711718863637,-0.018419375813527816,0.02191356953322594,0.018409711718863637,0.19501821327209723,0.38629367422110467,0.021440342866659676,0.020205481301902695,952,4.284648300148547,,,,4.308301500044763,False,51,8,11,8,102,15
APD_V_M10,gain_threshold_voltage,False,43,mlp_l,0.048302679318571747,0.03554961637497378,-3.9481498560950223,0.048302679318571747,0.03554961637497378,0.3058807016737597,1.024542293101897,0.03792831345445139,0.03611064637638706,2561,0.9297160001005977,,,,0.9315778000745922,False,51,8,11,8,102,15
APD_V_M10,gain_threshold_voltage,False,43,poly3_ridge,0.08182809362675456,0.06169744760051034,-13.200553350454097,0.08182809362675456,0.06169744760051034,0.377189842395171,1.5939832812987347,0.06425205379942961,0.06271357805742761,84,,,,,0.0017540000844746828,False,51,8,11,8,102,15
APD_V_M10,gain_threshold_voltage,False,43,spline_ridge,0.04439705322637643,0.03131769763098404,-3.1803119547688077,0.04439705322637643,0.03131769763098404,0.2346701044242297,0.9616024079904568,0.03451247081306915,0.033358937356343876,43,,,,,0.0025678002275526524,False,51,8,11,8,102,15
APD_V_M10,gain_threshold_voltage,False,44,bkan,0.022495120790380387,0.019471345973972487,-0.903348307835633,0.022495120790380387,0.019471345973972487,0.20919024863141783,0.3687485129269523,0.020873474903867605,0.019471345973972487,1664,9.748548100003973,300.0,0.6932231187820435,<REPO_ROOT>/artifacts\results\apd_second_device\predictions\seed_44\gain_threshold_voltage\bkan\model_checkpoint.pt,9.981521500041708,False,51,8,11,8,101,16
APD_V_M10,gain_threshold_voltage,False,44,dkan,0.023031349070632364,0.017876186344110256,-0.9951721164411866,0.023031349070632364,0.017876186344110256,0.15595282269412483,0.4387533875086502,0.01867335489230925,0.017876186344110256,952,4.202751699835062,,,,4.227427699835971,False,51,8,11,8,101,16
APD_V_M10,gain_threshold_voltage,False,44,mlp_l,0.046789257452981625,0.033317291242065505,-7.234437115243573,0.046789257452981625,0.033317291242065505,0.21860999012788707,1.095650819814003,0.034976509040756505,0.033317291242065505,2561,0.9576409000437707,,,,0.9605521999765188,False,51,8,11,8,101,16
APD_V_M10,gain_threshold_voltage,False,44,poly3_ridge,0.12389944599188818,0.09603167925513312,-56.74047340095859,0.12389944599188818,0.09603167925513312,0.7495088589452371,2.9427117576130932,0.096765014818738,0.09603167925513312,84,,,,,0.0018385001458227634,False,51,8,11,8,101,16
APD_V_M10,gain_threshold_voltage,False,44,spline_ridge,0.0468788986640203,0.03932020614500675,-7.266019236568685,0.0468788986640203,0.03932020614500675,0.40577333738596144,0.8807337885998381,0.04077848939170785,0.03932020614500675,43,,,,,0.002610699972137809,False,51,8,11,8,101,16
APD_V_M10,gain_threshold_voltage,False,45,bkan,0.02577826361262622,0.021744021673750558,-0.3423194921212527,0.02577826361262622,0.021744021673750558,0.19607619725577427,0.46726407871503695,0.022507866214606036,0.021744021673750558,1664,2.4882690000813454,80.0,0.3412858843803406,<REPO_ROOT>/artifacts\results\apd_second_device\predictions\seed_45\gain_threshold_voltage\bkan\model_checkpoint.pt,2.716905100038275,False,51,8,11,8,101,16
APD_V_M10,gain_threshold_voltage,False,45,dkan,0.027206606401338575,0.022755691309523263,-0.4951932338150866,0.027206606401338575,0.022755691309523263,0.17136606419435457,0.4734439958633824,0.023385506651134782,0.022755691309523263,952,4.236118900123984,,,,4.260288899997249,False,51,8,11,8,101,16
APD_V_M10,gain_threshold_voltage,False,45,mlp_l,0.02684479617495182,0.022876665766265347,-0.4556896605321985,0.02684479617495182,0.022876665766265347,0.22612828672302937,0.45003869003225616,0.02552006167487071,0.022876665766265347,2561,0.939421699848026,,,,0.9422359000891447,False,51,8,11,8,101,16
APD_V_M10,gain_threshold_voltage,False,45,poly3_ridge,0.2306810142371659,0.15481458364453937,-106.4910437757448,0.2306810142371659,0.15481458364453937,0.999023299620829,5.747581818451804,0.15570466418975634,0.15481458364453937,84,,,,,0.0022265000734478235,False,51,8,11,8,101,16
APD_V_M10,gain_threshold_voltage,False,45,spline_ridge,0.0446714662076353,0.0364655165306178,-3.030964652949412,0.0446714662076353,0.0364655165306178,0.36208233308119137,0.841321178458899,0.03688388829278197,0.0364655165306178,43,,,,,0.002268000040203333,False,51,8,11,8,101,16
APD_V_M10,gain_threshold_voltage,False,46,bkan,0.023509748553683388,0.01795989126997144,0.024073454036305564,0.023509748553683388,0.01795989126997144,0.1764710863175006,0.5278958360147862,0.019727281326482903,0.01795989126997144,1664,3.2129611999262124,100.0,0.16195841133594513,<REPO_ROOT>/artifacts\results\apd_second_device\predictions\seed_46\gain_threshold_voltage\bkan\model_checkpoint.pt,3.445494099985808,False,51,8,11,8,101,16
APD_V_M10,gain_threshold_voltage,False,46,dkan,0.02829443741216182,0.02323162979623916,-0.41358943026525297,0.02829443741216182,0.02323162979623916,0.2358659817338708,0.5032659800251925,0.024344095552338553,0.02323162979623916,952,4.267824900103733,,,,4.29213079996407,False,51,8,11,8,101,16
APD_V_M10,gain_threshold_voltage,False,46,mlp_l,0.03700909498570457,0.03060347409988684,-1.4184554573328878,0.03700909498570457,0.03060347409988684,0.3116886608772953,0.6687394629527333,0.03349479288171525,0.03060347409988684,2561,0.8832367998547852,,,,0.8856303000357002,False,51,8,11,8,101,16
APD_V_M10,gain_threshold_voltage,False,46,poly3_ridge,0.7226317780973663,0.41487289888594725,-921.0517041897787,0.7226317780973663,0.41487289888594725,0.6452950692769592,15.261945563914487,0.41748540302599113,0.41487289888594725,84,,,,,0.0016556000337004662,False,51,8,11,8,101,16
APD_V_M10,gain_threshold_voltage,False,46,spline_ridge,0.06686994078142945,0.05465637299095749,-6.895561853285869,0.06686994078142945,0.05465637299095749,0.3668270114369564,1.3600023797523595,0.05582950250992226,0.05465637299095749,43,,,,,0.0017522000707685947,False,51,8,11,8,101,16
APD_V_M10,gain_threshold_voltage,False,47,bkan,0.0125733270076336,0.010633134153669177,0.01259048229801396,0.0125733270076336,0.010633134153669177,0.11079530103529642,0.21290361501441643,0.01161810540978193,0.010633134153669177,1664,2.557700000004843,80.0,0.8033053278923035,<REPO_ROOT>/artifacts\results\apd_second_device\predictions\seed_47\gain_threshold_voltage\bkan\model_checkpoint.pt,2.7866663997992873,False,51,8,11,8,102,16
APD_V_M10,gain_threshold_voltage,False,47,dkan,0.012560442663310026,0.01006822422372644,0.014613114143287365,0.012560442663310026,0.01006822422372644,0.07653458631653934,0.24757686204588544,0.011263249209050821,0.01006822422372644,952,4.202593800146133,,,,4.22646819986403,False,51,8,11,8,102,16
APD_V_M10,gain_threshold_voltage,False,47,mlp_l,0.03231823843066916,0.02524925269579459,-5.5236739747657,0.03231823843066916,0.02524925269579459,0.269383556376386,0.6239129438820838,0.026864230402401733,0.02524925269579459,2561,0.9137967000715435,,,,0.9164260998368263,False,51,8,11,8,102,16
APD_V_M10,gain_threshold_voltage,False,47,poly3_ridge,0.24945158484240715,0.17317505149616907,-387.6596205893181,0.24945158484240715,0.17317505149616907,0.9842828861160624,5.217998469721801,0.17364658897163715,0.17317505149616907,84,,,,,0.0015912000089883804,False,51,8,11,8,102,16
APD_V_M10,gain_threshold_voltage,False,47,spline_ridge,0.052729611413066695,0.038953379186996706,-16.366249214591097,0.052729611413066695,0.038953379186996706,0.2701994759603895,1.0085267269040494,0.03963775920418586,0.038953379186996706,43,,,,,0.0017558999825268984,False,51,8,11,8,102,16
APD_V_M10,gain_threshold_voltage,False,48,bkan,0.025678829839781706,0.02192290898360927,-0.1014173722569447,0.025678829839781706,0.02192290898360927,0.20031895720590193,0.49597426234107966,0.023362684450034484,0.02192290898360927,1664,2.542322900146246,80.0,0.7139644026756287,<REPO_ROOT>/artifacts\results\apd_second_device\predictions\seed_48\gain_threshold_voltage\bkan\model_checkpoint.pt,2.7865842999890447,False,51,8,11,8,101,16
APD_V_M10,gain_threshold_voltage,False,48,dkan,0.030692728542238874,0.025992377663017985,-0.5735206979012577,0.030692728542238874,0.025992377663017985,0.2435219527477222,0.6190139931534637,0.02690539449694236,0.025992377663017985,952,4.231344799976796,,,,4.253280499950051,False,51,8,11,8,101,16
APD_V_M10,gain_threshold_voltage,False,48,mlp_l,0.03946295067711679,0.03297169359541452,-1.6012408922731134,0.03946295067711679,0.03297169359541452,0.29485864108773946,0.7028651339974796,0.03487590929399858,0.03297169359541452,2561,0.8762628000695258,,,,0.879117000149563,False,51,8,11,8,101,16
APD_V_M10,gain_threshold_voltage,False,48,poly3_ridge,0.049375308897360394,0.03836341069973315,-3.0721251282432203,0.049375308897360394,0.03836341069973315,0.43522888988767805,0.9560026902610024,0.040830915769796104,0.03836341069973315,84,,,,,0.0016588999424129725,False,51,8,11,8,101,16
APD_V_M10,gain_threshold_voltage,False,48,spline_ridge,0.04773700805056867,0.03964999609718156,-2.806377476980028,0.04773700805056867,0.03964999609718156,0.3577521466098714,0.8219207811858229,0.04116108934968931,0.03964999609718156,43,,,,,0.0018138999585062265,False,51,8,11,8,101,16
APD_V_M10,gain_threshold_voltage,False,49,bkan,0.013371548440420843,0.011725521019507301,-0.013310925164736531,0.013371548440420843,0.011725521019507301,0.11635252724925085,0.2343105519447463,0.012608511059741308,0.011725521019507301,1664,2.544507300015539,80.0,1.0220081806182861,<REPO_ROOT>/artifacts\results\apd_second_device\predictions\seed_49\gain_threshold_voltage\bkan\model_checkpoint.pt,2.776769299991429,False,51,8,11,8,102,16
APD_V_M10,gain_threshold_voltage,False,49,dkan,0.022673014336451778,0.018821553691114934,-1.9133847756775482,0.022673014336451778,0.018821553691114934,0.17571382945416414,0.4305067848317405,0.020040977230466932,0.018821553691114934,952,4.229768899967894,,,,4.254915499826893,False,51,8,11,8,102,16
APD_V_M10,gain_threshold_voltage,False,49,mlp_l,0.0405512702206251,0.030701120225727907,-8.319406300666627,0.0405512702206251,0.030701120225727907,0.24608265326395884,0.8497633217289671,0.0324265111256306,0.030701120225727907,2561,0.8975068000145257,,,,0.900290499906987,False,51,8,11,8,102,16
APD_V_M10,gain_threshold_voltage,False,49,poly3_ridge,0.08058969897104987,0.06809004197218393,-35.80767522458034,0.08058969897104987,0.06809004197218393,0.7994735035579348,1.3632575727259906,0.06914464417989169,0.06809004197218393,84,,,,,0.001689600059762597,False,51,8,11,8,102,16
APD_V_M10,gain_threshold_voltage,False,49,spline_ridge,0.03812184995151725,0.0327710307700072,-7.2362070614067004,0.03812184995151725,0.0327710307700072,0.3688789654327741,0.6261969556570204,0.03387717934772849,0.0327710307700072,43,,,,,0.00173510005697608,False,51,8,11,8,102,16
APD_V_M10,gain_threshold_voltage,False,50,bkan,0.02010351370277739,0.015616666669490353,-0.24373774547180416,0.02010351370277739,0.015616666669490353,0.13503371139438494,0.35731447616516504,0.017194455944390116,0.015616666669490353,1664,3.7607092999387532,120.0,0.07883395999670029,<REPO_ROOT>/artifacts\results\apd_second_device\predictions\seed_50\gain_threshold_voltage\bkan\model_checkpoint.pt,3.9904344000387937,False,51,8,11,8,101,16
APD_V_M10,gain_threshold_voltage,False,50,dkan,0.096271940273054,0.05466773853009599,-27.522285553960817,0.096271940273054,0.05466773853009599,0.25989658828804224,2.0600790999163174,0.05913301467515422,0.05466773853009599,952,4.232248399872333,,,,4.256980499951169,False,51,8,11,8,101,16
APD_V_M10,gain_threshold_voltage,False,50,mlp_l,0.04576391281307863,0.03760545517519498,-5.445122454951724,0.04576391281307863,0.03760545517519498,0.39137027669292535,0.7967821941110107,0.03880961770870381,0.03760545517519498,2561,0.9164273000787944,,,,0.9190378000494093,False,51,8,11,8,101,16
APD_V_M10,gain_threshold_voltage,False,50,poly3_ridge,0.07488002173939466,0.06365886808163801,-16.25507287230451,0.07488002173939466,0.06365886808163801,0.7007282648988242,1.3972934733190923,0.06391353518759404,0.06365886808163801,84,,,,,0.0018362000118941069,False,51,8,11,8,101,16
APD_V_M10,gain_threshold_voltage,False,50,spline_ridge,0.03413098644635026,0.026398342244658535,-2.5849454761485657,0.03413098644635026,0.026398342244658535,0.20681256328324724,0.750411525794416,0.027118655799125438,0.026398342244658535,43,,,,,0.001831799978390336,False,51,8,11,8,101,16
APD_V_M10,gain_threshold_voltage,False,51,bkan,0.019667240668174473,0.01611427718490488,-0.2767668010942801,0.019667240668174473,0.01611427718490488,0.1246223310919446,0.42462873294190095,0.01649656896914171,0.01611427718490488,1664,3.1835384001024067,100.0,0.5828651189804077,<REPO_ROOT>/artifacts\results\apd_second_device\predictions\seed_51\gain_threshold_voltage\bkan\model_checkpoint.pt,3.41294729989022,False,51,8,11,8,102,16
APD_V_M10,gain_threshold_voltage,False,51,dkan,0.019277404676096014,0.017403641190915864,-0.22665333940646826,0.019277404676096014,0.017403641190915864,0.2051493551272384,0.30342118629170656,0.01821902894878666,0.017403641190915864,952,4.2071319001261145,,,,4.232307499973103,False,51,8,11,8,102,16
APD_V_M10,gain_threshold_voltage,False,51,mlp_l,0.02072436610719552,0.01736461717362181,-0.4177094308995615,0.02072436610719552,0.01736461717362181,0.14020113502689677,0.4309002246868466,0.01806670693773041,0.01736461717362181,2561,0.8754543999675661,,,,0.8782644998282194,False,51,8,11,8,102,16
APD_V_M10,gain_threshold_voltage,False,51,poly3_ridge,0.1306225076873695,0.08606296903886457,-55.3197542471896,0.1306225076873695,0.08606296903886457,0.4970008332087883,3.4257448416018916,0.08641660161586576,0.08606296903886457,84,,,,,0.0015784997958689928,False,51,8,11,8,102,16
APD_V_M10,gain_threshold_voltage,False,51,spline_ridge,0.07199864973566514,0.04720591264105578,-16.110922347994283,0.07199864973566514,0.04720591264105578,0.3551658985009039,1.9373789931242178,0.047678929712077295,0.04720591264105578,43,,,,,0.0017991000786423683,False,51,8,11,8,102,16
APD_V_br,breakdown_voltage,False,42,bkan,0.03639217200119026,0.024850850131821978,-0.2574663311789436,0.03639217200119026,0.024850850131821978,0.16747991618689023,0.7147458649102458,0.027880048288406952,0.024850850131821978,1664,10.18824930000119,300.0,-0.09432649612426758,<REPO_ROOT>/artifacts\results\apd_second_device\predictions\seed_42\breakdown_voltage\bkan\model_checkpoint.pt,10.417963000014424,False,51,8,11,8,102,16
APD_V_br,breakdown_voltage,False,42,dkan,0.0634384690584281,0.044037157570115615,-2.8210770947538744,0.0634384690584281,0.044037157570115615,0.1816104213011799,1.3157613141302407,0.04772771673634019,0.044037157570115615,952,4.251490699825808,,,,4.274875500006601,False,51,8,11,8,102,16
APD_V_br,breakdown_voltage,False,42,mlp_l,0.05240814049819552,0.0382247615125898,-1.6078218158252064,0.05240814049819552,0.0382247615125898,0.2343981944531322,1.1791398280101066,0.04387882095006286,0.0382247615125898,2561,0.9217970999889076,,,,0.9247065999079496,False,51,8,11,8,102,16
APD_V_br,breakdown_voltage,False,42,poly3_ridge,0.7204267295704178,0.387737556591374,-491.7879145265456,0.7204267295704178,0.387737556591374,1.6548521388559756,18.4852249969689,0.3937345127887118,0.387737556591374,84,,,,,0.0018928998615592718,False,51,8,11,8,102,16
APD_V_br,breakdown_voltage,False,42,spline_ridge,0.14081313807435428,0.1263499745909008,-17.82637767233347,0.14081313807435428,0.1263499745909008,1.1850279624813327,2.216381346979095,0.12756160529399205,0.1263499745909008,43,,,,,0.0018609999679028988,False,51,8,11,8,102,16
APD_V_br,breakdown_voltage,False,43,bkan,0.1456281426606265,0.05605092689769142,-0.0756460777735688,0.1456281426606265,0.05605092689769142,0.16302204668465364,1.8628707111234062,0.06833514072137334,0.05605092689769142,1664,2.513582000043243,80.0,0.9491389393806458,<REPO_ROOT>/artifacts\results\apd_second_device\predictions\seed_43\breakdown_voltage\bkan\model_checkpoint.pt,2.748650799971074,False,51,8,11,8,101,16
APD_V_br,breakdown_voltage,False,43,dkan,0.14545601005558476,0.05674236389651521,-0.07310475118480597,0.14545601005558476,0.05674236389651521,0.16722098092196977,1.8873898908322913,0.06965947169342607,0.05674236389651521,952,4.142007499933243,,,,4.166659499984235,False,51,8,11,8,101,16
APD_V_br,breakdown_voltage,False,43,mlp_l,0.16453027265375872,0.08509165681041253,-0.37299960292139,0.16453027265375872,0.08509165681041253,0.3410171500756326,2.7343069454179387,0.09828522623477451,0.08509165681041253,2561,0.884463099995628,,,,0.8872163000050932,False,51,8,11,8,101,16
APD_V_br,breakdown_voltage,False,43,poly3_ridge,0.1920865819635189,0.1225952581156724,-0.8714267552375778,0.1920865819635189,0.1225952581156724,0.7503411468061797,3.337830985679134,0.1345202895769801,0.1225952581156724,84,,,,,0.001580800162628293,False,51,8,11,8,101,16
APD_V_br,breakdown_voltage,False,43,spline_ridge,0.15347810980338678,0.07029301667537902,-0.1947352035943095,0.15347810980338678,0.07029301667537902,0.23485254737541922,2.1948342630698665,0.08184151138456033,0.07029301667537902,43,,,,,0.0016518000047653913,False,51,8,11,8,101,16
APD_V_br,breakdown_voltage,False,44,bkan,0.028804813998258953,0.0206167485610238,-0.37573351910438,0.028804813998258953,0.0206167485610238,0.13483139275211012,0.6399841371616288,0.023485478527703062,0.0206167485610238,1664,9.63256309996359,300.0,-0.128612220287323,<REPO_ROOT>/artifacts\results\apd_second_device\predictions\seed_44\breakdown_voltage\bkan\model_checkpoint.pt,9.863936299923807,False,51,8,11,8,102,16
APD_V_br,breakdown_voltage,False,44,dkan,0.04484457486619931,0.02977486142790342,-2.334448320151866,0.04484457486619931,0.02977486142790342,0.16204481681172847,0.7822207032127226,0.03186681906981852,0.02977486142790342,952,4.205676699988544,,,,4.230290599865839,False,51,8,11,8,102,16
APD_V_br,breakdown_voltage,False,44,mlp_l,0.08552575028356613,0.04810040323383924,-11.12824478972618,0.08552575028356613,0.04810040323383924,0.2051240451794501,1.4120802622226218,0.05791156299251937,0.04810040323383924,2561,0.9246135998982936,,,,0.927285399986431,False,51,8,11,8,102,16
APD_V_br,breakdown_voltage,False,44,poly3_ridge,0.31419774902463055,0.20728486182874029,-162.68553683559583,0.31419774902463055,0.20728486182874029,0.9774311722129433,6.63106985630031,0.21218116231690165,0.20728486182874029,84,,,,,0.0016880999319255352,False,51,8,11,8,102,16
APD_V_br,breakdown_voltage,False,44,spline_ridge,0.06076614788513078,0.052360276643521275,-5.1224829005282135,0.06076614788513078,0.052360276643521275,0.4579078073782756,1.0318415586311533,0.05374189100265869,0.052360276643521275,43,,,,,0.0017598001286387444,False,51,8,11,8,102,16
APD_V_br,breakdown_voltage,False,45,bkan,0.033848672758780535,0.02706012250603207,-0.29687087061366446,0.033848672758780535,0.02706012250603207,0.2336925309438211,0.6560535237919012,0.029655482945311007,0.02706012250603207,1664,2.5126337001565844,80.0,-0.0958319753408432,<REPO_ROOT>/artifacts\results\apd_second_device\predictions\seed_45\breakdown_voltage\bkan\model_checkpoint.pt,2.7517547998577356,False,51,8,11,8,101,16
APD_V_br,breakdown_voltage,False,45,dkan,0.0330140725872795,0.025768751942673918,-0.23370592577225247,0.0330140725872795,0.025768751942673918,0.24007503395764812,0.5957745417980906,0.029595382155282266,0.025768751942673918,952,4.192867599893361,,,,4.218691400019452,False,51,8,11,8,101,16
APD_V_br,breakdown_voltage,False,45,mlp_l,0.1704212658069377,0.09705995704605752,-31.874641122628915,0.1704212658069377,0.09705995704605752,0.3419886292152932,4.067329995877536,0.1238157423009378,0.09705995704605752,2561,0.9139368000905961,,,,0.9165004000533372,False,51,8,11,8,101,16
APD_V_br,breakdown_voltage,False,45,poly3_ridge,0.4519172306757923,0.3921742571112722,-230.16988018772904,0.4519172306757923,0.3921742571112722,3.2492294536903805,8.230495578683984,0.39447465519861274,0.3921742571112722,84,,,,,0.001584300072863698,False,51,8,11,8,101,16
APD_V_br,breakdown_voltage,False,45,spline_ridge,0.056698829334891065,0.04548249103539137,-2.638828866351129,0.056698829334891065,0.04548249103539137,0.36496685080644614,0.9468764073156487,0.04727126995172828,0.04548249103539137,43,,,,,0.0019592999015003443,False,51,8,11,8,101,16
APD_V_br,breakdown_voltage,False,46,bkan,0.032424014260741145,0.020325895808613836,-0.040962378871724825,0.032424014260741145,0.020325895808613836,0.15816663438518178,0.5117298157668375,0.022491111321471483,0.02013897242677931,1664,9.71163469995372,300.0,-0.1458394080400467,<REPO_ROOT>/artifacts\results\apd_second_device\predictions\seed_46\breakdown_voltage\bkan\model_checkpoint.pt,9.942342300200835,False,51,8,11,8,102,15
APD_V_br,breakdown_voltage,False,46,dkan,0.27929646186247115,0.1621869743636798,-76.23823460000332,0.27929646186247115,0.1621869743636798,0.7033886183864185,7.2265258568890625,0.156370287642489,0.15472253202704334,952,4.151374199893326,,,,4.175902500050142,False,51,8,11,8,102,15
APD_V_br,breakdown_voltage,False,46,mlp_l,0.03871675471970926,0.022789832358780633,-0.4842237093908792,0.03871675471970926,0.022789832358780633,0.10401624324814691,0.8254025477835166,0.026396411736985884,0.021441594445856582,2561,0.9102111998945475,,,,0.9130394000094384,False,51,8,11,8,102,15
APD_V_br,breakdown_voltage,False,46,poly3_ridge,2.9924413202091,1.828825457744661,-8865.510984858742,2.9924413202091,1.828825457744661,4.850066666277013,63.48668113613433,1.721863418724158,1.7210920360913609,84,,,,,0.0015865000896155834,False,51,8,11,8,102,15
APD_V_br,breakdown_voltage,False,46,spline_ridge,0.12815950406459567,0.09469465177115571,-15.263091555040774,0.12815950406459567,0.09469465177115571,0.4968181383049841,2.794908892376347,0.09407508761871863,0.09348789889358244,43,,,,,0.0018192999996244907,False,51,8,11,8,102,15
APD_V_br,breakdown_voltage,False,47,bkan,0.011075877855594952,0.008284593783949745,-0.1670890425655518,0.011075877855594952,0.008284593783949745,0.050063774332188046,0.20225789700349306,0.00879859892368607,0.008284593783949745,1664,6.109015499940142,190.0,19.629648208618164,<REPO_ROOT>/artifacts\results\apd_second_device\predictions\seed_47\breakdown_voltage\bkan\model_checkpoint.pt,6.338687600102276,False,51,8,11,8,101,16
APD_V_br,breakdown_voltage,False,47,dkan,0.019020363709342035,0.014548273076248952,-2.441797468357106,0.019020363709342035,0.014548273076248952,0.10914995936228496,0.381007039526452,0.016448130474832512,0.014548273076248952,952,4.225594599964097,,,,4.2510693001095206,False,51,8,11,8,101,16
APD_V_br,breakdown_voltage,False,47,mlp_l,0.06804188798659393,0.057404362639754236,-43.045382668227404,0.06804188798659393,0.057404362639754236,0.585874785663191,1.2177099254969828,0.060623331336406204,0.057404362639754236,2561,0.8951391000300646,,,,0.8973330999724567,False,51,8,11,8,101,16
APD_V_br,breakdown_voltage,False,47,poly3_ridge,0.35647790656936623,0.2163826228895852,-1207.9627330573187,0.35647790656936623,0.2163826228895852,0.7759829660318784,7.972323910488347,0.21858699765761275,0.2163826228895852,84,,,,,0.0015322999097406864,False,51,8,11,8,101,16
APD_V_br,breakdown_voltage,False,47,spline_ridge,0.07363077791763858,0.05079534473652547,-50.578232313306145,0.07363077791763858,0.05079534473652547,0.1944731545447218,1.3125207106081371,0.05144445501362104,0.05079534473652547,43,,,,,0.0019483000505715609,False,51,8,11,8,101,16
APD_V_br,breakdown_voltage,False,48,bkan,0.02803704263836063,0.02275185524608392,-0.38550140243027675,0.02803704263836063,0.02275185524608392,0.15017599151276753,0.5519119572404971,0.024473166649574545,0.02275185524608392,1664,2.5133358000312,80.0,-0.06070195510983467,<REPO_ROOT>/artifacts\results\apd_second_device\predictions\seed_48\breakdown_voltage\bkan\model_checkpoint.pt,2.734683800023049,False,51,8,11,8,101,16
APD_V_br,breakdown_voltage,False,48,dkan,0.04891783869144199,0.03558975225451699,-3.2177136066735965,0.04891783869144199,0.03558975225451699,0.2457745517988712,1.0573189337610143,0.03757062055327547,0.03558975225451699,952,4.222536099841818,,,,4.246047400170937,False,51,8,11,8,101,16
APD_V_br,breakdown_voltage,False,48,mlp_l,0.029082311358387822,0.022453272948866232,-0.4907348519719925,0.029082311358387822,0.022453272948866232,0.1687822968307393,0.5560935350565741,0.025368220688544836,0.022453272948866232,2561,0.9320610000286251,,,,0.934602800058201,False,51,8,11,8,101,16
APD_V_br,breakdown_voltage,False,48,poly3_ridge,0.2217790751814539,0.14435947288721984,-85.69293409840975,0.2217790751814539,0.14435947288721984,1.0338194394716456,4.588529828111063,0.1509835263144323,0.14435947288721984,84,,,,,0.0015607001259922981,False,51,8,11,8,101,16
APD_V_br,breakdown_voltage,False,48,spline_ridge,0.12547584261733213,0.11199999322364573,-26.74998847799037,0.12547584261733213,0.11199999322364573,0.9570336385106023,2.2135513018768016,0.11368760011974609,0.11199999322364573,43,,,,,0.0018446999602019787,False,51,8,11,8,101,16
APD_V_br,breakdown_voltage,False,49,bkan,0.010735548329434678,0.008326419254414796,-0.15165107490645036,0.010735548329434678,0.008326419254414796,0.07879084538279407,0.19425298939205576,0.00988637068909028,0.008326419254414796,1664,9.728420299943537,300.0,19.786020278930664,<REPO_ROOT>/artifacts\results\apd_second_device\predictions\seed_49\breakdown_voltage\bkan\model_checkpoint.pt,9.958754000021145,False,51,8,11,8,102,16
APD_V_br,breakdown_voltage,False,49,dkan,0.028741824242915017,0.01900093584269036,-7.254696556432325,0.028741824242915017,0.01900093584269036,0.12432538327061615,0.48714699138076895,0.022236422524822615,0.01900093584269036,952,4.213627700228244,,,,4.238145400071517,False,51,8,11,8,102,16
APD_V_br,breakdown_voltage,False,49,mlp_l,0.056664827287084156,0.04129157107195991,-31.084818973123454,0.056664827287084156,0.04129157107195991,0.2508759241222221,1.064589944259203,0.045112462415882085,0.04129157107195991,2561,0.8783009999897331,,,,0.8811438998673111,False,51,8,11,8,102,16
APD_V_br,breakdown_voltage,False,49,poly3_ridge,0.07688200824438242,0.06104014164214189,-58.0638690639675,0.07688200824438242,0.06104014164214189,0.5377642600660568,1.4716109842994434,0.06282120716205986,0.06104014164214189,84,,,,,0.0024586000945419073,False,51,8,11,8,102,16
APD_V_br,breakdown_voltage,False,49,spline_ridge,0.035032800227870975,0.029719012859496075,-11.263718116381941,0.035032800227870975,0.029719012859496075,0.25223338761744446,0.5277080838895645,0.030428574456713844,0.029719012859496075,43,,,,,0.0019712999928742647,False,51,8,11,8,102,16
APD_V_br,breakdown_voltage,False,50,bkan,0.023478448991491138,0.019965952383035557,-1.0675279448734738,0.023478448991491138,0.019965952383035557,0.21297615308240658,0.38214883391910665,0.020518111514179576,0.019965952383035557,1664,9.587975300149992,300.0,-0.10315249115228653,<REPO_ROOT>/artifacts\results\apd_second_device\predictions\seed_50\breakdown_voltage\bkan\model_checkpoint.pt,9.815965899964795,False,51,8,11,8,102,16
APD_V_br,breakdown_voltage,False,50,dkan,0.03481569229015466,0.030698384149071112,-3.5463477473123106,0.03481569229015466,0.030698384149071112,0.2414016069899365,0.5457744314717382,0.031694122992955626,0.030698384149071112,952,4.153135000029579,,,,4.177179200109094,False,51,8,11,8,102,16
APD_V_br,breakdown_voltage,False,50,mlp_l,0.0447174543081226,0.0354473852965731,-6.5000943156428015,0.0447174543081226,0.0354473852965731,0.2568096969668445,0.7961503029138602,0.036083887366220854,0.0354473852965731,2561,0.9032999998889863,,,,0.9058939998503774,False,51,8,11,8,102,16
APD_V_br,breakdown_voltage,False,50,poly3_ridge,0.35957904400032237,0.31891912329039107,-483.95487325251685,0.35957904400032237,0.31891912329039107,2.7545234799845453,6.687186728200661,0.32043254754394457,0.31891912329039107,84,,,,,0.0015700000803917646,False,51,8,11,8,102,16
APD_V_br,breakdown_voltage,False,50,spline_ridge,0.08777755706248794,0.06281252539558901,-27.898783447189455,0.08777755706248794,0.06281252539558901,0.4195545297766741,1.9833259395472957,0.06317320945253971,0.06281252539558901,43,,,,,0.0018210001289844513,False,51,8,11,8,102,16
APD_V_br,breakdown_voltage,False,51,bkan,0.022334223370833794,0.017315367757307687,-0.09047587471953977,0.022334223370833794,0.017315367757307687,0.1379447794431714,0.43316245003118914,0.01912260276354584,0.017315367757307687,1664,9.277233500033617,290.0,22.408056259155273,<REPO_ROOT>/artifacts\results\apd_second_device\predictions\seed_51\breakdown_voltage\bkan\model_checkpoint.pt,9.510033200029284,False,51,8,11,8,101,16
APD_V_br,breakdown_voltage,False,51,dkan,0.8768304974967169,0.3679785695437665,-1679.7597716673604,0.8768304974967169,0.3679785695437665,1.0325328964990996,17.20130387113695,0.4006254853929135,0.3679785695437665,952,4.218557300046086,,,,4.242871799971908,False,51,8,11,8,101,16
APD_V_br,breakdown_voltage,False,51,mlp_l,0.030459178967935468,0.024926898254764573,-1.0281998047113214,0.030459178967935468,0.024926898254764573,0.21312750825585564,0.5405888886462696,0.027166430612042894,0.024926898254764573,2561,0.8915993999689817,,,,0.8945651000831276,False,51,8,11,8,101,16
APD_V_br,breakdown_voltage,False,51,poly3_ridge,0.16404324593581804,0.11271933883533214,-57.8289449099097,0.16404324593581804,0.11271933883533214,0.7107011297832884,3.827345203990081,0.11418469877097703,0.11271933883533214,84,,,,,0.0017460999079048634,False,51,8,11,8,101,16
APD_V_br,breakdown_voltage,False,51,spline_ridge,0.1134909166356149,0.07570973358674027,-27.157659872648328,0.1134909166356149,0.07570973358674027,0.4821072594730495,2.8872456792374144,0.07622103638106895,0.07570973358674027,43,,,,,0.0017822999507188797,False,51,8,11,8,101,16
