task,split,group_id,n_points,active_layer_length,simulation_temperature
AC_Response,train,1015852638890412653,28,38.57283152042447,302.4090006102026
AC_Response,train,10333268118757093503,28,39.73131063338137,294.42197627514213
AC_Response,train,1062234375139852529,28,39.94029005251662,299.6218359156308
AC_Response,train,10796982964429426044,28,38.21649432972869,303.56534322943094
AC_Response,train,1102911703873588363,28,40.75046782180591,305.2870639056014
AC_Response,train,1115091621525583977,28,40.01001805266426,305.28831051478386
AC_Response,train,11523722328579267051,28,39.66536493364173,302.3426017448898
AC_Response,train,11533468067055250155,28,38.8972081784186,297.8606493603604
AC_Response,train,11939704803637804291,28,40.96326376678826,298.8654192354596
AC_Response,train,12552086576878223737,28,41.11142736058992,291.8506686301862
AC_Response,train,12866849828103811731,28,42.25069338145754,304.38892783295006
AC_Response,train,1295526639106515549,28,40.80112322251315,299.2329513672896
AC_Response,train,13220990961221007809,28,40.31160828282909,292.8565689112594
AC_Response,train,13277443787381278961,28,39.64774721352306,306.8220229508652
AC_Response,train,13540594563185179811,28,40.51326020590248,298.8914974420704
AC_Response,train,13857080191999532053,28,37.60227540602951,298.4772867617408
AC_Response,train,13884065282437346191,28,39.58517778577758,297.0863250737395
AC_Response,train,13894251431710084294,28,36.322106531247385,300.55707391972635
AC_Response,train,14030010393685506498,28,39.18777263938059,307.5354074756815
AC_Response,train,14080291052260215929,28,41.27631172344517,301.59948365785385
AC_Response,train,14264826949359886561,28,42.74916053103488,290.5746947786968
AC_Response,train,1435201764501745638,28,42.56757336192149,293.18283111534566
AC_Response,train,14542734286284699756,28,41.129719458135625,288.0815978442095
AC_Response,train,14598686425886924939,28,42.04226242943757,288.6545802497056
AC_Response,train,14684909485850387430,28,40.94136333558407,299.94201571725745
AC_Response,train,14780227274271489565,28,39.36697999872778,300.425811364213
AC_Response,train,15165174592579684514,28,34.826156523967086,290.8089263982084
AC_Response,train,15208010537286723207,28,39.33447860201831,299.4635962010897
AC_Response,train,15256650157893810940,28,39.90381821426863,300.9815905741297
AC_Response,train,15363827923754144579,28,38.795972505421744,297.7961123434831
AC_Response,train,15468058970195626653,28,39.90795077029272,306.8673078749587
AC_Response,train,15493075907902210391,28,39.325337668236735,299.6111127589073
AC_Response,train,15599116176485750453,28,37.334947088248434,294.43440760000914
AC_Response,train,15766262156413488926,28,40.43386356777175,305.1954997344612
AC_Response,train,15915415103177725736,28,36.589080383233394,294.68809277779184
AC_Response,train,16406327631433526260,28,40.65637295368661,296.23853018587084
AC_Response,train,16541905887176100137,28,38.23677890677304,298.10055132439214
AC_Response,train,16546631726138751512,28,39.85430360518959,306.74502895459364
AC_Response,train,16751146966542148650,28,34.84085283436253,301.39850617403
AC_Response,train,16945873912842908627,28,41.28793476116813,303.0641722996054
AC_Response,train,17136393541049134550,28,39.61181207182135,297.3307652107198
AC_Response,train,17177253068705741675,28,39.56928699408093,298.75903253628616
AC_Response,train,17204210023338359435,28,40.32854625878799,294.3650499716886
AC_Response,train,17268235322529381975,28,36.43861892729903,303.676124223718
AC_Response,train,1769769716334894948,28,36.16652897024234,304.10393187120707
AC_Response,train,1787945062278856569,28,38.25394170360681,296.3367780179062
AC_Response,train,17985928204657212826,28,43.13862383173334,296.64614602139693
AC_Response,train,2038187770712329087,28,43.06550150160359,292.35304316269765
AC_Response,train,2337157221459530110,28,42.346830624956574,300.5747457097431
AC_Response,train,2454564730666304252,28,39.21856251436128,307.7679942040925
AC_Response,train,2554276162761610342,28,41.193035529790656,301.7038514591378
AC_Response,train,260657965530268515,28,41.61731424149927,306.85396396460635
AC_Response,train,2996005905799625730,28,41.9345213676303,296.5403011366731
AC_Response,train,3063462922452919031,28,41.27682283342508,300.8565986758517
AC_Response,train,3083009041752371786,28,40.07870713980076,299.5411124372077
AC_Response,train,3323206834988836325,28,39.85562670167986,300.93280864091923
AC_Response,train,3402320749389468369,28,39.33731057072893,297.69705044733973
AC_Response,train,3482370874704362668,28,40.248277237816566,302.09732544564235
AC_Response,train,3537787434630592613,28,42.54178389838287,305.55199671356803
AC_Response,train,3712240751709899868,28,39.24041391228537,297.93305834844136
AC_Response,train,3765347373034185731,28,43.167246359099664,298.50956140834
AC_Response,train,3766308496770492318,28,38.28868089781682,299.0569098093356
AC_Response,train,385409706114037048,28,40.68035124967265,296.73843693227377
AC_Response,train,4007664404162655079,28,41.48473029075561,294.1535226587993
AC_Response,train,4365530570025844449,28,39.51420947268076,305.7035776891924
AC_Response,train,440727550293168112,28,43.08491203323523,298.5763734449834
AC_Response,train,4427417937030231446,28,41.484417545989686,302.7283665488111
AC_Response,train,4763887798637117351,28,39.21209704786501,303.00410991721293
AC_Response,train,4776793572509321654,28,43.278933930679706,307.8168200832177
AC_Response,train,4787501490018871704,28,38.55163090195673,309.2198732722366
AC_Response,train,4950770812450199952,28,40.79653471954481,301.4383600393062
AC_Response,train,5086348268569391686,28,37.12870103512795,297.3410066095633
AC_Response,train,5230745145462099467,28,38.978559546027874,295.06946514256083
AC_Response,train,5403082750804857040,28,40.648465379108416,299.4728047413536
AC_Response,train,5412796333827448456,28,39.9154735600532,295.8292447353602
AC_Response,train,5417274375214438322,28,38.88005077046229,301.691940704981
AC_Response,train,5439972880139275643,28,40.30940301281442,306.6726054586492
AC_Response,train,560255154383361061,28,40.52844947169319,303.263443359763
AC_Response,train,5730813955982425338,28,40.75166342427999,301.0515477079729
AC_Response,train,6042616877882084778,28,41.43318212059344,299.0815860986159
AC_Response,train,6183833702133835153,28,36.36815079533651,301.4558439858307
AC_Response,train,6227566288360181889,28,40.35879763032958,294.16913853899604
AC_Response,train,6308849522308401573,28,39.05845567786759,297.2376267822416
AC_Response,train,6410035451867130339,28,40.47383155665718,295.6008889602198
AC_Response,train,6431290111938284445,28,42.219532217947325,302.0841812978663
AC_Response,train,6643428527261381718,28,40.66002705988115,288.1838349540611
AC_Response,train,6763556109530919502,28,41.04225055349912,296.5414644902
AC_Response,train,6782381353331258888,28,40.55455133934368,303.4784744400111
AC_Response,train,6951561072364878352,28,36.10636397779454,299.96382807834965
AC_Response,train,6964906420694514637,28,35.52248114367448,306.4489109295662
AC_Response,train,7035166681821702163,28,38.33334239027114,293.10089722857373
AC_Response,train,7077229970648675251,28,41.64371883461047,301.63426669668445
AC_Response,train,7248124264218123782,28,42.13424050837239,300.34884642744885
AC_Response,train,7393066098584539282,28,38.08606385532588,297.3563844788412
AC_Response,train,7554141485682215590,28,38.45876893881996,290.3471581734896
AC_Response,train,7807375178238359560,28,40.58953669016749,293.2225739384997
AC_Response,train,7954056211698152112,28,40.06029068650691,301.1540677406581
AC_Response,train,8038139640542861367,28,37.99663516660689,298.18972265332246
AC_Response,train,8365660235088368164,28,39.339075937042885,294.39428351617613
AC_Response,train,8666257842429149026,28,37.69553984942066,294.1521471075916
AC_Response,train,894797089121886199,28,40.78433779833217,301.9145433801493
AC_Response,train,9058477443376137994,28,40.714467773434976,300.93677074401546
AC_Response,train,9066091246669766023,28,41.79339850063371,299.641349014439
AC_Response,train,9082082196135538154,28,41.83782044136868,301.83723728961854
AC_Response,train,9262064648931476805,28,38.858183000543626,295.7855807653235
AC_Response,train,9319956976912993182,28,40.32755095458103,299.70047987606006
AC_Response,train,9443669834932015687,28,38.57048554783602,303.1708876105774
AC_Response,train,9536545485233975021,28,39.047727684139495,305.18782525816323
AC_Response,train,959363961973256592,28,41.97319841319997,303.92619603855775
AC_Response,train,9610535940819629000,28,39.11984591644459,301.1260229250646
AC_Response,train,9731388305634911064,28,40.994373738605006,302.9961192294562
AC_Response,train,9738090587319443504,28,40.77134716523017,305.22981462209646
AC_Response,validation,1131457513323140606,28,41.61971486534147,298.1037724082114
AC_Response,validation,12484285608964576027,28,40.55316862193092,296.6314874710408
AC_Response,validation,13058981581108217973,28,38.89567254871546,292.9930878390376
AC_Response,validation,14223461640953255652,28,43.101977222602514,303.9832024614659
AC_Response,validation,14925940557847983943,28,42.09307571557734,293.4443281911712
AC_Response,validation,17007921468252437021,28,38.96317500489286,311.33012415162744
AC_Response,validation,17871160977092490614,28,40.19858533526689,297.9110382121584
AC_Response,validation,4131187287421323234,28,38.81204244575611,302.5323056028984
AC_Response,validation,4988707599086321867,28,41.29986197643443,296.3385514465405
AC_Response,validation,631923151567513377,28,41.08562699346509,303.58650370690776
AC_Response,validation,7174223208182595177,28,37.83724802001972,293.41915116225954
AC_Response,validation,7408968043820680965,28,38.50508417894045,294.1262317171733
AC_Response,validation,8469384274296772994,28,42.17824256593523,298.72995545788456
AC_Response,validation,9131232228778995290,28,39.34847113068841,298.5552181462747
AC_Response,validation,9170926497845462766,28,38.42173874228168,293.06092698472065
AC_Response,validation,9481571324980869556,28,43.40306406282464,301.888862689621
AC_Response,calibration,10318556855553405500,28,37.207464786418186,297.95471711920453
AC_Response,calibration,12404554437750077034,28,40.91913452211564,297.20307373531364
AC_Response,calibration,12408152172928847518,28,40.31257836583995,298.21936914217434
AC_Response,calibration,12671372268648671805,28,37.39117268896573,297.8667082132286
AC_Response,calibration,14932880946049592786,28,39.0211226249472,305.0510216058231
AC_Response,calibration,15638800026818411768,28,44.82712146868644,302.5978918999191
AC_Response,calibration,17008765120125666942,28,36.73791801396338,295.61725668807514
AC_Response,calibration,17394947245709734813,28,38.92442853409919,306.1252360546967
AC_Response,calibration,3939891858067812807,28,40.87821813200619,300.974125232131
AC_Response,calibration,4381028864758797162,28,39.43236728729266,296.39638250989714
AC_Response,calibration,6672923565090819279,28,38.899871401178025,300.40158819211445
AC_Response,calibration,8123982087682502409,28,42.33569419095241,299.8381908200232
AC_Response,calibration,8171303673975013206,28,41.93453001893169,295.92616711681853
AC_Response,calibration,8619026027835737365,28,38.31893407640898,299.3638589999156
AC_Response,calibration,869685322261252957,28,41.62971960161597,300.52976098251094
AC_Response,calibration,8801835938313083490,28,42.87746783295031,307.55593866537106
AC_Response,test,10133735033454427345,28,39.90607827400121,296.137708789732
AC_Response,test,10399213306103495125,28,38.422268984819695,304.0303353891022
AC_Response,test,10528525010244697505,28,39.7132385315927,304.62183232922587
AC_Response,test,11519709022772450725,28,37.50931802222772,308.1655826328421
AC_Response,test,12182933489101405014,28,38.37558042728467,295.9516778251947
AC_Response,test,14612151002491318071,28,39.62193192256099,289.3285700165644
AC_Response,test,15076552308508060508,28,35.793021097389925,308.86985058095934
AC_Response,test,15483355832083528190,28,44.50977871149023,303.263152322465
AC_Response,test,16422739178917769296,28,37.10727035463277,300.4554170460457
AC_Response,test,17395302027409890490,28,38.53132745549709,285.1813868750008
AC_Response,test,3658234560045323703,28,43.11434944357355,296.9231984392292
AC_Response,test,4365964196300360401,28,41.95641496228942,305.9180523366615
AC_Response,test,5907817959460322520,28,41.26661222078493,300.2753689300697
AC_Response,test,8115719833540228731,28,38.69622270488729,301.9657628923453
AC_Response,test,8259856114936990545,28,42.543125490608695,301.3994726877767
AC_Response,test,8406104627261355859,28,37.79561575023349,300.3431374384869
