task,teacher_source,family,budget,terms,mean_teacher_rmse,mean_direct_rmse,mean_relative_reduction_teacher,pairs,mean_delta_teacher_minus_direct,median_delta_teacher_minus_direct,sample_sd_delta,corrected_standard_error,corrected_ci_low,corrected_ci_high,corrected_two_sided_p,teacher_wins,ties,teacher_losses,holm_p_global_72,holm_p_within_task_18,corrected_ci_favors_teacher,corrected_ci_favors_direct
AC_Response,bkan_parameter_mean,additive_spline,4,16,0.11199627614638814,0.11092972941958439,-0.008559648761931276,10,0.0010665467268037674,0.00037908428594869703,0.001959050414829512,0.000987031257469518,-0.0011662731021866216,0.003299366555794156,0.3079963113603016,3,0,7,1.0,0.8129118702494804,False,False
AC_Response,dkan,additive_spline,4,16,0.11548942592438768,0.11092972941958439,-0.040114482870755516,10,0.0045596965048033105,0.004437139088793798,0.0024899049143862454,0.0012544924622779879,0.0017218373955848036,0.007397555614021818,0.005445672604273244,0,0,10,0.28317497542220865,0.06534807125127892,False,True
AC_Response,mlp_l,additive_spline,4,16,0.1804264879993585,0.11092972941958439,-0.6340512171312259,10,0.06949675857977411,0.0696137434605292,0.005842083209800763,0.002943425392813601,0.0628382677442587,0.07615524941528952,2.0912700658555104e-09,0,0,10,1.4638890460988574e-07,3.764286118539919e-08,False,True
AC_Response,bkan_parameter_mean,additive_spline,6,22,0.11285423510057928,0.11171673116637584,-0.009255501222040389,10,0.0011375039342034223,0.0006353656890195,0.0019250109192912414,0.0009698810882699718,-0.0010565195166890124,0.003331527385095857,0.2709706234164935,2,0,8,1.0,0.8129118702494804,False,False
AC_Response,dkan,additive_spline,6,22,0.1164288225287338,0.11171673116637584,-0.04131685446619637,10,0.004712091362357939,0.004191719872956398,0.002295819931990729,0.001156706339583199,0.002095439831015712,0.007328742893700165,0.0027841036494192697,0,0,10,0.15034159706864056,0.03619334744245051,False,True
AC_Response,mlp_l,additive_spline,6,22,0.18068101657124108,0.11171673116637584,-0.6251315721788693,10,0.06896428540486521,0.0695436664842881,0.006085102317113123,0.0030658660677772994,0.06202881451946283,0.0758997562902676,3.2129494437333636e-09,0,0,10,2.2169351161760208e-07,5.462014054346718e-08,False,True
AC_Response,bkan_parameter_mean,additive_spline,8,28,0.105700415230542,0.10503472244913259,-0.005187954871640307,10,0.000665692781409398,0.0005053958825001967,0.002442860494217147,0.0012307900027369095,-0.002118547639182324,0.00344993320200112,0.6017274848319982,2,0,8,1.0,0.8129118702494804,False,False
AC_Response,dkan,additive_spline,8,28,0.1096691813815573,0.10503472244913259,-0.04292437581370377,10,0.004634458932424712,0.0039630047859197035,0.0029195952049211457,0.0014709839545737665,0.0013068620432244373,0.007962055821624988,0.011726518861714974,0,0,10,0.5628729053623187,0.10553866975543476,False,True
AC_Response,mlp_l,additive_spline,8,28,0.18049247821552905,0.10503472244913259,-0.7296653921816039,10,0.07545775576639645,0.07702784324931035,0.006770504832404135,0.0034111934271037476,0.06774110012158355,0.08317441141120935,3.726559207310623e-09,0,0,10,2.5340602609712236e-07,5.962494731696997e-08,False,True
AC_Response,bkan_parameter_mean,polynomial,1,4,0.9175861815676172,0.9174527755567727,-0.00014507609692480255,10,0.00013340601084442792,6.775633480465837e-05,0.00015562868635914378,7.841063039144041e-05,-4.397115833509161e-05,0.0003107831800239475,0.12308245766620268,1,0,9,1.0,0.6154122883310134,False,False
AC_Response,dkan,polynomial,1,4,0.9178805822302213,0.9174527755567727,-0.00046569503517782183,10,0.0004278066734487385,0.00030937006130710154,0.00035353010584992785,0.00017811959421205263,2.4872157567233948e-05,0.000830741189330243,0.03978066512573806,0,0,10,1.0,0.31824532100590447,False,True
AC_Response,mlp_l,polynomial,1,4,0.9179435997649387,0.9174527755567727,-0.0005343386459379866,10,0.0004908242081661629,0.0004526075366221294,0.0004135877760017209,0.00020837853866896322,1.9439204342744983e-05,0.0009622092119895807,0.04292049147402407,2,0,8,1.0,0.31824532100590447,False,True
AC_Response,bkan_parameter_mean,polynomial,2,10,0.3139842946457261,0.31180123747580935,-0.006992020362552791,10,0.0021830571699167243,0.0011194112730674444,0.002259623647087046,0.001138469512019312,-0.0003923397913251393,0.004758454131158588,0.087400633376581,0,0,10,1.0,0.524403800259486,False,False
AC_Response,dkan,polynomial,2,10,0.3170549705850322,0.31180123747580935,-0.01684476452583282,10,0.005253733109222858,0.004946719094625213,0.003078246300427554,0.001550917369819864,0.0017453142721767004,0.008762151946269016,0.008030869155766498,0,0,10,0.4015434577883249,0.08833956071343148,False,True
AC_Response,mlp_l,polynomial,2,10,0.31845276942677875,0.31180123747580935,-0.02134489326474599,10,0.006651531950969436,0.005602638320277548,0.0029470369216398886,0.0014848099551478151,0.003292658475537724,0.010010405426401147,0.0015330416076742802,0,0,10,0.08891641324510825,0.021462582507439924,False,True
AC_Response,bkan_parameter_mean,polynomial,3,20,0.17723268353026234,0.1723411790967913,-0.028098538850511147,10,0.004891504433471072,0.0017710682621878554,0.005791534464806071,0.0029179573441314756,-0.0017093736732955722,0.011492382540237716,0.12798710979783998,0,0,10,1.0,0.6154122883310134,False,False
AC_Response,dkan,polynomial,3,20,0.18237718211892034,0.1723411790967913,-0.05796715717114829,10,0.010036003022129059,0.008637286275476247,0.006049859614721909,0.003048109685095922,0.0031406998649947384,0.01693130617926338,0.009340507987127553,0,0,10,0.4576848913692501,0.09340507987127553,False,True
AC_Response,mlp_l,polynomial,3,20,0.18776358075200467,0.1723411790967913,-0.08946228156392015,10,0.015422401655213367,0.01572012439380846,0.003937100820563952,0.001983635308356112,0.010935106834036163,0.01990969647639057,2.7785858464405813e-05,0,0,10,0.0017227232247931604,0.0004167878769660872,False,True
Capacitance,bkan_parameter_mean,additive_spline,4,36,3.096527786131571e-16,3.0780397697002433e-16,-0.005218108484897292,10,1.848801643132692e-18,8.653611460817006e-19,3.503931661387645e-18,1.7653910525460785e-18,-2.1447903715242814e-18,5.842393657789665e-18,0.3222943231759461,2,0,8,1.0,0.9870007885674653,False,False
Capacitance,dkan,additive_spline,4,36,3.190181891422838e-16,3.0780397697002433e-16,-0.03297444581137246,10,1.1214212172259433e-17,5.6815274661411746e-18,1.598495962077493e-17,8.053725762063153e-18,-7.00458124760416e-18,2.9433005592123026e-17,0.19723417812178617,1,0,9,1.0,0.9870007885674653,False,False
Capacitance,mlp_l,additive_spline,4,36,4.86096888773453e-16,3.0780397697002433e-16,-0.5799392187885177,10,1.7829291180342862e-16,1.720563842226124e-16,1.87694641458605e-17,9.4566467803382e-18,1.5690049055323398e-16,1.9968533305362327e-16,1.5270998338042066e-08,0,0,10,1.0231568886488184e-06,2.4433597340867305e-07,False,True
Capacitance,bkan_parameter_mean,additive_spline,6,50,2.7484678390054445e-16,2.726253683359146e-16,-0.006924741077767976,10,2.2214155646298615e-18,1.029454436548297e-18,4.035361714143783e-18,2.0331422391711717e-18,-2.3778717146987855e-18,6.8207028439585084e-18,0.3029505089119269,2,0,8,1.0,0.9870007885674653,False,False
Capacitance,dkan,additive_spline,6,50,2.890233742794421e-16,2.726253683359146e-16,-0.054495177338089694,10,1.6398005943527557e-17,8.487117245066032e-18,2.000564206259613e-17,1.0079472121827844e-17,-6.403344114090121e-18,3.9199356001145236e-17,0.13820762046409926,0,0,10,1.0,0.9870007885674653,False,False
Capacitance,mlp_l,additive_spline,6,50,5.006375490459969e-16,2.726253683359146e-16,-0.8435848203758098,10,2.2801218071008233e-16,2.2163975275203596e-16,1.435504898138023e-17,7.232525482689687e-18,2.1165107138429531e-16,2.4437329003586937e-16,1.5952958393474244e-10,0,0,10,1.1326600459366712e-08,2.7120029268906216e-09,False,True
Capacitance,bkan_parameter_mean,additive_spline,8,64,2.6939929101426813e-16,2.671487686042007e-16,-0.007157785140673419,10,2.2505224100673884e-18,1.0205406613917472e-18,3.965091198878422e-18,1.9977377419104743e-18,-2.2686743321877026e-18,6.769719152322479e-18,0.28907886340919486,2,0,8,1.0,0.9870007885674653,False,False
Capacitance,dkan,additive_spline,8,64,2.8604730156143225e-16,2.671487686042007e-16,-0.06513419910530482,10,1.889853295723156e-17,1.2220754234037401e-17,1.9772621821694584e-17,9.962069190462793e-18,-3.637233218265162e-18,4.1434299132728285e-17,0.09031317743643098,0,0,10,1.0,0.8128185969278788,False,False
Capacitance,mlp_l,additive_spline,8,64,5.018346033033065e-16,2.671487686042007e-16,-0.8875305549220037,10,2.3468583469910576e-16,2.2862682842508723e-16,1.3564856267050307e-17,6.8344015229567834e-18,2.192253443405101e-16,2.501463250577014e-16,7.435046279773965e-11,0,0,10,5.353233321437255e-09,1.3383083303593137e-09,False,True
Capacitance,bkan_parameter_mean,polynomial,1,8,2.000043455860487e-15,1.999978002279375e-15,-3.254036333523795e-05,10,6.545358111167349e-20,4.7589741738290205e-20,8.294664538850403e-20,4.1791130580893297e-20,-2.908452427332939e-20,1.5999168649667638e-19,0.15174171766513828,2,0,8,1.0,0.9870007885674653,False,False
Capacitance,dkan,polynomial,1,8,2.000230494463986e-15,1.999978002279375e-15,-0.00012456109201943857,10,2.5249218461114116e-19,1.4968447997349396e-19,3.8485300422496033e-19,1.9390105625951544e-19,-1.861424786804594e-19,6.911268479027417e-19,0.22519489868803763,2,0,8,1.0,0.9870007885674653,False,False
Capacitance,mlp_l,polynomial,1,8,2.0001910012192765e-15,1.999978002279375e-15,-0.00010538535558308028,10,2.1299893990160805e-19,2.3018271236665335e-19,2.4870216780681807e-19,1.2530397970749595e-19,-7.045835532082485e-20,4.964562351240409e-19,0.12337509857093316,2,0,8,1.0,0.9870007885674653,False,False
Capacitance,bkan_parameter_mean,polynomial,2,36,1.0944381769669178e-15,1.094147649465141e-15,-0.00026671099287966745,10,2.9052750177688403e-19,2.2717191668313626e-19,2.376357487441068e-19,1.1972836948303772e-19,1.9683113160680234e-20,5.613718903930878e-19,0.03819775801623147,0,0,10,1.0,0.38197758016231476,False,True
Capacitance,dkan,polynomial,2,36,1.096370732888848e-15,1.094147649465141e-15,-0.0020220049622650957,10,2.223083423707035e-18,2.146418130581486e-18,1.2739765214806661e-18,6.41869468220467e-19,7.710738085906307e-19,3.675093038823439e-18,0.007121933941599801,0,0,10,0.36321863102158986,0.08546320729919761,False,True
Capacitance,mlp_l,polynomial,2,36,1.1003521924103446e-15,1.094147649465141e-15,-0.005682096804174757,10,6.2045429452038605e-18,5.379620710760589e-18,4.413228066054603e-18,2.2235232000993334e-18,1.1745840114511673e-18,1.1234501878956553e-17,0.021039716503458546,0,0,10,0.9467872426556345,0.231436881538044,False,True
Capacitance,bkan_parameter_mean,polynomial,3,120,5.258016145698243e-16,5.247387143866635e-16,-0.002030393564316518,10,1.0629001831609316e-18,9.487438594755773e-19,5.162776640966772e-19,2.6011693631739204e-19,4.744747925054187e-19,1.6513255738164444e-18,0.0027323674889470463,0,0,10,0.15028021189208754,0.0355207773563116,False,True
Capacitance,dkan,polynomial,3,120,5.395303995414101e-16,5.247387143866635e-16,-0.028079288912055918,10,1.4791685154746694e-17,1.5931836933082112e-17,6.657399059341515e-18,3.3542071787826314e-18,7.203941359754405e-18,2.237942894973898e-17,0.0016958619999538896,0,0,10,0.0966641339973717,0.023742067999354452,False,True
Capacitance,mlp_l,polynomial,3,120,5.854823901934742e-16,5.247387143866635e-16,-0.11588115852017696,10,6.07436758068107e-17,5.572884959767446e-17,1.7072139592563418e-17,8.601481249378395e-18,4.128577338785491e-17,8.020157822576649e-17,5.9076179045175734e-05,0,0,10,0.0036036469217557198,0.000886142685677636,False,True
I_dark,bkan_parameter_mean,additive_spline,4,31,0.008189778887988941,0.007645568471426089,-0.08557824383141291,10,0.0005442104165628502,0.0002852181685148005,0.0007017813054151421,0.0003535795092913873,-0.00025564200299933596,0.0013440628361250364,0.15815240334043063,2,0,8,1.0,0.7653050240460864,False,False
I_dark,dkan,additive_spline,4,31,0.00871380146833514,0.007645568471426089,-0.1512970364052073,10,0.0010682329969090502,0.0007953821190662502,0.0008494973565902813,0.00042800350503757013,0.00010002180228557342,0.002036444191532527,0.03409313005428037,0,0,10,1.0,0.30683817048852335,False,True
I_dark,mlp_l,additive_spline,4,31,0.01787614753458801,0.007645568471426089,-1.806579295579586,10,0.010230579063161918,0.010842754117338949,0.0021714944606581067,0.0010940672541487346,0.007755626987606394,0.012705531138717443,6.2371914443031955e-06,0,0,10,0.0004054174438797077,0.00010603225455315433,False,True
I_dark,bkan_parameter_mean,additive_spline,6,43,0.00702749269708024,0.00623853838292153,-0.16038885350764392,10,0.0007889543141587102,0.00041245856819584984,0.000958863379019849,0.00048310554928613015,-0.0003039063645464703,0.0018818149928638908,0.13688382662435178,2,0,8,1.0,0.7653050240460864,False,False
I_dark,dkan,additive_spline,6,43,0.008201089324113118,0.00623853838292153,-0.4298703295686617,10,0.0019625509411915903,0.0017153069025835498,0.0012936468586793525,0.0006517800031985873,0.0004881221383872692,0.0034369797439959115,0.014690509835122028,0,0,10,0.6904539622507353,0.1615956081863423,False,True
I_dark,mlp_l,additive_spline,6,43,0.017901522753075688,0.00623853838292153,-2.8999139368776747,10,0.011662984370154159,0.01234193002458295,0.0025903109900155294,0.0013050802033262837,0.008710687840173469,0.014615280900134848,9.046013193285275e-06,0,0,10,0.0005789448443702576,0.0001447362110925644,False,True
I_dark,bkan_parameter_mean,additive_spline,8,55,0.0070387237136453505,0.006244222542575549,-0.15507924362180664,10,0.0007945011710698002,0.0005265230765821502,0.0009394605377565696,0.0004733297871793429,-0.0002762451973637003,0.0018652475395033008,0.12755083734101438,1,0,9,1.0,0.7653050240460864,False,False
I_dark,dkan,additive_spline,8,55,0.00895905509455258,0.006244222542575549,-0.5788314466472257,10,0.0027148325519770304,0.0027722136187777,0.0012721952396350265,0.0006409720023631821,0.0012648531456780502,0.004164811958276011,0.002188795205516705,0,0,10,0.12257253150893549,0.026265542466200463,False,True
I_dark,mlp_l,additive_spline,8,55,0.017908302053240628,0.006244222542575549,-2.89429134510598,10,0.01166407951066508,0.012379804439772601,0.0026499917151142655,0.0013351492310016253,0.008643762114350239,0.014684396906979922,1.0883749036910663e-05,0,0,10,0.0006856761893253718,0.00016325623555365993,False,True
I_dark,bkan_parameter_mean,polynomial,1,7,0.04786446624897043,0.047820671359224895,-0.0009098738098531914,10,4.37948897455305e-05,9.322866370047728e-06,9.429863937387323e-05,4.75106224394734e-05,-6.368160511492537e-05,0.00015127138460598638,0.3806837069753096,4,0,6,1.0,0.7653050240460864,False,False
I_dark,dkan,polynomial,1,7,0.047888657354823325,0.047820671359224895,-0.001412392915094218,10,6.798599559842063e-05,5.9890103293148284e-05,7.125663596026711e-05,3.5901335903614745e-05,-1.322846856996583e-05,0.00014920045976680709,0.09079934931823881,1,0,9,1.0,0.6355954452276716,False,False
I_dark,mlp_l,polynomial,1,7,0.04787492921003059,0.047820671359224895,-0.001129831240932881,10,5.425785080568971e-05,5.702623364904971e-05,4.449425957448151e-05,2.2417608370633766e-05,3.545697457255538e-06,0.00010497000415412387,0.038590190562308675,2,0,8,1.0,0.3087215244984694,False,True
I_dark,bkan_parameter_mean,polynomial,2,28,0.021239946981247853,0.02095526054435341,-0.013535224788838646,10,0.00028468643689444036,7.27189369659001e-05,0.00046580107511725525,0.00023468524210677286,-0.0002462084645404268,0.0008155813383293075,0.25598500782154854,0,0,10,1.0,0.7653050240460864,False,False
I_dark,dkan,polynomial,2,28,0.02153883217466378,0.02095526054435341,-0.02774448818062327,10,0.0005835716303103703,0.00042598182498509995,0.00043024006941804523,0.0002167684882006583,9.320724205831295e-05,0.0010739360185624276,0.024709655687944494,0,0,10,1.0,0.24709655687944493,False,True
I_dark,mlp_l,polynomial,2,28,0.021310718343197487,0.02095526054435341,-0.016970691217653926,10,0.00035545779884408045,0.0003433033379692009,0.00014388736099971259,7.249498113292623e-05,0.00019146275800731066,0.0005194528396808502,0.0008439082280886446,0,0,10,0.05063449368531868,0.011814715193241026,False,True
I_dark,bkan_parameter_mean,polynomial,3,84,0.011786123320665759,0.01103372725712215,-0.06800371397970399,10,0.0007523960635436101,0.00023149621326154935,0.001064259980173097,0.0005362076741634814,-0.00046058996731267524,0.0019653820943998953,0.19410889406323512,0,0,10,1.0,0.7653050240460864,False,False
I_dark,dkan,polynomial,3,84,0.01417474943163149,0.01103372725712215,-0.2844834831477553,10,0.0031410221745093404,0.0028033311327879005,0.0013382379168387446,0.0006742463817429043,0.0016157708925588566,0.004666273456459824,0.0011876297300477524,0,0,10,0.0700701540728174,0.015439186490620782,False,True
I_dark,mlp_l,polynomial,3,84,0.01581318501700649,0.01103372725712215,-0.433295911286595,10,0.00477945775988434,0.00477586513609715,0.0007695736691647815,0.00038773543582197665,0.003902339266468972,0.005656576253299708,6.12357346590793e-07,0,0,10,4.0415584874992335e-05,1.1022432238634274e-05,False,True
I_photo,bkan_parameter_mean,additive_spline,4,31,0.0049874630118044395,0.005082217216504431,0.01621084736004343,10,-9.475420469998996e-05,-7.397822276300004e-05,0.0002827576422922216,0.0001424621996035236,-0.0004170260899610884,0.00022751768056110852,0.522651780742387,6,0,4,1.0,1.0,False,False
I_photo,dkan,additive_spline,4,31,0.0050200367402272695,0.005082217216504431,0.011511925345677874,10,-6.218047627715994e-05,1.6625924907999728e-05,0.00019341445543076132,9.744829010601043e-05,-0.00028262382374290887,0.00015826287118858898,0.539311318658545,5,0,5,1.0,1.0,False,False
I_photo,mlp_l,additive_spline,4,31,0.00472303555305393,0.005082217216504431,0.05411125627455301,10,-0.00035918166345049997,-0.00017267350692540002,0.0006191767913270164,0.0003119607552277474,-0.0010648859204008862,0.00034652259349988627,0.2792490849774177,7,0,3,1.0,1.0,False,False
I_photo,bkan_parameter_mean,additive_spline,6,43,0.00511660356683335,0.00527688682357189,0.026237792530115257,10,-0.0001602832567385397,-8.655102241309984e-05,0.00034537371360297776,0.0001740101470865572,-0.0005539215573699643,0.00023335504389288486,0.38101851569319284,5,0,5,1.0,1.0,False,False
I_photo,dkan,additive_spline,6,43,0.00519000228181804,0.00527688682357189,0.011829781579738883,10,-8.688454175385e-05,-5.621585355725014e-05,0.00020834425455016107,0.00010497039279772236,-0.00032434406770295876,0.00015057498419525874,0.42923800407312396,6,0,4,1.0,1.0,False,False
I_photo,mlp_l,additive_spline,6,43,0.004695722347926911,0.00527688682357189,0.09587285115106506,10,-0.00058116447564498,-0.0004160224406361498,0.0006095560277521091,0.00030711351173810797,-0.0012759035060154514,0.00011357455472549153,0.09099479882244034,8,0,2,1.0,1.0,False,False
I_photo,bkan_parameter_mean,additive_spline,8,55,0.005032514243976821,0.00509661638111906,0.0009577856140779134,10,-6.410213714223996e-05,-0.0003041648397127503,0.0006255583190312328,0.00031517596973513784,-0.0007770797146204523,0.0006488754403359724,0.8433580429814668,7,0,3,1.0,1.0,False,False
I_photo,dkan,additive_spline,8,55,0.00514122675800821,0.00509661638111906,-0.014217782221525,10,4.461037688914989e-05,3.0407384806500556e-06,0.0003223960715600837,0.0001624332878349509,-0.00032283924866354684,0.0004120600024418466,0.7897944079402581,5,0,5,1.0,1.0,False,False
I_photo,mlp_l,additive_spline,8,55,0.004658545371587471,0.00509661638111906,0.062222890265026996,10,-0.00043807100953159,-0.00022178355192219992,0.0008164718676970627,0.0004113642243002972,-0.0013686415360514347,0.0004924995169882547,0.3146458808040592,5,0,5,1.0,1.0,False,False
I_photo,bkan_parameter_mean,polynomial,1,7,0.007652880695493092,0.007631906498257882,-0.0026348468163483194,10,2.097419723521036e-05,1.2742127521500352e-05,5.3892595734594656e-05,2.7152785928095966e-05,-4.044967194195823e-05,8.239806641237895e-05,0.4596506093082419,3,0,7,1.0,1.0,False,False
I_photo,dkan,polynomial,1,7,0.00763748468710225,0.007631906498257882,-0.0007242538190122981,10,5.578188844369922e-06,5.760534802492709e-07,2.9463301427798953e-05,1.4844538577132359e-05,-2.8002490426324314e-05,3.915886811506416e-05,0.7157892416487809,4,0,6,1.0,1.0,False,False
I_photo,mlp_l,polynomial,1,7,0.00763963223627275,0.007631906498257882,-0.0010337015682946183,10,7.725738014870057e-06,5.666143638350437e-06,5.0307901885302325e-05,2.5346704343402207e-05,-4.961249076888561e-05,6.506396679862573e-05,0.7674473673031132,4,0,6,1.0,1.0,False,False
I_photo,bkan_parameter_mean,polynomial,2,28,0.00516773773530438,0.00546458672304733,0.055767783831758455,10,-0.00029684898774294993,-0.0003465636540921006,0.0002261411317001451,0.00011393701963866968,-0.0005545924328264464,-3.910554265945356e-05,0.02848586967762691,9,0,1,1.0,0.42728804516440366,True,False
I_photo,dkan,polynomial,2,28,0.00515351316154767,0.00546458672304733,0.05585529706691711,10,-0.00031107356149965995,-0.00035679245901784964,0.00020970280432349112,0.00010565487293205397,-0.00055008148908744,-7.206563391187989e-05,0.01637342808100485,9,0,1,0.7531776917262232,0.27834827737708245,True,False
I_photo,mlp_l,polynomial,2,28,0.004902017184686851,0.00546458672304733,0.10213325803821224,10,-0.0005625695383604801,-0.0005121165118017004,0.0002861495586807396,0.0001441711538360678,-0.0008887073466796228,-0.0002364317300413374,0.003607887600206765,10,0,0,0.19121804281095856,0.06494197680372177,True,False
I_photo,bkan_parameter_mean,polynomial,3,84,0.006564133744888581,0.00854965087741633,0.203243265962264,10,-0.00198551713252775,-0.0018297312766683,0.001687963975771336,0.0008504493773907395,-0.003909367283189485,-6.166698186601486e-05,0.0444063555519868,8,0,2,1.0,0.6216889777278152,True,False
I_photo,dkan,polynomial,3,84,0.00718697266422654,0.00854965087741633,0.12863591600630836,10,-0.0013626782131897902,-0.0020044848945130005,0.0017315882775431337,0.0008724286736396288,-0.003336248986294214,0.0006108925599146336,0.15273783012295358,8,0,2,1.0,1.0,False,False
I_photo,mlp_l,polynomial,3,84,0.00465097945217891,0.00854965087741633,0.39865248190474584,10,-0.00389867142523742,-0.0037051414434556003,0.0028163433823936617,0.0014189624366720993,-0.007108587465096804,-0.0006887553853780364,0.022567050575530375,9,0,1,0.9929502253233365,0.361072809208486,True,False
