stage,step,temperature,train_total,train_value,train_observed_weight,train_bayesian_distillation,train_derivative,train_curve_shape,train_kan_residual,train_complexity,train_binary,validation_total,validation_value,validation_observed_weight,validation_bayesian_distillation,validation_derivative,validation_curve_shape,validation_kan_residual,validation_complexity,validation_binary,active_terms
symbolic_warmup,1,2.0,0.348166286945343,0.27855345606803894,1.0,0.2784512937068939,0.0,0.09301955252885818,0.004772660322487354,0.3309127390384674,0.16301405429840088,0.32607412338256836,0.26085740327835083,1.0,0.2608669400215149,0.0,0.07951110601425171,0.0048836600035429,0.33090940117836,0.16301430761814117,68
symbolic_warmup,25,2.0,0.20272912085056305,0.1622006595134735,1.0,0.16211386024951935,0.0,0.3763742744922638,0.004772660322487354,0.3312526345252991,0.1630050390958786,0.18104879558086395,0.14480379223823547,1.0,0.14498001337051392,0.0,0.3844532370567322,0.0048836600035429,0.3312641978263855,0.1630040854215622,68
symbolic_warmup,50,2.0,0.12479165196418762,0.09984353929758072,1.0,0.0997924655675888,0.0,0.2807385325431824,0.004772660322487354,0.3312045931816101,0.16298827528953552,0.0990639328956604,0.07923528552055359,1.0,0.07931460440158844,0.0,0.27610352635383606,0.0048836600035429,0.33121979236602783,0.16298715770244598,68
symbolic_warmup,75,2.0,0.05960184708237648,0.04768989235162735,1.0,0.04764781892299652,0.0,0.22370000183582306,0.004772660322487354,0.3316391408443451,0.16296499967575073,0.05328461155295372,0.042599789798259735,1.0,0.04273928701877594,0.0,0.2147127240896225,0.0048836600035429,0.3316507935523987,0.16296443343162537,68
symbolic_warmup,100,2.0,0.013244128786027431,0.010602383874356747,1.0,0.01056697964668274,0.0,0.024032780900597572,0.004772660322487354,0.3319898843765259,0.16294942796230316,0.010991876944899559,0.00878820102661848,1.0,0.008814701810479164,0.0,0.020430227741599083,0.0048836600035429,0.33200883865356445,0.16294871270656586,68
symbolic_warmup,125,2.0,0.001399290980771184,0.001118867308832705,1.0,0.0011216948041692376,0.0,0.00022780754079576582,0.004772660322487354,0.33233362436294556,0.16293448209762573,0.001322789816185832,0.0010645416332408786,1.0,0.0010329929646104574,0.0,0.00018244751845486462,0.0048836600035429,0.33233293890953064,0.16293460130691528,68
symbolic_warmup,150,2.0,0.000141011449159123,0.0001138230218202807,1.0,0.00010875369480345398,0.0,2.209155172749888e-05,0.004772660322487354,0.33219096064567566,0.16293965280056,0.00013450111146084964,0.00011185266339452937,1.0,9.059377771336585e-05,0.0,3.6621655453927815e-05,0.0048836600035429,0.3321864902973175,0.16293975710868835,68
symbolic_warmup,175,2.0,6.19560232735239e-05,5.057668749941513e-05,1.0,4.551734673441388e-05,0.0,1.9713099391083233e-05,0.004772660322487354,0.33215072751045227,0.16294005513191223,5.368989150156267e-05,4.595562495524064e-05,1.0,3.093706618528813e-05,0.0,2.3161559511208907e-05,0.0048836600035429,0.33215078711509705,0.16293999552726746,68
symbolic_warmup,200,2.0,5.47831914445851e-05,4.4773925765184686e-05,1.0,4.003705907962285e-05,0.0,1.5423429431393743e-05,0.004772660322487354,0.3321393132209778,0.1629396229982376,5.6704855524003506e-05,4.9000609578797594e-05,1.0,3.0816976504866034e-05,0.0,1.5242879271681886e-05,0.0048836600035429,0.332138329744339,0.1629396229982376,68
symbolic_warmup,225,2.0,5.107511969981715e-05,4.19176030845847e-05,1.0,3.663006646092981e-05,0.0,1.4272462067310698e-05,0.004772660322487354,0.3321188688278198,0.16293972730636597,5.0292361265746877e-05,4.36506379628554e-05,1.0,2.6566895030555315e-05,0.0,1.4433363503485452e-05,0.0048836600035429,0.3321182429790497,0.16293972730636597,68
symbolic_warmup,250,2.0,4.816313958144747e-05,3.962354458053596e-05,1.0,3.415838364162482e-05,0.0,1.3207067240728065e-05,0.004772660322487354,0.33210569620132446,0.16293968260288239,4.756975613418035e-05,4.151196844759397e-05,1.0,2.4231147108366713e-05,0.0,1.343492476735264e-05,0.0048836600035429,0.33210521936416626,0.16293968260288239,68
symbolic_warmup,275,2.0,4.5651282562175766e-05,3.766427471418865e-05,1.0,3.194803139194846e-05,0.0,1.224909647135064e-05,0.004772660322487354,0.3320949673652649,0.16293965280056,4.4848118704976514e-05,3.931955870939419e-05,1.0,2.2114243620308116e-05,0.0,1.2217954463267233e-05,0.0048836600035429,0.33209463953971863,0.1629396677017212,68
symbolic_warmup,300,2.0,4.343889304436743e-05,3.593568908399902e-05,1.0,3.0012814022484235e-05,0.0,1.1379122952348553e-05,0.004772660322487354,0.33208733797073364,0.1629396229982376,4.260874993633479e-05,3.752108750632033e-05,1.0,2.0350649720057845e-05,0.0,1.1072283086832613e-05,0.0048836600035429,0.33208706974983215,0.1629396229982376,68
symbolic_competition,1,2.0,4.8353940655943006e-05,3.5870940337190405e-05,1.0,2.9940027161501348e-05,0.0,1.1347068721079268e-05,0.004772660322487354,0.33208706974983215,0.1629396229982376,0.00015993471606634557,0.0001273332891287282,1.0,0.00011041065590688959,0.0,2.4658262191223912e-05,0.0048836600035429,0.33205145597457886,0.1629401594400406,68
symbolic_competition,25,1.9449593315124356,7.078683120198548e-05,5.3193227358860895e-05,1.0,5.039075040258467e-05,0.0,1.0618061423883773e-05,0.004772660322487354,0.33190181851387024,0.1629182994365692,8.09583580121398e-05,6.475602276623249e-05,1.0,4.482172880670987e-05,0.0,1.0320518413209356e-05,0.0048836600035429,0.3318882882595062,0.1629183441400528,68
symbolic_competition,50,1.889235405642173,4.116187847102992e-05,3.0134899134282023e-05,1.0,2.4132177713909186e-05,0.0,7.607952738908352e-06,0.004772660322487354,0.33172741532325745,0.16289325058460236,3.997017483925447e-05,3.165926318615675e-05,1.0,1.3264028893900104e-05,0.0,6.2865051404514816e-06,0.0048836600035429,0.33171346783638,0.16289325058460236,68
symbolic_competition,75,1.8351079943437496,3.741875843843445e-05,2.7287251214147545e-05,1.0,2.0559558834065683e-05,0.0,7.180447482824093e-06,0.004772660322487354,0.3315223455429077,0.16286639869213104,3.7666468415409327e-05,2.9487728170352057e-05,1.0,1.2744638297590427e-05,0.0,5.872218935110141e-06,0.0048836600035429,0.33150777220726013,0.16286636888980865,68
symbolic_competition,100,1.7825313567843315,3.50863701896742e-05,2.5450253815506585e-05,1.0,1.8588745660963468e-05,0.0,5.962580416962737e-06,0.004772660322487354,0.33128273487091064,0.1628374606370926,3.6828540032729506e-05,2.896272053476423e-05,1.0,1.1503761925268918e-05,0.0,4.805011940334225e-06,0.0048836600035429,0.33126699924468994,0.162837415933609,68
symbolic_competition,125,1.7314610626257239,3.319915049360134e-05,2.397884600213729e-05,1.0,1.6937758118729107e-05,0.0,5.400551799539244e-06,0.004772660322487354,0.33100757002830505,0.1628059595823288,3.52106690115761e-05,2.76342652796302e-05,1.0,1.035840432450641e-05,0.0,4.250418442097725e-06,0.0048836600035429,0.33099082112312317,0.16280587017536163,68
symbolic_competition,150,1.6818539544781337,3.1579798815073445e-05,2.271734774694778e-05,1.0,1.5520216038567014e-05,0.0,4.970485406374792e-06,0.004772660322487354,0.3306958079338074,0.16277143359184265,3.383772855158895e-05,2.65118942479603e-05,1.0,9.370030966238119e-06,0.0,3.780543920584023e-06,0.0048836600035429,0.33067792654037476,0.1627712845802307,68
symbolic_competition,175,1.633668111429647,3.0200546461855993e-05,2.164271609217394e-05,1.0,1.431728833267698e-05,0.0,4.6230525185819715e-06,0.004772660322487354,0.33034494519233704,0.1627333015203476,3.2741860195528716e-05,2.5624342015362345e-05,1.0,8.552367944503203e-06,0.0,3.455203113844618e-06,0.0048836600035429,0.33032581210136414,0.1627330780029297,68
symbolic_competition,200,1.5868628136206036,2.9034459657850675e-05,2.0735500584123656e-05,1.0,1.3299211786943488e-05,0.0,4.334506684244843e-06,0.004772660322487354,0.32995203137397766,0.1626909077167511,3.18050297209993e-05,2.4860237317625433e-05,1.0,7.878935321059544e-06,0.0,3.216304094166844e-06,0.0048836600035429,0.3299315869808197,0.16269062459468842,68
symbolic_competition,225,1.5413985078329298,2.8054157155565917e-05,1.9974493625340983e-05,1.0,1.2441450962796807e-05,0.0,4.087451543455245e-06,0.004772660322487354,0.329513818025589,0.16264359652996063,3.1003972253529355e-05,2.420514283585362e-05,1.0,7.314563845284283e-06,0.0,3.0415696983254747e-06,0.0048836600035429,0.3294920325279236,0.1626431941986084,68
symbolic_competition,250,1.4972367740653532,2.7232328648096882e-05,1.933827661559917e-05,1.0,1.1720600923581515e-05,0.0,3.870990894938586e-06,0.004772660322487354,0.3290269672870636,0.16259054839611053,3.0309025532915257e-05,2.3634462195332162e-05,1.0,6.839158231741749e-06,0.0,2.911657020376879e-06,0.0048836600035429,0.3290037214756012,0.16258999705314636,68
symbolic_competition,275,1.4543402930662515,2.654353556863498e-05,1.880703348433599e-05,1.0,1.1114338121842593e-05,0.0,3.6767278288607486e-06,0.004772660322487354,0.3284881114959717,0.1625308245420456,2.9700751838390715e-05,2.3133263312047347e-05,1.0,6.434863280446734e-06,0.0,2.812873617585865e-06,0.0048836600035429,0.3284633755683899,0.16253015398979187,68
symbolic_competition,300,1.4126728147966978,2.596479498606641e-05,1.836277988331858e-05,1.0,1.060286012943834e-05,0.0,3.4998513456230285e-06,0.004772660322487354,0.3278938829898834,0.16246342658996582,2.9164430088712834e-05,2.269023025291972e-05,1.0,6.088253030611668e-06,0.0,2.735580892476719e-06,0.0048836600035429,0.3278675079345703,0.16246256232261658,68
symbolic_competition,325,1.3721991277970562,2.5476036171312444e-05,1.7989890693570487e-05,1.0,1.016855730995303e-05,0.0,3.3373719361406984e-06,0.004772660322487354,0.3272407352924347,0.1623871624469757,2.8687431040452793e-05,2.2295283997664228e-05,1.0,5.789287115476327e-06,0.0,2.6731354410003405e-06,0.0048836600035429,0.3272126615047455,0.16238610446453094,68
symbolic_competition,350,1.3328850294312347,2.5060282496269792e-05,1.7674872651696205e-05,1.0,9.7977008408634e-06,0.0,3.186973799529369e-06,0.004772660322487354,0.3265250027179718,0.1623007357120514,2.826142736012116e-05,2.194260378018953e-05,1.0,5.5281611821556e-06,0.0,2.6212619559373707e-06,0.0048836600035429,0.3264952600002289,0.16229942440986633,68
symbolic_competition,375,1.2946972969834551,2.470351682859473e-05,1.7406875485903583e-05,1.0,9.477832463744562e-06,0.0,3.0475202947854996e-06,0.004772660322487354,0.3257432281970978,0.1622026115655899,2.787877747323364e-05,2.16257667489117e-05,1.0,5.300186330714496e-06,0.0,2.5766544240468647e-06,0.0048836600035429,0.32571160793304443,0.16220101714134216,68
symbolic_competition,400,1.2576036595831122,2.439434865664225e-05,1.7176887922687456e-05,1.0,9.199630767398048e-06,0.0,2.9181478566897567e-06,0.004772660322487354,0.32489147782325745,0.16209112107753754,2.7532845706446096e-05,2.1339657905627973e-05,1.0,5.099524059914984e-06,0.0,2.5375866243848577e-06,0.0048836600035429,0.3248579204082489,0.16208921372890472,68
symbolic_competition,425,1.2215727709339979,2.4123908588080667e-05,1.6977999621303752e-05,1.0,8.955528755905107e-06,0.0,2.7982100618828554e-06,0.004772660322487354,0.3239659070968628,0.1619643121957779,2.7219819457968697e-05,2.108135049638804e-05,1.0,4.922829248243943e-06,0.0,2.5025287868629675e-06,0.0048836600035429,0.3239303231239319,0.16196204721927643,68
symbolic_competition,450,1.1865741828248448,2.3885017071734183e-05,1.6804518963908777e-05,1.0,8.739793884160463e-06,0.0,2.6870447982219048e-06,0.004772660322487354,0.32296237349510193,0.16182008385658264,2.6935575078823604e-05,2.0847473933827132e-05,1.0,4.767375685332809e-06,0.0,2.470805156917777e-06,0.0048836600035429,0.32292473316192627,0.16181740164756775,68
symbolic_competition,475,1.1525783193988046,2.367238084843848e-05,1.6652395061100833e-05,1.0,8.547730431018863e-06,0.0,2.5843614821496885e-06,0.004772660322487354,0.32187679409980774,0.161655992269516,2.6676534616854042e-05,2.0635145119740628e-05,1.0,4.630614057532512e-06,0.0,2.441902779537486e-06,0.0048836600035429,0.32183706760406494,0.1616528034210205,68
symbolic_competition,500,1.1195564521601167,2.3481550670112483e-05,1.6518131815246306e-05,1.0,8.375796824111603e-06,0.0,2.4898270112316823e-06,0.004772660322487354,0.32070499658584595,0.16146929562091827,2.6441051886649802e-05,2.044326720351819e-05,1.0,4.510646249400452e-06,0.0,2.4156856852641795e-06,0.0048836600035429,0.3206630349159241,0.1614656001329422,68
symbolic_competition,525,1.0874806756968463,2.330901043023914e-05,1.6399000742239878e-05,1.0,8.22114361653803e-06,0.0,2.403531652817037e-06,0.004772660322487354,0.31944265961647034,0.1612570583820343,2.6226525733363815e-05,2.0269500964786857e-05,1.0,4.406712832860649e-06,0.0,2.391722546235542e-06,0.0048836600035429,0.31939834356307983,0.1612527221441269,68
symbolic_competition,550,1.0563238840991775,2.315209167136345e-05,1.6293040971504524e-05,1.0,8.081245141511317e-06,0.0,2.32474553740758e-06,0.004772660322487354,0.3180854022502899,0.16101592779159546,2.6030775188701227e-05,2.0112114725634456e-05,1.0,4.3173104131710716e-06,0.0,2.369982667005388e-06,0.0048836600035429,0.3180387318134308,0.16101092100143433,68
symbolic_competition,575,1.026059748053331,2.3008398784440942e-05,1.6198211596929468e-05,1.0,7.954992724990007e-06,0.0,2.2530171008838806e-06,0.004772660322487354,0.31662896275520325,0.16074220836162567,2.5851801183307543e-05,1.9969780623796396e-05,1.0,4.240089765517041e-06,0.0,2.350198656131397e-06,0.0048836600035429,0.3165798485279083,0.16073642671108246,68
symbolic_competition,600,0.9966626925917534,2.2876120056025684e-05,1.6113401215989143e-05,1.0,7.839929821784608e-06,0.0,2.1883270164835267e-06,0.004772660322487354,0.3150690793991089,0.160431906580925,2.568860691098962e-05,1.9841552784782834e-05,1.0,4.175162757746875e-06,0.0,2.3325037545873784e-06,0.0048836600035429,0.3150174021720886,0.16042526066303253,68
symbolic_competition,625,0.9681078754807695,2.2753663870389573e-05,1.6037352907005697e-05,1.0,7.735056897217873e-06,0.0,2.1299542822816875e-06,0.004772660322487354,0.31340155005455017,0.16008061170578003,2.5539335183566436e-05,1.972623977053445e-05,1.0,4.120230187254492e-06,0.0,2.3165832772065187e-06,0.0048836600035429,0.31334730982780457,0.16007296741008759,68
symbolic_competition,650,0.9403711662274413,2.263954775116872e-05,1.5968891602824442e-05,1.0,7.639486284460872e-06,0.0,2.077649014609051e-06,0.004772660322487354,0.3116224408149719,0.15968352556228638,2.5402077881153673e-05,1.9621758838184178e-05,1.0,4.076321147294948e-06,0.0,2.3023253561405e-06,0.0048836600035429,0.31156548857688904,0.15967480838298798,68
symbolic_competition,675,0.913429125687888,2.2532638467964716e-05,1.5907211491139606e-05,1.0,7.55225619286648e-06,0.0,2.0309589672251604e-06,0.004772660322487354,0.30972811579704285,0.15923556685447693,2.527686592657119e-05,1.9528884877217934e-05,1.0,4.04081811211654e-06,0.0,2.289747953909682e-06,0.0048836600035429,0.30966848134994507,0.15922564268112183,68
symbolic_competition,700,0.8872589862598363,2.2431833713199012e-05,1.5851659554755315e-05,1.0,7.471933258784702e-06,0.0,1.9896535832231166e-06,0.004772660322487354,0.30771517753601074,0.15873122215270996,2.5161136363749392e-05,1.9445124053163454e-05,1.0,4.013797024526866e-06,0.0,2.2784968223277247e-06,0.0048836600035429,0.3076528310775757,0.1587199866771698,68
symbolic_competition,725,0.8618386326426628,2.2336138499667868e-05,1.5801313566043973e-05,1.0,7.398581601592014e-06,0.0,1.952612819877686e-06,0.004772660322487354,0.3055807948112488,0.15816468000411987,2.505477095837705e-05,1.9370736481505446e-05,1.0,3.99408463636064e-06,0.0,2.2685790099785663e-06,0.0048836600035429,0.30551570653915405,0.1581520140171051,68
symbolic_competition,750,0.83714658314867,2.224478157586418e-05,1.5755782442283817e-05,1.0,7.330977496167179e-06,0.0,1.9205517673981376e-06,0.004772660322487354,0.30332279205322266,0.15752990543842316,2.4955763365142047e-05,1.930404505401384e-05,1.0,3.980699148087297e-06,0.0,2.259669145132648e-06,0.0048836600035429,0.3032549321651459,0.15751568973064423,68
symbolic_competition,775,0.8131619715498017,2.2156898921821266e-05,1.5714531400590204e-05,1.0,7.268159606610425e-06,0.0,1.89160880381678e-06,0.004772660322487354,0.30093953013420105,0.1568206250667572,2.4863984435796738e-05,1.924501520988997e-05,1.0,3.9735900827508885e-06,0.0,2.252333388241823e-06,0.0048836600035429,0.3008689284324646,0.15680471062660217,68
symbolic_competition,800,0.7898645294444586,2.208351179433521e-05,1.5682106095482595e-05,1.0,7.236288183776196e-06,0.0,1.9141925804433413e-06,0.004772660322487354,0.2984303832054138,0.15603037178516388,2.4810708055156283e-05,1.922836781886872e-05,1.0,3.959229161409894e-06,0.0,2.239972445750027e-06,0.0048836600035429,0.2983570396900177,0.15601268410682678,68
symbolic_competition,825,0.7672345691295113,2.2412885300582275e-05,1.5952036847011186e-05,1.0,7.613985417265212e-06,0.0,2.4393220883212052e-06,0.004772660322487354,0.2958028316497803,0.15515980124473572,2.9040584195172414e-05,2.2818610887043178e-05,1.0,6.657925951003563e-06,0.0,5.736373168474529e-06,0.0048836600035429,0.29572463035583496,0.15514115989208221,68
symbolic_competition,850,0.7452529669630382,2.1922882297076285e-05,1.5626255844836123e-05,1.0,7.102932158886688e-06,0.0,1.8112075395038119e-06,0.004772660322487354,0.2931141257286072,0.15420249104499817,2.4841632694005966e-05,1.92389252333669e-05,1.0,4.326624548411928e-06,0.0,2.585818037914578e-06,0.0048836600035429,0.2930402159690857,0.15418124198913574,68
symbolic_competition,875,0.7239011472037281,2.187102109019179e-05,1.562376019137446e-05,1.0,7.059104518702952e-06,0.0,1.7955038629224873e-06,0.004772660322487354,0.2903289794921875,0.15314696729183197,2.4558770746807568e-05,1.906947909446899e-05,1.0,4.026770511700306e-06,0.0,2.2626827558269724e-06,0.0048836600035429,0.29025256633758545,0.15312372148036957,68
symbolic_competition,900,0.7031610663132909,2.1765821657027118e-05,1.556976894789841e-05,1.0,7.0164664975891355e-06,0.0,1.7892183450385346e-06,0.004772660322487354,0.2874320447444916,0.15198898315429688,2.449031308060512e-05,1.904304008348845e-05,1.0,4.0210734368884005e-06,0.0,2.238177103208727e-06,0.0048836600035429,0.28735315799713135,0.15196365118026733,68
symbolic_competition,925,0.6830151977086104,2.1687686967197806e-05,1.554164191475138e-05,1.0,6.9872880885668565e-06,0.0,1.7926483906194335e-06,0.004772660322487354,0.28442564606666565,0.15072397887706757,2.4429726181551814e-05,1.902359326777514e-05,1.0,4.027541308460059e-06,0.0,2.2238505152927246e-06,0.0048836600035429,0.2843446433544159,0.15069648623466492,68
symbolic_competition,950,0.6634465169507556,2.1612424461636692e-05,1.55209781951271e-05,1.0,6.948298960196553e-06,0.0,1.7785741874831729e-06,0.004772660322487354,0.2813165485858917,0.1493479609489441,2.436638533254154e-05,1.899977905850392e-05,1.0,4.048987648275215e-06,0.0,2.2223202904569916e-06,0.0048836600035429,0.28123387694358826,0.14931829273700714,68
symbolic_competition,975,0.6444384873583325,2.1537012798944488e-05,1.5501047528232448e-05,1.0,6.914091045473469e-06,0.0,1.7696357872409862e-06,0.004772660322487354,0.27811357378959656,0.14785797894001007,2.4307224521180615e-05,1.8982760593644343e-05,1.0,4.0682798498892225e-06,0.0,2.218913095930475e-06,0.0048836600035429,0.27802956104278564,0.14782613515853882,68
symbolic_competition,1000,0.6259750460330195,2.146171755157411e-05,1.548233012726996e-05,1.0,6.883456990181003e-06,0.0,1.763593104442407e-06,0.004772660322487354,0.274827241897583,0.14625230431556702,2.424942795187235e-05,1.8968639778904617e-05,1.0,4.089384674443863e-06,0.0,2.213394964201143e-06,0.0048836600035429,0.27474209666252136,0.14621832966804504,68
symbolic_competition,1025,0.6080405902854777,2.2030662876204588e-05,1.6023803254938684e-05,1.0,7.196510068752104e-06,0.0,2.1237588043732103e-06,0.004772660322487354,0.2714640498161316,0.14453661441802979,2.9259092116262764e-05,2.3245636839419603e-05,1.0,7.223363354569301e-06,0.0,5.646231784339761e-06,0.0048836600035429,0.2713756561279297,0.14450223743915558,68
symbolic_competition,1050,0.5906199644501645,2.204148768214509e-05,1.5991407053661533e-05,1.0,7.575426479888847e-06,0.0,2.5981710223277332e-06,0.004772660322487354,0.2681065499782562,0.14274311065673828,2.411083914921619e-05,1.8913824533228762e-05,1.0,4.163496669207234e-06,0.0,2.227448931080289e-06,0.0048836600035429,0.26802340149879456,0.1427069902420044,68
symbolic_competition,1075,0.5736984470779091,2.1352047042455524e-05,1.5543035260634497e-05,1.0,6.820631369919283e-06,0.0,1.7666083067524596e-06,0.004772660322487354,0.2647700309753418,0.14084266126155853,2.406720341241453e-05,1.890714338514954e-05,1.0,4.225111297273543e-06,0.0,2.2783669919590466e-06,0.0048836600035429,0.2646900713443756,0.14080458879470825,68
symbolic_competition,1100,0.5572617384954243,2.1167246814002283e-05,1.542449535918422e-05,1.0,6.769717401766684e-06,0.0,1.7335152051600744e-06,0.004772660322487354,0.2614201009273529,0.1388394981622696,2.4040193238761276e-05,1.894392516987864e-05,1.0,4.184134922979865e-06,0.0,2.2002220703143394e-06,0.0048836600035429,0.26133978366851807,0.13880005478858948,68
symbolic_competition,1125,0.5412959487212465,2.1094650946906768e-05,1.541293750051409e-05,1.0,6.743890480720438e-06,0.0,1.7266393115278333e-06,0.004772660322487354,0.25806015729904175,0.13674120604991913,2.3970927941263653e-05,1.8919767171610147e-05,1.0,4.222051757096779e-06,0.0,2.213008656326565e-06,0.0048836600035429,0.2579807937145233,0.13670052587985992,68
symbolic_competition,1150,0.5257875857278873,2.1021358406869695e-05,1.5399185940623283e-05,1.0,6.727231266268063e-06,0.0,1.7288224398726015e-06,0.004772660322487354,0.2547074258327484,0.1345563381910324,2.392282294749748e-05,1.8921160517493263e-05,1.0,4.245544005243573e-06,0.0,2.2071942566981306e-06,0.0048836600035429,0.2546292543411255,0.13451474905014038,68
symbolic_competition,1175,0.5107235440402795,2.094881347147748e-05,1.538819560664706e-05,1.0,6.704567113047233e-06,0.0,1.7234652887054835e-06,0.004772660322487354,0.2513798773288727,0.1322951316833496,2.3869619326433167e-05,1.891677311505191e-05,1.0,4.273786544217728e-06,0.0,2.206998942710925e-06,0.0048836600035429,0.25130343437194824,0.13225291669368744,68
symbolic_competition,1200,0.4960910936608838,2.087689244945068e-05,1.5377596355392598e-05,1.0,6.683652372885263e-06,0.0,1.7193144685734296e-06,0.004772660322487354,0.24809610843658447,0.1299695372581482,2.381935883022379e-05,1.8915789041784592e-05,1.0,4.300976343074581e-06,0.0,2.206539420512854e-06,0.0048836600035429,0.24802185595035553,0.12992700934410095,68
symbolic_competition,1225,0.4818778693120949,2.081733509839978e-05,1.538178366899956e-05,1.0,6.652619049418718e-06,0.0,1.7039319573086686e-06,0.004772660322487354,0.24487422406673431,0.12759284675121307,2.3753324057906866e-05,1.8888393242377788e-05,1.0,4.370252099761274e-06,0.0,2.2650365281151608e-06,0.0048836600035429,0.24480295181274414,0.12755031883716583,68
symbolic_competition,1250,0.46807185998685796,3.008131534443237e-05,2.2686468582833186e-05,1.0,1.4712374650116544e-05,0.0,1.0559359907347243e-05,0.004772660322487354,0.2416985034942627,0.12520426511764526,3.469083458185196e-05,2.80670756183099e-05,1.0,1.1628379070316441e-05,0.0,9.452704034629278e-06,0.0048836600035429,0.24161720275878906,0.1251658946275711,68
symbolic_competition,1275,0.45466139879866374,2.069335096166469e-05,1.5361312762252055e-05,1.0,6.6774723563867155e-06,0.0,1.7610839222470531e-06,0.004772660322487354,0.23866862058639526,0.12282560020685196,2.372389099036809e-05,1.8904462194768712e-05,1.0,4.626667760021519e-06,0.0,2.4764838144619716e-06,0.0048836600035429,0.238606259226799,0.1227862536907196,68
symbolic_competition,1300,0.4416351531223466,2.0629784557968378e-05,1.5368930689874105e-05,1.0,6.6026891545334365e-06,0.0,1.6991037909974693e-06,0.004772660322487354,0.2358107715845108,0.12043469399213791,2.360527651035227e-05,1.887025064206682e-05,1.0,4.498796442931052e-06,0.0,2.3152936137194047e-06,0.0048836600035429,0.2357526421546936,0.12039632350206375,68
symbolic_competition,1325,0.4289821150173519,2.0542815036606044e-05,1.533289105282165e-05,1.0,6.603580004593823e-06,0.0,1.7106760878959903e-06,0.004772660322487354,0.23307988047599792,0.11805038154125214,2.3582686480949633e-05,1.8915252439910546e-05,1.0,4.432878995430656e-06,0.0,2.2072449610277545e-06,0.0048836600035429,0.2330244481563568,0.11801343411207199,68
symbolic_competition,1350,0.4166915919253823,2.0481242245296016e-05,1.532673013571184e-05,1.0,6.580562057934003e-06,0.0,1.7002405456878478e-06,0.004772660322487354,0.2304769605398178,0.11568744480609894,2.354467687837314e-05,1.8921145965578035e-05,1.0,4.45569367002463e-06,0.0,2.2043618628231343e-06,0.0048836600035429,0.23042498528957367,0.11565209925174713,68
symbolic_competition,1375,0.40475319763455886,2.0422485249582678e-05,1.531903035356663e-05,1.0,6.5681515479809605e-06,0.0,1.6995107898765127e-06,0.004772660322487354,0.22801022231578827,0.11335880309343338,2.350730574107729e-05,1.8926020857179537e-05,1.0,4.478314622247126e-06,0.0,2.2036790596757783e-06,0.0048836600035429,0.2279617339372635,0.11332526803016663,68
symbolic_competition,1400,0.3931568435024644,2.0366051103337668e-05,1.5311670722439885e-05,1.0,6.5561275732761715e-06,0.0,1.6990923086268594e-06,0.004772660322487354,0.22568616271018982,0.11107612401247025,2.347183362871874e-05,1.8930812075268477e-05,1.0,4.501313469518209e-06,0.0,2.2015922240825603e-06,0.0048836600035429,0.22564110159873962,0.11104460060596466,68
symbolic_competition,1425,0.3818927299306492,2.0364685042295605e-05,1.5358204109361395e-05,1.0,6.540677077282453e-06,0.0,1.7039384374584188e-06,0.004772660322487354,0.2235088348388672,0.10884962975978851,2.343298365303781e-05,1.8901046132668853e-05,1.0,4.640879978978774e-06,0.0,2.370702304688166e-06,0.0048836600035429,0.22346819937229156,0.10881997644901276,68
symbolic_competition,1450,0.37095133808339675,2.5055887817870826e-05,1.9029746908927336e-05,1.0,1.0790150554385036e-05,0.0,6.236778972379398e-06,0.004772660322487354,0.22137194871902466,0.10671579092741013,2.369512185396161e-05,1.9224467905587517e-05,1.0,4.5666697587876115e-06,0.0,2.2336844267556444e-06,0.0048836600035429,0.22132351994514465,0.10669153928756714,68
symbolic_competition,1475,0.36032342184374977,2.0329427570686676e-05,1.5402863937197253e-05,1.0,6.551620117534185e-06,0.0,1.7381534007654409e-06,0.004772660322487354,0.21943138539791107,0.10466168075799942,2.362042141612619e-05,1.9056442397413775e-05,1.0,5.099154805066064e-06,0.0,2.8187862426420907e-06,0.0048836600035429,0.2193983942270279,0.1046372577548027,68
symbolic_competition,1500,0.35,2.017704537138343e-05,1.5300902305170894e-05,1.0,6.498020866274601e-06,0.0,1.6833830613904865e-06,0.004772660322487354,0.2177213579416275,0.10266967117786407,2.330131974304095e-05,1.8887618352891877e-05,1.0,4.645909029932227e-06,0.0,2.286090193592827e-06,0.0048836600035429,0.21769112348556519,0.10264753550291061,68
structure_freeze,1,0.2,0.01598038524389267,0.012773104943335056,1.0,0.012828168459236622,0.0,0.0018302843673154712,0.004772660322487354,0.40666666626930237,0.0,0.012907616794109344,0.010351612232625484,1.0,0.010223044082522392,0.0,0.003525120671838522,0.0048836600035429,0.40666666626930237,0.0,32
structure_freeze,25,0.2,0.00016013368440326303,0.0001304685283685103,1.0,0.00011770606943173334,0.0,3.939810994779691e-05,0.004772660322487354,0.40666666626930237,0.0,0.0001400141482008621,0.00011257544247200713,1.0,0.00010877809108933434,0.0,2.2479543986264616e-05,0.0048836600035429,0.40666666626930237,0.0,32
structure_freeze,50,0.2,2.5827734134509228e-05,2.2395894120563753e-05,1.0,1.2772825357387774e-05,0.0,9.139776921074372e-06,0.004772660322487354,0.40666666626930237,0.0,2.938681973319035e-05,2.548084557929542e-05,1.0,1.464716115151532e-05,0.0,3.8109656088636257e-06,0.0048836600035429,0.40666666626930237,0.0,32
structure_freeze,75,0.2,2.2089809135650285e-05,1.9187429643352516e-05,1.0,1.0654986908775754e-05,0.0,5.527403118321672e-06,0.004772660322487354,0.40666666626930237,0.0,2.9376029488048516e-05,2.5524068405502476e-05,1.0,1.4431113413593266e-05,0.0,3.501774926917278e-06,0.0048836600035429,0.40666666626930237,0.0,32
structure_freeze,100,0.2,2.100964957207907e-05,1.8360258764005266e-05,1.0,9.643027624406386e-06,0.0,4.581418579618912e-06,0.004772660322487354,0.40666666626930237,0.0,2.8853095500380732e-05,2.5530001948936842e-05,1.0,1.2315646017668769e-05,0.0,3.2785362691356568e-06,0.0048836600035429,0.40666666626930237,0.0,32
structure_freeze,125,0.2,2.0183260858175345e-05,1.7735723304213025e-05,1.0,8.835618245939258e-06,0.0,3.924122211174108e-06,0.004772660322487354,0.40666666626930237,0.0,2.749001760093961e-05,2.424999729555566e-05,1.0,1.1983353033429012e-05,0.0,2.807207692967495e-06,0.0048836600035429,0.40666666626930237,0.0,32
structure_freeze,150,0.2,1.956036976480391e-05,1.7224094335688278e-05,1.0,8.390567927563097e-06,0.0,3.341562432979117e-06,0.004772660322487354,0.40666666626930237,0.0,2.700328332139179e-05,2.3890630473033525e-05,1.0,1.1473876838863362e-05,0.0,2.7412868348619668e-06,0.0048836600035429,0.40666666626930237,0.0,32
structure_freeze,175,0.2,1.910514220071491e-05,1.68728092830861e-05,1.0,7.974796972121112e-06,0.0,2.9553548301919363e-06,0.004772660322487354,0.40666666626930237,0.0,2.637709076225292e-05,2.337758633075282e-05,1.0,1.1021283171430696e-05,0.0,2.6296729629393667e-06,0.0048836600035429,0.40666666626930237,0.0,32
structure_freeze,200,0.2,1.8766520952340215e-05,1.6609290469205007e-05,1.0,7.674391781620216e-06,0.0,2.672161599548417e-06,0.004772660322487354,0.40666666626930237,0.0,2.5911369448294863e-05,2.3013726604403928e-05,1.0,1.0613839549478143e-05,0.0,2.5774284040380735e-06,0.0048836600035429,0.40666666626930237,0.0,32
structure_freeze,225,0.2,1.851134584285319e-05,1.6412510376540013e-05,1.0,7.440808531100629e-06,0.0,2.472791038599098e-06,0.004772660322487354,0.40666666626930237,0.0,2.5522251235088333e-05,2.2712421923642978e-05,1.0,1.0262585419695824e-05,0.0,2.546669747971464e-06,0.0048836600035429,0.40666666626930237,0.0,32
structure_freeze,250,0.2,1.8316715795663185e-05,1.6264324585790746e-05,1.0,7.255033779074438e-06,0.0,2.3320030777540524e-06,0.004772660322487354,0.40666666626930237,0.0,2.5180168449878693e-05,2.244463757961057e-05,1.0,9.965389835997485e-06,0.0,2.5235162866010796e-06,0.0048836600035429,0.40666666626930237,0.0,32
structure_freeze,275,0.2,1.8166332665714435e-05,1.6151061572600156e-05,1.0,7.106551038305042e-06,0.0,2.2314700345305027e-06,0.004772660322487354,0.40666666626930237,0.0,2.4886754545150325e-05,2.2214531782083213e-05,1.0,9.712161045172252e-06,0.0,2.505283873688313e-06,0.0048836600035429,0.40666666626930237,0.0,32
structure_freeze,300,0.2,1.8048638594336808e-05,1.606328623893205e-05,1.0,6.98687426847755e-06,0.0,2.1587916307908017e-06,0.004772660322487354,0.40666666626930237,0.0,2.4635519366711378e-05,2.2017271476215683e-05,1.0,9.496262464381289e-06,0.0,2.48989499596064e-06,0.0048836600035429,0.40666666626930237,0.0,32
structure_freeze,325,0.2,1.7955369912669994e-05,1.5994573914213106e-05,1.0,6.888650204928126e-06,0.0,2.1050382201792672e-06,0.004772660322487354,0.40666666626930237,0.0,2.4418295652139932e-05,2.184613731515128e-05,1.0,9.3118997028796e-06,0.0,2.475952442182461e-06,0.0048836600035429,0.40666666626930237,0.0,32
structure_freeze,350,0.2,1.788033296179492e-05,1.5939864169922657e-05,1.0,6.80734319757903e-06,0.0,2.0650036276492756e-06,0.004772660322487354,0.40666666626930237,0.0,2.4231092538684607e-05,2.1698391719837673e-05,1.0,9.15407326829154e-06,0.0,2.463399596308591e-06,0.0048836600035429,0.40666666626930237,0.0,32
structure_freeze,375,0.2,1.7819244021666236e-05,1.5895751857897267e-05,1.0,6.7394389589026105e-06,0.0,2.03464446713042e-06,0.004772660322487354,0.40666666626930237,0.0,2.4069237042567693e-05,2.157050221285317e-05,1.0,9.01820749277249e-06,0.0,2.4521978048142046e-06,0.0048836600035429,0.40666666626930237,0.0,32
structure_freeze,400,0.2,1.7768705220078118e-05,1.5859584891586564e-05,1.0,6.681949798803544e-06,0.0,2.011199967455468e-06,0.004772660322487354,0.40666666626930237,0.0,2.392913847870659e-05,2.1459873096318915e-05,1.0,8.900328793970402e-06,0.0,2.442029426674708e-06,0.0048836600035429,0.40666666626930237,0.0,32
structure_freeze,425,0.2,1.7726109945215285e-05,1.5829291442059912e-05,1.0,6.632737949985312e-06,0.0,1.9926037566619925e-06,0.004772660322487354,0.40666666626930237,0.0,2.3807398974895477e-05,2.1363808627938852e-05,1.0,8.797630471235607e-06,0.0,2.4326902803295525e-06,0.0048836600035429,0.40666666626930237,0.0,32
structure_freeze,450,0.2,1.768954643921461e-05,1.5803381756995805e-05,1.0,6.590123575733742e-06,0.0,1.977411784537253e-06,0.004772660322487354,0.40666666626930237,0.0,2.370088259340264e-05,2.1279931388562545e-05,1.0,8.707070264790673e-06,0.0,2.4242951894848375e-06,0.0048836600035429,0.40666666626930237,0.0,32
structure_freeze,475,0.2,1.7657477656030096e-05,1.578062801854685e-05,1.0,6.5528670347703155e-06,0.0,1.964697958101169e-06,0.004772660322487354,0.40666666626930237,0.0,2.3607362891198136e-05,2.120649332937319e-05,1.0,8.626748240203597e-06,0.0,2.41644511334016e-06,0.0048836600035429,0.40666666626930237,0.0,32
structure_freeze,500,0.2,1.762891588441562e-05,1.5760295354994014e-05,1.0,6.519946509797592e-06,0.0,1.9536873878678307e-06,0.004772660322487354,0.40666666626930237,0.0,2.3525044525740668e-05,2.1142157493159175e-05,1.0,8.55481812322978e-06,0.0,2.4090261376841227e-06,0.0048836600035429,0.40666666626930237,0.0,32
structure_freeze,525,0.2,1.7603053493076004e-05,1.5741787137812935e-05,1.0,6.49053572487901e-06,0.0,1.9439225980022456e-06,0.004772660322487354,0.40666666626930237,0.0,2.345219036214985e-05,2.1085472326376475e-05,1.0,8.490139407513198e-06,0.0,2.4019220745685743e-06,0.0048836600035429,0.40666666626930237,0.0,32
structure_freeze,550,0.2,1.7579188352101482e-05,1.5724606782896444e-05,1.0,6.463790214183973e-06,0.0,1.9351514310983475e-06,0.004772660322487354,0.40666666626930237,0.0,2.3385540771414526e-05,2.1033603843534365e-05,1.0,8.431017704424448e-06,0.0,2.395043793512741e-06,0.0048836600035429,0.40666666626930237,0.0,32
structure_freeze,575,0.2,1.75572422449477e-05,1.5708612409071065e-05,1.0,6.439989647333277e-06,0.0,1.9271606106485706e-06,0.004772660322487354,0.40666666626930237,0.0,2.3326874725171365e-05,2.0988481992390007e-05,1.0,8.376835467061028e-06,0.0,2.388593429714092e-06,0.0048836600035429,0.40666666626930237,0.0,32
structure_freeze,600,0.2,1.7536554878461175e-05,1.5693407476646826e-05,1.0,6.41805536361062e-06,0.0,1.9196561424905667e-06,0.004772660322487354,0.40666666626930237,0.0,2.32732854783535e-05,2.09475929295877e-05,1.0,8.326039278472308e-06,0.0,2.382401135037071e-06,0.0048836600035429,0.40666666626930237,0.0,32
structure_freeze,625,0.2,1.751708987285383e-05,1.567894287290983e-05,1.0,6.3980537561292294e-06,0.0,1.9127526229567593e-06,0.004772660322487354,0.40666666626930237,0.0,2.32242946367478e-05,2.091044189000968e-05,1.0,8.278681889350992e-06,0.0,2.3764978323015384e-06,0.0048836600035429,0.40666666626930237,0.0,32
structure_freeze,650,0.2,1.749874536471907e-05,1.566520040796604e-05,1.0,6.379644673870644e-06,0.0,1.906323632283602e-06,0.004772660322487354,0.40666666626930237,0.0,2.3178728952188976e-05,2.0875899281236343e-05,1.0,8.234587767219637e-06,0.0,2.370751190028386e-06,0.0048836600035429,0.40666666626930237,0.0,32
structure_freeze,675,0.2,1.748122122080531e-05,1.5651890862500295e-05,1.0,6.362786280078581e-06,0.0,1.9002752651431365e-06,0.004772660322487354,0.40666666626930237,0.0,2.313776349183172e-05,2.0845463950536214e-05,1.0,8.192466339096427e-06,0.0,2.365569798712386e-06,0.0048836600035429,0.40666666626930237,0.0,32
structure_freeze,700,0.2,1.74644919752609e-05,1.563907972013112e-05,1.0,6.347112503135577e-06,0.0,1.8945981992146699e-06,0.004772660322487354,0.40666666626930237,0.0,2.3098156816558912e-05,2.0815890820813365e-05,1.0,8.152334885380697e-06,0.0,2.3604823127243435e-06,0.0048836600035429,0.40666666626930237,0.0,32
structure_freeze,725,0.2,1.744857036101166e-05,1.562681245559361e-05,1.0,6.33249919701484e-06,0.0,1.8893078959081322e-06,0.004772660322487354,0.40666666626930237,0.0,2.3061382307787426e-05,2.0788778783753514e-05,1.0,8.113684089039452e-06,0.0,2.3558573047921527e-06,0.0048836600035429,0.40666666626930237,0.0,32
structure_freeze,750,0.2,1.74334054463543e-05,1.561501449032221e-05,1.0,6.319030944723636e-06,0.0,1.8843463749362854e-06,0.004772660322487354,0.40666666626930237,0.0,2.3025970222079195e-05,2.076277269225102e-05,1.0,8.076058293227106e-06,0.0,2.3513932774221757e-06,0.0048836600035429,0.40666666626930237,0.0,32
structure_freeze,775,0.2,1.7418853531125933e-05,1.56036203406984e-05,1.0,6.306402156042168e-06,0.0,1.8797555867422489e-06,0.004772660322487354,0.40666666626930237,0.0,2.299285915796645e-05,2.0738707462442107e-05,1.0,8.03987404651707e-06,0.0,2.3473660348827252e-06,0.0048836600035429,0.40666666626930237,0.0,32
structure_freeze,800,0.2,1.7404880054527894e-05,1.5592573618050665e-05,1.0,6.294695140240947e-06,0.0,1.8754199118120596e-06,0.004772660322487354,0.40666666626930237,0.0,2.296115599165205e-05,2.07157736440422e-05,1.0,8.004799383343197e-06,0.0,2.3437132767867297e-06,0.0048836600035429,0.40666666626930237,0.0,32
structure_freeze,825,0.2,1.7391526853316464e-05,1.5581970728817396e-05,1.0,6.283694801823003e-06,0.0,1.8714043790168944e-06,0.004772660322487354,0.40666666626930237,0.0,2.293023317179177e-05,2.0693567421403714e-05,1.0,7.969928446982522e-06,0.0,2.340335413464345e-06,0.0048836600035429,0.40666666626930237,0.0,32
structure_freeze,850,0.2,1.73787211679155e-05,1.5571755284327082e-05,1.0,6.273330200201599e-06,0.0,1.8676247464100015e-06,0.004772660322487354,0.40666666626930237,0.0,2.2900678231962956e-05,2.067241985059809e-05,1.0,7.936303518363275e-06,0.0,2.3371844690700527e-06,0.0048836600035429,0.40666666626930237,0.0,32
structure_freeze,875,0.2,1.736636841087602e-05,1.5561829059151933e-05,1.0,6.263622253754875e-06,0.0,1.8641093220139737e-06,0.004772660322487354,0.40666666626930237,0.0,2.2871283363201655e-05,2.065138687612489e-05,1.0,7.902850484242663e-06,0.0,2.334255441382993e-06,0.0048836600035429,0.40666666626930237,0.0,32
structure_freeze,900,0.2,1.7354546798742376e-05,1.5552279364783317e-05,1.0,6.254536856431514e-06,0.0,1.8608263872010866e-06,0.004772660322487354,0.40666666626930237,0.0,2.2843252736493014e-05,2.0631579900509678e-05,1.0,7.869959517847747e-06,0.0,2.331694076929125e-06,0.0048836600035429,0.40666666626930237,0.0,32
structure_freeze,925,0.2,1.7343132640235126e-05,1.5543022527708672e-05,1.0,6.245910753932549e-06,0.0,1.8577427454147255e-06,0.004772660322487354,0.40666666626930237,0.0,2.2816258933744393e-05,2.061260056507308e-05,1.0,7.837898920115549e-06,0.0,2.3293746380659286e-06,0.0048836600035429,0.40666666626930237,0.0,32
structure_freeze,950,0.2,1.733211138343904e-05,1.553404399601277e-05,1.0,6.237737125047715e-06,0.0,1.854861011452158e-06,0.004772660322487354,0.40666666626930237,0.0,2.2788808564655483e-05,2.0593273802660406e-05,1.0,7.805405402905308e-06,0.0,2.327158654225059e-06,0.0048836600035429,0.40666666626930237,0.0,32
structure_freeze,975,0.2,1.732151213218458e-05,1.552538014948368e-05,1.0,6.229997325135628e-06,0.0,1.8521407127991552e-06,0.004772660322487354,0.40666666626930237,0.0,2.276259874633979e-05,2.0574898371705785e-05,1.0,7.774069672450423e-06,0.0,2.3252543996932218e-06,0.0048836600035429,0.40666666626930237,0.0,32
structure_freeze,1000,0.2,1.7311322153545916e-05,1.5517029169132002e-05,1.0,6.222641331987688e-06,0.0,1.8496139091439545e-06,0.004772660322487354,0.40666666626930237,0.0,2.2736652681487612e-05,2.0556739400490187e-05,1.0,7.742920388409402e-06,0.0,2.3234792934090365e-06,0.0048836600035429,0.40666666626930237,0.0,32
structure_freeze,1025,0.2,1.7301512343692593e-05,1.550896377011668e-05,1.0,6.215660960151581e-06,0.0,1.8472696865501348e-06,0.004772660322487354,0.40666666626930237,0.0,2.2711059500579722e-05,2.053884782071691e-05,1.0,7.712118531344458e-06,0.0,2.3217437501443783e-06,0.0048836600035429,0.40666666626930237,0.0,32
structure_freeze,1050,0.2,1.729188261379022e-05,1.550099295855034e-05,1.0,6.209025741554797e-06,0.0,1.844973667175509e-06,0.004772660322487354,0.40666666626930237,0.0,2.268605021527037e-05,2.0521525584626943e-05,1.0,7.681366696488112e-06,0.0,2.3202976535685593e-06,0.0048836600035429,0.40666666626930237,0.0,32
structure_freeze,1075,0.2,1.728267852740828e-05,1.5493365935981274e-05,1.0,6.202718850545352e-06,0.0,1.842825554376759e-06,0.004772660322487354,0.40666666626930237,0.0,2.266120100102853e-05,2.050430339295417e-05,1.0,7.650859515706543e-06,0.0,2.318911811016733e-06,0.0048836600035429,0.40666666626930237,0.0,32
structure_freeze,1100,0.2,1.7273761841352098e-05,1.5485962649108842e-05,1.0,6.196665708557703e-06,0.0,1.8408172763884068e-06,0.004772660322487354,0.40666666626930237,0.0,2.2636846551904455e-05,2.048735404969193e-05,1.0,7.621236363775097e-06,0.0,2.317618736924487e-06,0.0048836600035429,0.40666666626930237,0.0,32
structure_freeze,1125,0.2,1.7265079804928973e-05,1.5478724890272133e-05,1.0,6.190887688717339e-06,0.0,1.8388566331850598e-06,0.004772660322487354,0.40666666626930237,0.0,2.2612453904002905e-05,2.047055386356078e-05,1.0,7.590871064167004e-06,0.0,2.316466407137341e-06,0.0048836600035429,0.40666666626930237,0.0,32
structure_freeze,1150,0.2,1.7256646970054135e-05,1.5471701772185043e-05,1.0,6.1852510953031015e-06,0.0,1.8370252519162023e-06,0.004772660322487354,0.40666666626930237,0.0,2.2588696083403192e-05,2.0454001059988514e-05,1.0,7.562046448583715e-06,0.0,2.315406163688749e-06,0.0048836600035429,0.40666666626930237,0.0,32
structure_freeze,1175,0.2,1.7248506992473267e-05,1.54649078467628e-05,1.0,6.179864612931851e-06,0.0,1.8352127426624065e-06,0.004772660322487354,0.40666666626930237,0.0,2.2564909158973023e-05,2.0437493731151335e-05,1.0,7.5329285209591035e-06,0.0,2.3143434191297274e-06,0.0048836600035429,0.40666666626930237,0.0,32
structure_freeze,1200,0.2,1.724061439745128e-05,1.545830127724912e-05,1.0,6.174721875140676e-06,0.0,1.8335184677198413e-06,0.004772660322487354,0.40666666626930237,0.0,2.2541507860296406e-05,2.0421361114131287e-05,1.0,7.503856977564283e-06,0.0,2.313311597390566e-06,0.0048836600035429,0.40666666626930237,0.0,32
structure_freeze,1225,0.2,1.7232905520359054e-05,1.545185841678176e-05,1.0,6.1696541706623975e-06,0.0,1.831916506489506e-06,0.004772660322487354,0.40666666626930237,0.0,2.251923615403939e-05,2.0405943359946832e-05,1.0,7.476440259779338e-06,0.0,2.3123998289520387e-06,0.0048836600035429,0.40666666626930237,0.0,32
structure_freeze,1250,0.2,1.722914748825133e-05,1.544402039144188e-05,1.0,6.185979145811871e-06,0.0,1.8281212987858453e-06,0.004772660322487354,0.40666666626930237,0.0,2.2446287402999587e-05,2.037879494309891e-05,1.0,7.293236649275059e-06,0.0,2.3323273126152344e-06,0.0048836600035429,0.40666666626930237,0.0,32
structure_freeze,1275,0.2,1.7992710127145983e-05,1.6009265891625546e-05,1.0,6.979244517424377e-06,0.0,2.492085059202509e-06,0.004772660322487354,0.40666666626930237,0.0,2.2551676011062227e-05,2.0450072042876855e-05,1.0,7.4296876846347e-06,0.0,2.312949391125585e-06,0.0048836600035429,0.40666666626930237,0.0,32
structure_freeze,1300,0.2,1.7361990103381686e-05,1.5547224393230863e-05,1.0,6.304528596956516e-06,0.0,1.969181312233559e-06,0.004772660322487354,0.40666666626930237,0.0,2.230615064036101e-05,2.02220708160894e-05,1.0,7.3595861067587975e-06,0.0,2.6439802240929566e-06,0.0048836600035429,0.40666666626930237,0.0,32
structure_freeze,1325,0.2,1.72237978404155e-05,1.544720544188749e-05,1.0,6.151838078949368e-06,0.0,1.8612666963235824e-06,0.004772660322487354,0.40666666626930237,0.0,2.2548463675775565e-05,2.0416158804437146e-05,1.0,7.552488568762783e-06,0.0,2.3064835659170058e-06,0.0048836600035429,0.40666666626930237,0.0,32
structure_freeze,1350,0.2,1.719807733024936e-05,1.5422470823978074e-05,1.0,6.147894055175129e-06,0.0,1.8227268583359546e-06,0.004772660322487354,0.40666666626930237,0.0,2.239051173091866e-05,2.031256735790521e-05,1.0,7.335043846978806e-06,0.0,2.312859578523785e-06,0.0048836600035429,0.40666666626930237,0.0,32
structure_freeze,1375,0.2,1.7191538063343614e-05,1.5416679161717184e-05,1.0,6.144900453364244e-06,0.0,1.8220887341158232e-06,0.004772660322487354,0.40666666626930237,0.0,2.238433989987243e-05,2.031324584095273e-05,1.0,7.307646683329949e-06,0.0,2.3094664811651455e-06,0.0048836600035429,0.40666666626930237,0.0,32
structure_freeze,1400,0.2,1.718522617011331e-05,1.541173151053954e-05,1.0,6.139448487374466e-06,0.0,1.821547698455106e-06,0.004772660322487354,0.40666666626930237,0.0,2.2373817046172917e-05,2.030643736361526e-05,1.0,7.2927855399029795e-06,0.0,2.3071590931067476e-06,0.0048836600035429,0.40666666626930237,0.0,32
structure_freeze,1425,0.2,1.717905979603529e-05,1.540651464893017e-05,1.0,6.135648163763108e-06,0.0,1.8202080127593945e-06,0.004772660322487354,0.40666666626930237,0.0,2.2353926397045143e-05,2.0292462068027817e-05,1.0,7.269124125741655e-06,0.0,2.3064449123921804e-06,0.0048836600035429,0.40666666626930237,0.0,32
structure_freeze,1450,0.2,1.7206881238962524e-05,1.542549034638796e-05,1.0,6.1710320551355835e-06,0.0,1.8428567045702948e-06,0.004772660322487354,0.40666666626930237,0.0,2.2208296286407858e-05,2.0190873328829184e-05,1.0,7.092957730492344e-06,0.0,2.4025002858252265e-06,0.0048836600035429,0.40666666626930237,0.0,32
structure_freeze,1475,0.2,1.9065517335548066e-05,1.6935673556872644e-05,1.0,7.5648390520655084e-06,0.0,4.197173893771833e-06,0.004772660322487354,0.40666666626930237,0.0,2.6545591026660986e-05,2.362969098612666e-05,1.0,1.0686866517062299e-05,0.0,5.2452264753810596e-06,0.0048836600035429,0.40666666626930237,0.0,32
structure_freeze,1500,0.2,1.7203685274580494e-05,1.5422197975567542e-05,1.0,6.171415861899732e-06,0.0,1.8476528111932566e-06,0.004772660322487354,0.40666666626930237,0.0,2.2335409084917046e-05,2.028173730650451e-05,1.0,7.237951649585739e-06,0.0,2.301856966369087e-06,0.0048836600035429,0.40666666626930237,0.0,32
structure_freeze,1525,0.2,1.7159132767119445e-05,1.5388561223517172e-05,1.0,6.127752385509666e-06,0.0,1.81322650405491e-06,0.004772660322487354,0.40666666626930237,0.0,2.2192505639395677e-05,2.0173160010017455e-05,1.0,7.100649781932589e-06,0.0,2.327506081201136e-06,0.0048836600035429,0.40666666626930237,0.0,32
structure_freeze,1550,0.2,1.7150774510810152e-05,1.5382351193693466e-05,1.0,6.119160389062017e-06,0.0,1.8125815586245153e-06,0.004772660322487354,0.40666666626930237,0.0,2.2265538063948043e-05,2.023280831053853e-05,1.0,7.154184004320996e-06,0.0,2.30316163651878e-06,0.0048836600035429,0.40666666626930237,0.0,32
structure_freeze,1575,0.2,1.714545942377299e-05,1.5378036550828256e-05,1.0,6.115158612374216e-06,0.0,1.8124703728972236e-06,0.004772660322487354,0.40666666626930237,0.0,2.224664785899222e-05,2.0219571524648927e-05,1.0,7.131570328056114e-06,0.0,2.3026082089927513e-06,0.0048836600035429,0.40666666626930237,0.0,32
structure_freeze,1600,0.2,1.7140209820354357e-05,1.5373418136732653e-05,1.0,6.112635219324147e-06,0.0,1.810483013287012e-06,0.004772660322487354,0.40666666626930237,0.0,2.2219655875233002e-05,2.020015563175548e-05,1.0,7.101266874087742e-06,0.0,2.3029078874969855e-06,0.0048836600035429,0.40666666626930237,0.0,32
structure_freeze,1625,0.2,1.7135171219706535e-05,1.5369196262327023e-05,1.0,6.109369678597432e-06,0.0,1.809580112421827e-06,0.004772660322487354,0.40666666626930237,0.0,2.220463466073852e-05,2.0190047507639974e-05,1.0,7.081614057824481e-06,0.0,2.302055463587749e-06,0.0048836600035429,0.40666666626930237,0.0,32
structure_freeze,1650,0.2,1.7130165360867977e-05,1.5364905266324058e-05,1.0,6.106507953518303e-06,0.0,1.8081633470501401e-06,0.004772660322487354,0.40666666626930237,0.0,2.2185102352523245e-05,2.017632323259022e-05,1.0,7.058386017888552e-06,0.0,2.3017526018520584e-06,0.0048836600035429,0.40666666626930237,0.0,32
structure_freeze,1675,0.2,1.7218135326402262e-05,1.5439625713042915e-05,1.0,6.1595046645379625e-06,0.0,1.9401250028749928e-06,0.004772660322487354,0.40666666626930237,0.0,2.2696880478179082e-05,2.0583378500305116e-05,1.0,7.4772742664208636e-06,0.0,2.455746880514198e-06,0.0048836600035429,0.40666666626930237,0.0,32
structure_freeze,1700,0.2,1.7149764971691184e-05,1.537716161692515e-05,1.0,6.135880994406762e-06,0.0,1.8555224414740223e-06,0.004772660322487354,0.40666666626930237,0.0,2.478343594702892e-05,2.2374999389285222e-05,1.0,8.657015314383898e-06,0.0,3.6691903915198054e-06,0.0048836600035429,0.40666666626930237,0.0,32
structure_freeze,1725,0.2,1.7149252016679384e-05,1.5380821423605084e-05,1.0,6.119188128650421e-06,0.0,1.8542765474194312e-06,0.004772660322487354,0.40666666626930237,0.0,2.2767315385863185e-05,2.0687642972916365e-05,1.0,7.341958280449035e-06,0.0,2.457042228343198e-06,0.0048836600035429,0.40666666626930237,0.0,32
structure_freeze,1750,0.2,1.7111666238633916e-05,1.5349134628195316e-05,1.0,6.095596745581133e-06,0.0,1.802393398975255e-06,0.004772660322487354,0.40666666626930237,0.0,2.220203350589145e-05,2.020340434683021e-05,1.0,7.017785719654057e-06,0.0,2.3015793431113707e-06,0.0048836600035429,0.40666666626930237,0.0,32
structure_freeze,1775,0.2,1.710843571345322e-05,1.5345842257374898e-05,1.0,6.095842763897963e-06,0.0,1.8010513258559513e-06,0.004772660322487354,0.40666666626930237,0.0,2.206476710853167e-05,2.0084911739104427e-05,1.0,6.942692380107474e-06,0.0,2.301128006365616e-06,0.0048836600035429,0.40666666626930237,0.0,32
structure_freeze,1800,0.2,1.710289689071942e-05,1.534173497930169e-05,1.0,6.090117494750302e-06,0.0,1.801761641218036e-06,0.004772660322487354,0.40666666626930237,0.0,2.210361162724439e-05,2.012316144828219e-05,1.0,6.945069799257908e-06,0.0,2.298221488672425e-06,0.0048836600035429,0.40666666626930237,0.0,32
structure_freeze,1825,0.2,1.7098611351684667e-05,1.533796421426814e-05,1.0,6.088057489250787e-06,0.0,1.799808728719654e-06,0.004772660322487354,0.40666666626930237,0.0,2.2075420929468237e-05,2.0101027985219844e-05,1.0,6.920841769897379e-06,0.0,2.297898845426971e-06,0.0048836600035429,0.40666666626930237,0.0,32
structure_freeze,1850,0.2,1.7094407667173073e-05,1.533434806333389e-05,1.0,6.085708264436107e-06,0.0,1.798682433218346e-06,0.004772660322487354,0.40666666626930237,0.0,2.2062815332901664e-05,2.0092729755560867e-05,1.0,6.903612302266993e-06,0.0,2.297377704962855e-06,0.0048836600035429,0.40666666626930237,0.0,32
structure_freeze,1875,0.2,1.7090311303036287e-05,1.533085924165789e-05,1.0,6.083279004087672e-06,0.0,1.797527488633932e-06,0.004772660322487354,0.40666666626930237,0.0,2.204865450039506e-05,2.0083001800230704e-05,1.0,6.885876246087719e-06,0.0,2.296833827131195e-06,0.0048836600035429,0.40666666626930237,0.0,32
structure_freeze,1900,0.2,1.7086400475818664e-05,1.532752503408119e-05,1.0,6.080971161281923e-06,0.0,1.7964456446861732e-06,0.004772660322487354,0.40666666626930237,0.0,2.203479925810825e-05,2.0073466657777317e-05,1.0,6.8685981204907876e-06,0.0,2.296377260790905e-06,0.0048836600035429,0.40666666626930237,0.0,32
structure_freeze,1925,0.2,1.7082435078918934e-05,1.5324096239055507e-05,1.0,6.0788215705542825e-06,0.0,1.7951698509932612e-06,0.004772660322487354,0.40666666626930237,0.0,2.201722418249119e-05,2.0060517272213474e-05,1.0,6.850096269772621e-06,0.0,2.295865215273807e-06,0.0048836600035429,0.40666666626930237,0.0,32
structure_freeze,1950,0.2,1.937254455697257e-05,1.717203122097999e-05,1.0,7.84752319304971e-06,0.0,4.3921140786551405e-06,0.004772660322487354,0.40666666626930237,0.0,2.8653570552705787e-05,2.5623256078688428e-05,1.0,1.1144529707962647e-05,0.0,6.636887519562151e-06,0.0048836600035429,0.40666666626930237,0.0,32
structure_freeze,1975,0.2,1.7108850443037227e-05,1.5368808817584068e-05,1.0,6.00563180341851e-06,0.0,1.7999793726630742e-06,0.004772660322487354,0.40666666626930237,0.0,2.12011636904208e-05,1.9063209037994966e-05,1.0,7.575084964628331e-06,0.0,2.7466078336146893e-06,0.0048836600035429,0.40666666626930237,0.0,32
structure_freeze,2000,0.2,1.708894887997303e-05,1.5328942026826553e-05,1.0,6.085496806917945e-06,0.0,1.8171584770243498e-06,0.004772660322487354,0.40666666626930237,0.0,2.1744188416050747e-05,1.9768081983784214e-05,1.0,6.92769572196994e-06,0.0,2.2759195417165756e-06,0.0048836600035429,0.40666666626930237,0.0,32
structure_freeze,2025,0.2,1.708143281575758e-05,1.5321642422350124e-05,1.0,6.084625965740997e-06,0.0,1.8069060843117768e-06,0.004772660322487354,0.40666666626930237,0.0,2.2160336811793968e-05,2.0223556930432096e-05,1.0,6.770389973098645e-06,0.0,2.313412551302463e-06,0.0048836600035429,0.40666666626930237,0.0,32
structure_freeze,2050,0.2,1.70652328961296e-05,1.5309802620322444e-05,1.0,6.067190497560659e-06,0.0,1.7890097296913154e-06,0.004772660322487354,0.40666666626930237,0.0,2.193547879869584e-05,1.9996046830783598e-05,1.0,6.780995590816019e-06,0.0,2.2916194666322554e-06,0.0048836600035429,0.40666666626930237,0.0,32
structure_freeze,2075,0.2,1.706132934486959e-05,1.5305995475500822e-05,1.0,6.066799414838897e-06,0.0,1.7890955632537953e-06,0.004772660322487354,0.40666666626930237,0.0,2.1963502149446867e-05,2.0030343875987455e-05,1.0,6.7559008130047005e-06,0.0,2.2943208932701964e-06,0.0048836600035429,0.40666666626930237,0.0,32
structure_freeze,2100,0.2,1.7058007870218717e-05,1.5303181498893537e-05,1.0,6.0647707869065925e-06,0.0,1.7876292304208619e-06,0.004772660322487354,0.40666666626930237,0.0,2.1939174985163845e-05,2.0008910723845474e-05,1.0,6.744327038177289e-06,0.0,2.2928882117412286e-06,0.0048836600035429,0.40666666626930237,0.0,32
structure_freeze,2125,0.2,1.7054815543815494e-05,1.5300467566703446e-05,1.0,6.062858574296115e-06,0.0,1.7865680774775683e-06,0.004772660322487354,0.40666666626930237,0.0,2.1928299247520044e-05,2.00014856091002e-05,1.0,6.730522272846429e-06,0.0,2.2924909899302293e-06,0.0048836600035429,0.40666666626930237,0.0,32
structure_freeze,2150,0.2,1.705157592368778e-05,1.5297695426852442e-05,1.0,6.060990472178673e-06,0.0,1.7854625866675633e-06,0.004772660322487354,0.40666666626930237,0.0,2.1916566765867174e-05,1.99930218514055e-05,1.0,6.7174455580243375e-06,0.0,2.2920007722859737e-06,0.0048836600035429,0.40666666626930237,0.0,32
structure_freeze,2175,0.2,1.7048552763299085e-05,1.5295127013814636e-05,1.0,6.05916784479632e-06,0.0,1.7844685089585255e-06,0.004772660322487354,0.40666666626930237,0.0,2.1907611881033517e-05,1.9987372070318088e-05,1.0,6.704226507281419e-06,0.0,2.2917092792340554e-06,0.0048836600035429,0.40666666626930237,0.0,32
structure_freeze,2200,0.2,1.7048547306330875e-05,1.5294786862796172e-05,1.0,6.060512532712892e-06,0.0,1.7838837038652855e-06,0.004772660322487354,0.40666666626930237,0.0,2.1780952010885812e-05,1.986364077311009e-05,1.0,6.692513125017285e-06,0.0,2.288337782374583e-06,0.0048836600035429,0.40666666626930237,0.0,32
structure_freeze,2225,0.2,2.6968426027451642e-05,2.3214728571474552e-05,1.0,1.406025421601953e-05,0.0,9.435539141122717e-06,0.004772660322487354,0.40666666626930237,0.0,2.555122773628682e-05,2.175048393837642e-05,1.0,1.4226245184545405e-05,0.0,8.832942512526643e-06,0.0048836600035429,0.40666666626930237,0.0,32
structure_freeze,2250,0.2,1.7411879525752738e-05,1.5579824321321212e-05,1.0,6.373691121552838e-06,0.0,2.0711604520329274e-06,0.004772660322487354,0.40666666626930237,0.0,2.115765164489858e-05,1.9131681256112643e-05,1.0,7.127147455321392e-06,0.0,2.761235009529628e-06,0.0048836600035429,0.40666666626930237,0.0,32
structure_freeze,2275,0.2,1.7037840734701604e-05,1.5287108908523805e-05,1.0,6.0483971537905745e-06,0.0,1.7798153066905797e-06,0.004772660322487354,0.40666666626930237,0.0,2.162020609830506e-05,1.970197627088055e-05,1.0,6.69618839310715e-06,0.0,2.2861327124701347e-06,0.0048836600035429,0.40666666626930237,0.0,32
structure_freeze,2300,0.2,1.7038995792972855e-05,1.5286796042346396e-05,1.0,6.054265668353764e-06,0.0,1.7850924223239417e-06,0.004772660322487354,0.40666666626930237,0.0,2.1968184228171594e-05,2.0064433556399308e-05,1.0,6.638270406256197e-06,0.0,2.30035288950603e-06,0.0048836600035429,0.40666666626930237,0.0,32
structure_freeze,2325,0.2,1.703234556771349e-05,1.5281066225725226e-05,1.0,6.0505840338009875e-06,0.0,1.777885586307093e-06,0.004772660322487354,0.40666666626930237,0.0,2.1823203496751375e-05,1.9920742488466203e-05,1.0,6.633115390286548e-06,0.0,2.28794624490547e-06,0.0048836600035429,0.40666666626930237,0.0,32
structure_freeze,2350,0.2,1.702945701254066e-05,1.527882704976946e-05,1.0,6.047990154911531e-06,0.0,1.7773262470655027e-06,0.004772660322487354,0.40666666626930237,0.0,2.1849800759810023e-05,1.9949939087382518e-05,1.0,6.6227157731191255e-06,0.0,2.2898093448020518e-06,0.0048836600035429,0.40666666626930237,0.0,32
structure_freeze,2375,0.2,1.7026935893227346e-05,1.5276684280252084e-05,1.0,6.0464703892648686e-06,0.0,1.7763310324880877e-06,0.004772660322487354,0.40666666626930237,0.0,2.1837891836185008e-05,1.9940656784456223e-05,1.0,6.612210199818946e-06,0.0,2.289312305947533e-06,0.0048836600035429,0.40666666626930237,0.0,32
structure_freeze,2400,0.2,1.7024529370246455e-05,1.527462518424727e-05,1.0,6.0450847740867175e-06,0.0,1.77532297129801e-06,0.004772660322487354,0.40666666626930237,0.0,2.182850948884152e-05,1.9933726434828714e-05,1.0,6.602399935218273e-06,0.0,2.288903488079086e-06,0.0048836600035429,0.40666666626930237,0.0,32
structure_freeze,2425,0.2,1.702207009657286e-05,1.5272529708454385e-05,1.0,6.043630492058583e-06,0.0,1.7743624312061002e-06,0.004772660322487354,0.40666666626930237,0.0,2.1821490008733235e-05,1.9929188056266867e-05,1.0,6.592474164790474e-06,0.0,2.288629048052826e-06,0.0048836600035429,0.40666666626930237,0.0,32
structure_freeze,2450,0.2,1.7019754523062147e-05,1.527055246697273e-05,1.0,6.042277618689695e-06,0.0,1.773421217876603e-06,0.004772660322487354,0.40666666626930237,0.0,2.1815420041093603e-05,1.9925595552194864e-05,1.0,6.5825665842567105e-06,0.0,2.2885353700985434e-06,0.0048836600035429,0.40666666626930237,0.0,32
structure_freeze,2475,0.2,1.701920155028347e-05,1.526974119769875e-05,1.0,6.043310804670909e-06,0.0,1.7727813883539056e-06,0.004772660322487354,0.40666666626930237,0.0,2.1712725356337614e-05,1.9824465198325925e-05,1.0,6.576312443939969e-06,0.0,2.2833937691757455e-06,0.0048836600035429,0.40666666626930237,0.0,32
structure_freeze,2500,0.2,3.0107701604720205e-05,2.5721770725795068e-05,1.0,1.6589188817306422e-05,0.0,1.1865073247463442e-05,0.004772660322487354,0.40666666626930237,0.0,2.5974777599913068e-05,2.2120830180938356e-05,1.0,1.4439057849813253e-05,0.0,9.074025001609698e-06,0.0048836600035429,0.40666666626930237,0.0,32
structure_freeze,2525,0.2,1.7729931641952135e-05,1.5832967619644478e-05,1.0,6.633326393057359e-06,0.0,2.31938747674576e-06,0.004772660322487354,0.40666666626930237,0.0,2.1304278561729006e-05,1.9396977222641e-05,1.0,6.652474439761136e-06,0.0,2.3496463654737454e-06,0.0048836600035429,0.40666666626930237,0.0,32
structure_freeze,2550,0.2,1.7025318811647594e-05,1.52741795318434e-05,1.0,6.050026968296152e-06,0.0,1.777758143362007e-06,0.004772660322487354,0.40666666626930237,0.0,2.186145866289735e-05,1.9980185243184678e-05,1.0,6.548362762259785e-06,0.0,2.2942620034882566e-06,0.0048836600035429,0.40666666626930237,0.0,32
structure_freeze,2575,0.2,1.701184010016732e-05,1.5263325622072443e-05,1.0,6.039528216206236e-06,0.0,1.7696532950139954e-06,0.004772660322487354,0.40666666626930237,0.0,2.1755464331363328e-05,1.987618270504754e-05,1.0,6.540392860188149e-06,0.0,2.285416712766164e-06,0.0048836600035429,0.40666666626930237,0.0,32
structure_freeze,2600,0.2,1.7007327187457122e-05,1.525994775875006e-05,1.0,6.034983925928827e-06,0.0,1.7675573644737597e-06,0.004772660322487354,0.40666666626930237,0.0,2.1743613615399227e-05,1.9866054572048597e-05,1.0,6.533505711558973e-06,0.0,2.2848880689707585e-06,0.0048836600035429,0.40666666626930237,0.0,32
structure_freeze,2625,0.2,1.7005148038151674e-05,1.5258236999216024e-05,1.0,6.0331090026011225e-06,0.0,1.7669101453066105e-06,0.004772660322487354,0.40666666626930237,0.0,2.178107388317585e-05,1.9905615772586316e-05,1.0,6.525103799503995e-06,0.0,2.287809365952853e-06,0.0048836600035429,0.40666666626930237,0.0,32
structure_freeze,2650,0.2,1.700324355624616e-05,1.5256570804922376e-05,1.0,6.032159035385121e-06,0.0,1.765889805938059e-06,0.004772660322487354,0.40666666626930237,0.0,2.176406269427389e-05,1.9890516341547482e-05,1.0,6.5174522205779795e-06,0.0,2.286773678861209e-06,0.0048836600035429,0.40666666626930237,0.0,32
structure_freeze,2675,0.2,1.700135544524528e-05,1.5254984646162484e-05,1.0,6.03095304541057e-06,0.0,1.7650057770879357e-06,0.004772660322487354,0.40666666626930237,0.0,2.1760719391750172e-05,1.9888830138370395e-05,1.0,6.510823823191458e-06,0.0,2.2866693143441807e-06,0.0048836600035429,0.40666666626930237,0.0,32
structure_freeze,2700,0.2,1.6999501895043068e-05,1.5253440324158873e-05,1.0,6.029711130395299e-06,0.0,1.7641414160607383e-06,0.004772660322487354,0.40666666626930237,0.0,2.1756677597295493e-05,1.988652911677491e-05,1.0,6.503865279228194e-06,0.0,2.286605877088732e-06,0.0048836600035429,0.40666666626930237,0.0,32
structure_freeze,2725,0.2,1.6997681086650118e-05,1.5251883269229438e-05,1.0,6.028662028256804e-06,0.0,1.7632273738854565e-06,0.004772660322487354,0.40666666626930237,0.0,2.1752075554104522e-05,1.9883653294527903e-05,1.0,6.496954483736772e-06,0.0,2.286533572259941e-06,0.0048836600035429,0.40666666626930237,0.0,32
structure_freeze,2750,0.2,1.699596396065317e-05,1.5250462638505269e-05,1.0,6.027476047165692e-06,0.0,1.762352439982351e-06,0.004772660322487354,0.40666666626930237,0.0,2.1748064682469703e-05,1.9881121261278167e-05,1.0,6.491040494438494e-06,0.0,2.2863830508867977e-06,0.0048836600035429,0.40666666626930237,0.0,32
structure_freeze,2775,0.2,1.6994314137264155e-05,1.5248998352035414e-05,1.0,6.026733444741694e-06,0.0,1.7613973568586516e-06,0.004772660322487354,0.40666666626930237,0.0,2.172094718844164e-05,1.9855528080370277e-05,1.0,6.484943696705159e-06,0.0,2.284469246660592e-06,0.0048836600035429,0.40666666626930237,0.0,32
structure_freeze,2800,0.2,3.803605795837939e-05,3.210626164218411e-05,1.0,2.2764648747397587e-05,0.0,1.820065881474875e-05,0.004772660322487354,0.40666666626930237,0.0,5.623840479529463e-05,4.92863982799463e-05,1.0,2.6831290597328916e-05,0.0,2.2410418750951067e-05,0.0048836600035429,0.40666666626930237,0.0,32
structure_freeze,2825,0.2,1.7446149286115542e-05,1.560630335006863e-05,1.0,6.404852683772333e-06,0.0,2.1051687326689716e-06,0.004772660322487354,0.40666666626930237,0.0,2.198662878072355e-05,2.0130777556914836e-05,1.0,6.446675797633361e-06,0.0,2.3210604922496714e-06,0.0048836600035429,0.40666666626930237,0.0,32
structure_freeze,2850,0.2,1.704442547634244e-05,1.52879274537554e-05,1.0,6.071456937206676e-06,0.0,1.798932771635009e-06,0.004772660322487354,0.40666666626930237,0.0,2.1681142243323848e-05,1.981756395252887e-05,1.0,6.477579518104903e-06,0.0,2.2815115698904265e-06,0.0048836600035429,0.40666666626930237,0.0,32
structure_freeze,2875,0.2,1.6998028513626195e-05,1.5251286640705075e-05,1.0,6.032436886016512e-06,0.0,1.7649052779233898e-06,0.004772660322487354,0.40666666626930237,0.0,2.157972994609736e-05,1.9717153918463737e-05,1.0,6.473572739196243e-06,0.0,2.278703732372378e-06,0.0048836600035429,0.40666666626930237,0.0,32
structure_freeze,2900,0.2,1.6986736227408983e-05,1.5242754670907743e-05,1.0,6.021394710842287e-06,0.0,1.7575962374394294e-06,0.004772660322487354,0.40666666626930237,0.0,2.1737232600571588e-05,1.9879495084751397e-05,1.0,6.454216872953111e-06,0.0,2.287010602231021e-06,0.0048836600035429,0.40666666626930237,0.0,32
structure_freeze,2925,0.2,1.6984849935397506e-05,1.5241048458847217e-05,1.0,6.0206762100278866e-06,0.0,1.7562488210387528e-06,0.004772660322487354,0.40666666626930237,0.0,2.1712445231969468e-05,1.9855808204738423e-05,1.0,6.449817192333285e-06,0.0,2.2850392724649282e-06,0.0048836600035429,0.40666666626930237,0.0,32
structure_freeze,2950,0.2,1.6983300156425685e-05,1.5239801541611087e-05,1.0,6.019461579853669e-06,0.0,1.7554439182276838e-06,0.004772660322487354,0.40666666626930237,0.0,2.171959749830421e-05,1.9864140995196067e-05,1.0,6.4450919126102235e-06,0.0,2.285840992044541e-06,0.0048836600035429,0.40666666626930237,0.0,32
structure_freeze,2975,0.2,1.6981874068733305e-05,1.523861283203587e-05,1.0,6.0185134316270705e-06,0.0,1.7546095705256448e-06,0.004772660322487354,0.40666666626930237,0.0,2.1715146431233734e-05,1.986079769267235e-05,1.0,6.4406663113913964e-06,0.0,2.2856868326925905e-06,0.0048836600035429,0.40666666626930237,0.0,32
structure_freeze,3000,0.2,1.6980478903860785e-05,1.5237444131344091e-05,1.0,6.017609393893508e-06,0.0,1.7537856820126763e-06,0.004772660322487354,0.40666666626930237,0.0,2.1709292923333123e-05,1.9856084691127762e-05,1.0,6.436102012230549e-06,0.0,2.2851995709061157e-06,0.0048836600035429,0.40666666626930237,0.0,32
