task,model,fraction,seed,rmse_target,mae_target,r2_target,rmse_raw,mae_raw,medape_percent,p95ape_percent,param_count,train_time_s,wall_time_s,n_train,n_test
I_dark,dkan,0.01,42,0.18849177705494488,0.14283785107786076,-0.035862117513353775,1.434496858793706e-07,9.87486903337764e-08,24.354399233739557,122.29526892726184,952,1.8135364999761805,2.0983005000744015,16,720
I_dark,bkan,0.01,42,0.1674176272185082,0.13623739703411653,0.18281667148701175,1.1427732025754081e-07,8.911919693817195e-08,25.97752656409869,86.29224905301182,1664,1.4515427000587806,1.5903946999460459,16,720
I_dark,mlp_n,0.01,42,0.05061159586486249,0.03662764265472162,0.9253177839897081,3.0216831257468913e-08,2.2420575080759946e-08,5.746999972426648,24.252187221394877,769,0.2533753999741748,0.25700599991250783,16,720
I_dark,mlp_l,0.01,42,0.05416659140016148,0.03897200293453264,0.9144578528062525,3.118391639151364e-08,2.3718395707004985e-08,6.5632080443820895,24.26637484884862,2561,0.24939799995627254,0.2523269000230357,16,720
I_dark,dkan,0.01,43,6.9631729285146315,2.6007457743901647,-1412.616139106457,1800861211922087.8,180907227254246.66,35.44661699011484,5.51897257835635e+16,952,1.3220862000016496,1.3326685000211,16,720
I_dark,bkan,0.01,43,0.1897950950120284,0.1578841553262511,-0.05023648627102384,1.3218966346686864e-07,1.0209725833400911e-07,29.99881065522645,70.53774430458846,1664,1.424819500069134,1.5460519000189379,16,720
I_dark,mlp_n,0.01,43,0.05670789326745854,0.043621329894028844,0.9062429013226507,3.434340605008608e-08,2.6985951502521584e-08,8.032708398314917,25.773809825259036,769,0.2295406999764964,0.2318314000731334,16,720
I_dark,mlp_l,0.01,43,0.05881438796434502,0.04660737162414349,0.8991480506441266,5.106620290294429e-08,3.381151726244214e-08,8.786163739710215,28.464867320998927,2561,0.23789880005642772,0.2406609000172466,16,720
I_dark,dkan,0.01,44,0.17641318464227299,0.11953047445751103,0.09264087104661756,1.9627052381691371e-07,8.719520764226677e-08,17.79574115508173,81.28461414531894,952,1.2627297000726685,1.2723874999210238,16,720
I_dark,bkan,0.01,44,0.1611971493653389,0.1285763182067877,0.24241416147858086,1.053595405369864e-07,8.355044719095749e-08,23.793521172006695,97.41127128381922,1664,1.3988510000053793,1.538109700079076,16,720
I_dark,mlp_n,0.01,44,0.07722569066879123,0.05211188918658184,0.8261235617949809,3.999914385430615e-08,2.9557664196665593e-08,7.497543487707026,39.77731759990243,769,0.26052839995827526,0.26401939999777824,16,720
I_dark,mlp_l,0.01,44,0.06561529877935318,0.045561205751809435,0.8744758311251142,3.542481846620703e-08,2.655357769985091e-08,7.096883022819144,32.51089896128909,2561,0.2222053000004962,0.2245252999709919,16,720
I_dark,dkan,0.05,42,0.05383767737838619,0.03796882401874217,0.9154935682259566,3.31221537183637e-08,2.400908987659571e-08,6.22843398502911,24.47562041238433,952,1.8104177999775857,1.8225091000786051,84,720
I_dark,bkan,0.05,42,0.0687019505132104,0.04482074739448428,0.862388329286131,3.946247793124078e-08,2.7042271966282268e-08,6.165345320955478,39.83591428574229,1664,3.7264774999348447,3.8590987999923527,84,720
I_dark,mlp_n,0.05,42,0.02312527277181981,0.015482690467995466,0.9844083936538035,1.1920376147116889e-08,8.801681601205714e-09,2.2377386168163778,12.791837060693707,769,0.26070009998511523,0.2635461000027135,84,720
I_dark,mlp_l,0.05,42,0.019681866621495903,0.012523382552543373,0.9887059501109564,8.821784435625543e-09,6.5211506101008854e-09,1.6473032659264328,11.500350524190393,2561,0.26324759994167835,0.2657575999619439,84,720
I_dark,dkan,0.05,43,0.05560892757108146,0.03960696932553805,0.909841604866205,3.2351069745379393e-08,2.3985985875293684e-08,6.3303098011336925,28.576508994396452,952,1.893244400038384,1.9045318000717089,84,720
I_dark,bkan,0.05,43,0.10707805989926097,0.07941759390408,0.6657140523179153,6.58281641096982e-08,5.0430997797816137e-08,13.465720606627348,64.48769590203375,1664,3.9626753999618813,4.100155199994333,84,720
I_dark,mlp_n,0.05,43,0.022794105941898082,0.01636570886083159,0.9848517571848836,1.2211997786971124e-08,9.33045675902421e-09,2.5319352594569065,11.634245689511664,769,0.2734865000238642,0.27588990004733205,84,720
I_dark,mlp_l,0.05,43,0.0173753291976543,0.012002037612987583,0.9911979624647066,8.908531731019076e-09,6.7786370496015065e-09,1.7147510591676065,9.468370979303758,2561,0.3207623999333009,0.3237409999128431,84,720
I_dark,dkan,0.05,44,0.06133314156659209,0.042547901589802664,0.8903250225334552,3.390677321830076e-08,2.6040634070918876e-08,7.230561312476571,29.736100484165508,952,1.737140699988231,1.7501872000284493,84,720
I_dark,bkan,0.05,44,0.08989729672775815,0.05303820104674556,0.7643809515066297,3.907216880173987e-08,2.7899553930898018e-08,5.801135332259141,64.49621172757602,1664,3.7903054000344127,3.935016099945642,84,720
I_dark,mlp_n,0.05,44,0.01948934995862701,0.013030570782243655,0.9889258132974871,8.956145425542768e-09,6.8089136220298344e-09,1.7864058702366274,11.061980536361137,769,0.24989199999254197,0.25399300002027303,84,720
I_dark,mlp_l,0.05,44,0.018693885659428977,0.01288281124185363,0.9898113581307885,9.048638494358604e-09,6.934018020784092e-09,1.9708870434067127,10.25866309876963,2561,0.24938900000415742,0.2516115999314934,84,720
I_dark,dkan,0.1,42,0.04713535199945829,0.03173304384036547,0.935224519628186,3.10482903643617e-08,2.0520646944235393e-08,5.263087378037021,20.809065492479476,952,2.1419840999878943,2.150901799905114,168,720
I_dark,bkan,0.1,42,0.03750712284046969,0.02330838149076048,0.9589848187856308,1.9981034562630858e-08,1.3558103833133578e-08,3.3191068780461777,18.309927481880294,1664,7.0474468000466,7.173301699920557,168,720
I_dark,mlp_n,0.1,42,0.021400889331931256,0.014727506837114095,0.986646940769332,1.1330139576182444e-08,8.497357928108828e-09,2.1555312958424193,11.580192321320272,769,0.2438315999461338,0.24612460006028414,168,720
I_dark,mlp_l,0.1,42,0.017284272772774105,0.011869956702750139,0.9912899759113347,8.241958854944907e-09,6.524402222518456e-09,1.7824075682956684,9.450497717014835,2561,0.25166660000104457,0.2541205999441445,168,720
I_dark,dkan,0.1,43,0.03633577539746895,0.02422519092465656,0.961506624361939,1.981986665842111e-08,1.4558178187007382e-08,3.833262690223637,15.121371165702083,952,2.2162218000739813,2.2264318000525236,168,720
I_dark,bkan,0.1,43,0.05056164318016972,0.03161036955139025,0.9254651310994112,2.4081490822235055e-08,1.775063676922494e-08,4.311886886214079,29.96640621909397,1664,7.292670900002122,7.424296100041829,168,720
I_dark,mlp_n,0.1,43,0.019507221624094215,0.014301534418955254,0.9889054940047672,1.0218454379484758e-08,8.234518208623958e-09,2.30939630624128,10.745031852726381,769,0.24466009996831417,0.24668290000408888,168,720
I_dark,mlp_l,0.1,43,0.0157468357020913,0.011142414547318088,0.9927705755184754,7.744825452845664e-09,6.227053455453011e-09,1.716438901670891,8.372112381936688,2561,0.2695591999217868,0.2722508000442758,168,720
I_dark,dkan,0.1,44,0.05181672367255553,0.03713317641798731,0.9217188797720876,3.046461711183615e-08,2.3049290550817452e-08,6.427618968150192,27.13472971373346,952,2.484147800016217,2.496390199987218,168,720
I_dark,bkan,0.1,44,0.04779015809025595,0.026738084599376846,0.9334122918503326,1.925904099394096e-08,1.3851020179172157e-08,3.1583615353392833,27.497160919732266,1664,6.859729300020263,6.976946900016628,168,720
I_dark,mlp_n,0.1,44,0.021221641833054073,0.012110321896794273,0.9868696865439819,9.03752957900552e-09,6.0897391636357356e-09,1.4402219203044928,15.505221799936017,769,0.23357719997875392,0.23584009998012334,168,720
I_dark,mlp_l,0.1,44,0.02014842574975182,0.011981680185108257,0.9881641522099348,8.788490566465016e-09,6.128589091339808e-09,1.522396682272623,14.512640102733755,2561,0.24781829991843551,0.25006419990677387,168,720
I_dark,dkan,0.25,42,0.017375133068724433,0.010843927429279141,0.9911981611745486,9.450141110873407e-09,6.54376400860367e-09,1.6683173967694014,7.0615067829545355,952,2.7768161999993026,2.786388000007719,420,720
I_dark,bkan,0.25,42,0.013585920582893457,0.008241659341275477,0.9946185999779362,7.2100000144900335e-09,4.877044354535978e-09,1.2119575670759994,6.192134696447286,1664,15.724351100041531,15.866376999998465,420,720
I_dark,mlp_n,0.25,42,0.018671977438362724,0.012585529768947199,0.989835225209527,9.073617069159019e-09,6.997030158203433e-09,1.8312187948548457,12.001424705564256,769,0.2582136000273749,0.26073879993055016,420,720
I_dark,mlp_l,0.25,42,0.017782455980590497,0.011795052859670817,0.9907806433141667,8.191482859738906e-09,6.392246738886801e-09,1.7235051273580497,11.539484665381321,2561,0.2671557000139728,0.2696512999245897,420,720
I_dark,dkan,0.25,43,0.018580646675745462,0.011216092261389901,0.9899344205077425,8.341555156681627e-09,6.3087302774699754e-09,1.7136183664613447,7.770929818760353,952,2.7257419999223202,2.737142900004983,420,720
I_dark,bkan,0.25,43,0.016082673016826084,0.009113191450277364,0.9924589191418176,6.813256987179256e-09,5.105661243559127e-09,1.3697488126383304,6.171687522221849,1664,15.029050100012682,15.150605299975723,420,720
I_dark,mlp_n,0.25,43,0.019910353013154785,0.0135516484488004,0.9884422032361806,9.578028834488651e-09,7.640722961420753e-09,2.104730220146726,13.17447999947949,769,0.2518719000509009,0.2542044000001624,420,720
I_dark,mlp_l,0.25,43,0.01620300150021853,0.010816693661561013,0.9923456542172361,7.442089736009054e-09,5.9257372580508896e-09,1.5620233946550082,9.953767508386646,2561,0.282655099988915,0.28563010005746037,420,720
I_dark,dkan,0.25,44,0.026719045636510716,0.016327052746701983,0.9791858338736549,1.2616179095911585e-08,9.167895417513246e-09,2.2643711944147302,13.043534658078427,952,2.7091924999840558,2.7215088000521064,420,720
I_dark,bkan,0.25,44,0.01858146134971478,0.010586897913842201,0.9899335378317505,7.50057697230452e-09,5.627821325713325e-09,1.3806364449351425,7.477752781679958,1664,15.26422030001413,15.455614599981345,420,720
I_dark,mlp_n,0.25,44,0.018896864626032798,0.012153839690319608,0.9895888995490124,8.33167935851068e-09,6.257237943748996e-09,1.6831600205026653,12.891609666791219,769,0.2554251999827102,0.25799269997514784,420,720
I_dark,mlp_l,0.25,44,0.018351025571798976,0.01202878375951635,0.9901816657289988,8.295801039784333e-09,6.309579893050857e-09,1.7692514366356806,12.141081767325906,2561,0.2776857999851927,0.2803427999606356,420,720
I_dark,dkan,0.5,42,0.01372161498537459,0.008307653940112623,0.9945105656998987,7.1314676557948804e-09,4.849689966121589e-09,1.2077832284815955,5.147535247674154,952,2.8545583999948576,2.8669172000372782,840,720
I_dark,bkan,0.5,42,0.005871047251913511,0.004166485417619194,0.9989950411375341,4.812893069454127e-09,2.8493304527907277e-09,0.707617348207024,2.867147117047605,1664,29.389611699967645,29.524146000039764,840,720
I_dark,mlp_n,0.5,42,0.018367098335776762,0.012647827448168291,0.9901644594015573,8.970559449813154e-09,7.022994874301532e-09,1.979384921226967,11.722003583102726,769,0.28624619997572154,0.2887507000705227,840,720
I_dark,mlp_l,0.5,42,0.017186776892592168,0.011764011012182355,0.991387960529728,8.05040324641554e-09,6.3892718857439135e-09,1.7838086166204858,11.16773066472665,2561,0.27349469996988773,0.27632409997750074,840,720
I_dark,dkan,0.5,43,0.01354035070977729,0.008068819441687752,0.9946546400004195,6.103609123827997e-09,4.6322515746425886e-09,1.2688660005267056,5.422959556391799,952,2.6277474999660626,2.639363200054504,840,720
I_dark,bkan,0.5,43,0.007485358154205521,0.0038984787594890363,0.9983664128707588,3.4633635807184834e-09,2.261937757672746e-09,0.5418032664935026,2.4241707092153097,1664,29.037024300079793,29.16159010003321,840,720
I_dark,mlp_n,0.5,43,0.01942960137321561,0.013972338199446129,0.9889936095814849,9.622016137650946e-09,7.860079418268525e-09,2.3160062868418274,12.46852786952125,769,0.2657587000867352,0.2680277000181377,840,720
I_dark,mlp_l,0.5,43,0.0160290506543213,0.011246879903325378,0.992509121797926,7.574780148587422e-09,6.127142303647713e-09,1.6869297361734403,10.078096256301915,2561,0.2893257000250742,0.2918071000603959,840,720
I_dark,dkan,0.5,44,0.01526577581825797,0.007491663172877536,0.9932055408207188,6.042526953457608e-09,4.233254701106275e-09,1.0735329082453209,4.645799065824355,952,2.6843341999920085,2.6961488999659196,840,720
I_dark,bkan,0.5,44,0.009461748098837553,0.005282826073501083,0.9973898834751009,3.7714121758825535e-09,2.868194106014235e-09,0.7910060001837315,3.626975453243155,1664,29.619395500048995,29.738817899953574,840,720
I_dark,mlp_n,0.5,44,0.017914030360706316,0.012229649255893685,0.9906437084814466,8.196037670713824e-09,6.491047087693762e-09,1.8052773186895665,11.66932384051896,769,0.272983800037764,0.27556039998307824,840,720
I_dark,mlp_l,0.5,44,0.017278950316396195,0.01203285829268482,0.9912953393519727,8.072262696562718e-09,6.4343255401828e-09,1.8495758672840692,11.32124096646671,2561,0.28622959996573627,0.2884669000050053,840,720
I_dark,dkan,0.8,42,0.012203929380117197,0.0064771280959630105,0.995657733193398,4.8973897826710006e-09,3.5685908999921933e-09,0.9328808424814128,4.138646559399257,952,2.6766263000899926,2.692441000021063,1344,720
I_dark,bkan,0.8,42,0.0046133092975040825,0.0033158239347101308,0.9993794992962391,3.4724528414684166e-09,2.2513350837086248e-09,0.5226608195355285,2.363945778470227,1664,46.937897600000724,47.082095300080255,1344,720
I_dark,mlp_n,0.8,42,0.018405515621844684,0.012780280298900666,0.9901232716279378,8.9650737636188e-09,7.06532993414532e-09,1.9870370033957956,11.718297870870236,769,0.2928681999910623,0.2958995000226423,1344,720
I_dark,mlp_l,0.8,42,0.0171017783250352,0.011943015803127392,0.9914729329377624,8.172289088947007e-09,6.561856449813736e-09,1.857620982531485,10.679474419501922,2561,0.3146985999774188,0.3169986999128014,1344,720
I_dark,dkan,0.8,43,0.0106544022074457,0.005789212468859551,0.9966904015226047,4.646138371130972e-09,3.307622137894812e-09,0.8524709540083586,3.840327445457026,952,2.8655898000579327,2.8761172000085935,1344,720
I_dark,bkan,0.8,43,0.005874801426977822,0.003936682658897818,0.9989937555073646,2.9431329466650303e-09,2.2366317161890716e-09,0.5950910921698802,3.077881950557388,1664,43.91634319990408,44.05284749995917,1344,720
I_dark,mlp_n,0.8,43,0.01977335226357712,0.01399502501858135,0.9886007116397342,9.585545582203311e-09,7.777738152045127e-09,2.324572389949042,12.958320868983424,769,0.264138099970296,0.2667983000865206,1344,720
I_dark,mlp_l,0.8,43,0.016328866623521277,0.011366389651227977,0.992226274226257,7.643538105414194e-09,6.15457677917185e-09,1.6808319559739002,10.455171624537607,2561,0.3183549999957904,0.32053499994799495,1344,720
I_dark,dkan,0.8,44,0.015481055328459144,0.007676508850816774,0.9930125573145407,5.908994002146668e-09,4.1552806341302926e-09,1.0971844349101794,4.816602713290983,952,2.54147469997406,2.55194469995331,1344,720
I_dark,bkan,0.8,44,0.011318428456937054,0.006335276948857201,0.9962650104322437,4.504124325664833e-09,3.671372189083965e-09,1.1490972302858724,3.265360749616573,1664,43.38463640003465,43.50018819991965,1344,720
I_dark,mlp_n,0.8,44,0.017920366594550402,0.011937666519291968,0.9906370886271577,7.948808037418303e-09,6.27090129425947e-09,1.7087972344544755,11.819341756736641,769,0.24853679991792887,0.2508592000231147,1344,720
I_dark,mlp_l,0.8,44,0.017200672353913884,0.011855235507269461,0.9913740292803918,7.902579275264493e-09,6.335497357006209e-09,1.867980146849173,11.252953753729594,2561,0.2740967000136152,0.27601899998262525,1344,720
I_dark,dkan,1.0,42,0.012165165916577026,0.0059643119724328555,0.9956852741559002,4.752019457904084e-09,3.225354795038161e-09,0.7748093507234288,4.162848358484629,952,2.6049807999515906,2.6157026999862865,1680,720
I_dark,bkan,1.0,42,0.005112107546816417,0.003459400773587969,0.9992380664509627,2.626334218023315e-09,1.963988782146001e-09,0.49561902769404065,2.8443300391968243,1664,54.84269369998947,54.970968700014055,1680,720
I_dark,mlp_n,1.0,42,0.018404864792575863,0.01287379148042979,0.9901239701088048,9.010732470022946e-09,7.11093921280739e-09,1.9417672460047846,12.246121436428297,769,0.25178950000554323,0.2542452000780031,1680,720
I_dark,mlp_l,1.0,42,0.017004506234983664,0.01199129272994133,0.9915696581723615,8.201143037089653e-09,6.598991003983295e-09,1.9316306216303554,10.990036772938453,2561,0.31193299998994917,0.3141613999614492,1680,720
I_dark,dkan,1.0,43,0.010776660702900702,0.005095704429840902,0.9966140109278848,4.4488643029749315e-09,2.937889231819448e-09,0.7032158619012964,3.299905910390308,952,2.537725100060925,2.548838200047612,1680,720
I_dark,bkan,1.0,43,0.005152406644806835,0.0036919079867885674,0.9992260063523756,2.8135806995975513e-09,2.15732996086853e-09,0.5867575196220324,2.7398903038777616,1664,54.5642746000085,54.67669550003484,1680,720
I_dark,mlp_n,1.0,43,0.019559493655516392,0.013855002084406647,0.9888459561189821,9.587674603224739e-09,7.755536982466846e-09,2.3060232207568845,12.610895305779053,769,0.25696479994803667,0.25918029993772507,1680,720
I_dark,mlp_l,1.0,43,0.016270238792356843,0.01138117963691568,0.9922819962195767,7.719149248594969e-09,6.227702280957227e-09,1.6989285162823067,10.33319077884498,2561,0.3145918999798596,0.31681480002589524,1680,720
I_dark,dkan,1.0,44,0.014002059373253377,0.007967590537038726,0.9942838849317995,6.14979551166081e-09,4.535610109772725e-09,1.106533572252998,5.177071226968147,952,2.5483409999869764,2.557415899937041,1680,720
I_dark,bkan,1.0,44,0.005436364044755485,0.0037216491194068013,0.9991383434455737,3.017585990427568e-09,2.227955685511204e-09,0.5870183306728332,2.6189056070192436,1664,54.105501399957575,54.226829499937594,1680,720
I_dark,mlp_n,1.0,44,0.017602814932565217,0.012007976984828542,0.9909659731060538,7.944889353215692e-09,6.3588318252936746e-09,1.8237474882863418,11.271076698311742,769,0.2645548000000417,0.2667927999282256,1680,720
I_dark,mlp_l,1.0,44,0.01702481258447381,0.012006976519675833,0.9915495115500293,7.966483273865723e-09,6.463490267584044e-09,1.9118057839326221,10.938767585175304,2561,0.3042823999421671,0.306747299968265,1680,720
I_photo,dkan,0.01,42,0.023828857466986108,0.017698551240326103,-0.05519301723297598,2.7371166929012313e-05,2.0196058846917212e-05,3.141564823198482,12.049301549750485,952,1.228419200051576,1.2395868999883533,17,768
I_photo,bkan,0.01,42,0.021409137112236677,0.017894362930130137,0.1482271427502877,2.400472300156883e-05,2.0227240982495966e-05,3.8258989478083287,9.576509495094239,1664,1.2312355999602005,1.3580994999501854,17,768
I_photo,mlp_n,0.01,42,0.0077839967539717935,0.006121262601353652,0.8874019778781851,8.738104542564735e-06,6.92150312680095e-06,1.191518993522291,3.529122506928751,769,0.22317259991541505,0.22540550003759563,17,768
I_photo,mlp_l,0.01,42,0.00801954807609654,0.006298133981472365,0.8804842172780343,9.028757884456348e-06,7.120467804871096e-06,1.2337283924473375,3.6176378359710477,2561,0.22889660007786006,0.2313541000476107,17,768
I_photo,dkan,0.01,43,0.01963911895785475,0.01496023928707113,0.2832470798101052,2.1818764468354996e-05,1.686603557813806e-05,2.6683263996422344,9.752284568170989,952,1.2608982999809086,1.2718827999196947,17,768
I_photo,bkan,0.01,43,0.02290806356495045,0.017365274311582135,0.024780832491630322,2.5437476945204048e-05,1.9588905390230778e-05,3.0440693486675614,12.237260145405875,1664,1.2518392999190837,1.360509599908255,17,768
I_photo,mlp_n,0.01,43,0.0098784225222313,0.007689065924742258,0.818657054541711,1.1013961706483681e-05,8.674347166587767e-06,1.4032862237777743,4.578900345619192,769,0.21353229996748269,0.21571139991283417,17,768
I_photo,mlp_l,0.01,43,0.008802094386024202,0.006936882994582119,0.8560215439755352,9.843073757253022e-06,7.833217859630236e-06,1.275949455439115,3.939675872175945,2561,0.2199174000415951,0.2222611999604851,17,768
I_photo,dkan,0.01,44,0.022402245763930656,0.017015996657951695,0.0673717117446776,2.514641912006273e-05,1.9234710648316898e-05,3.1443149358123765,9.938483448898918,952,1.2400328000076115,1.251066599972546,17,768
I_photo,bkan,0.01,44,0.021425129396595084,0.01783217109034601,0.14695414596373513,2.4123185179784104e-05,2.0165614974317778e-05,3.703719160773069,9.343769192519021,1664,1.232097000000067,1.3607715000398457,17,768
I_photo,mlp_n,0.01,44,0.009812168588381414,0.007381545471355936,0.8210814077493783,1.0674108818824148e-05,8.22551636592569e-06,1.382478437771251,4.9100239943537325,769,0.20753139990847558,0.2099018000299111,17,768
I_photo,mlp_l,0.01,44,0.009122123756152758,0.006621980368093591,0.8453615851545668,9.825044432991772e-06,7.361753550540166e-06,1.1385929625131253,4.057253799580188,2561,0.23508650006260723,0.23783999995794147,17,768
I_photo,dkan,0.05,42,0.009009101187166984,0.006711933051561054,0.849169767979536,9.981915862782335e-06,7.546609696661768e-06,1.2063505382906676,4.327456808966067,952,1.6365042000543326,1.6473721000365913,89,768
I_photo,bkan,0.05,42,0.009681904892992884,0.007270175005071635,0.8258004238881216,1.0617536218345364e-05,8.140103971989623e-06,1.2932193352682395,4.910354802109743,1664,3.4641737999627367,3.583677800022997,89,768
I_photo,mlp_n,0.05,42,0.005631705376452899,0.004517757939408622,0.9410606526325065,6.2894302804489326e-06,5.096796149668825e-06,0.9580881771657597,2.427689611082705,769,0.2400374999269843,0.24231260002125055,89,768
I_photo,mlp_l,0.05,42,0.005548226745283298,0.004495136143041517,0.942795015454853,6.209048481630073e-06,5.076782174255856e-06,0.944127051776873,2.4670455341493724,2561,0.24458359996788204,0.2467439000029117,89,768
I_photo,dkan,0.05,43,0.0091637941413549,0.006953251849385326,0.8439455639719599,1.0199816669354548e-05,7.840350064713131e-06,1.2786243839082454,4.296500307973033,952,1.612041800050065,1.6217973999446258,89,768
I_photo,bkan,0.05,43,0.01101553069215641,0.008149826802755101,0.7745053100984004,1.2090166479106025e-05,9.131219073818329e-06,1.342628134799981,5.824450133141555,1664,3.3263670000014827,3.4458329000044614,89,768
I_photo,mlp_n,0.05,43,0.005263338548635431,0.004275286435858359,0.9485188688431226,5.9057651971758315e-06,4.83366835387535e-06,0.8588130413411702,2.4566044531602413,769,0.22308599995449185,0.22505410003941506,89,768
I_photo,mlp_l,0.05,43,0.005105362881452367,0.004141908227848017,0.9515628365220583,5.732278574751424e-06,4.686206572308131e-06,0.8510418629911785,2.313196354354465,2561,0.21751680003944784,0.22005330002866685,89,768
I_photo,dkan,0.05,44,0.008003993392113305,0.0056667364166499675,0.8809473923422037,8.889837646306815e-06,6.389830274046806e-06,0.9361436251084467,3.80336343733699,952,1.663866400020197,1.6740181000204757,89,768
I_photo,bkan,0.05,44,0.01021978156504217,0.0076506271910457965,0.8059075257639658,1.1294215354222077e-05,8.602156772364147e-06,1.342188859261964,5.0231979687033155,1664,3.356794400024228,3.4831008000764996,89,768
I_photo,mlp_n,0.05,44,0.005458195159838859,0.0042121063853454155,0.9446364934095564,6.102365415332386e-06,4.762877684102166e-06,0.7647128623584094,2.3960581820465605,769,0.236354099935852,0.2394950999878347,89,768
I_photo,mlp_l,0.05,44,0.005153913738289551,0.004040627877939158,0.9506372029278181,5.773353566275345e-06,4.572445749193086e-06,0.7484587519954594,2.3538098046823537,2561,0.24858220003079623,0.251011100015603,89,768
I_photo,dkan,0.1,42,0.005395197483519543,0.00403667149816726,0.9459071129063983,6.02859069520135e-06,4.555998510067653e-06,0.7179846338169271,2.4518473781687966,952,2.099788299994543,2.1094225000124425,179,768
I_photo,bkan,0.1,42,0.005001476225586627,0.003896175903709278,0.9535140311343462,5.624728946737714e-06,4.411533678265503e-06,0.7204187294874136,2.3705995816979164,1664,6.2233170999679714,6.3491844000527635,179,768
I_photo,mlp_n,0.1,42,0.005013602299484125,0.004116476775064818,0.9532883475145926,5.647549372330723e-06,4.66391318068681e-06,0.82872254541356,2.2336634344788764,769,0.25058350001927465,0.2529944999841973,179,768
I_photo,mlp_l,0.1,42,0.005001710327648935,0.004130841709426541,0.9535096793328482,5.636669995063907e-06,4.683086629912227e-06,0.8307577235348753,2.1887395634964073,2561,0.24256259994581342,0.24499949999153614,179,768
I_photo,dkan,0.1,43,0.007136078206470964,0.005217295501045178,0.9053665503846882,7.86152868735409e-06,5.8455979852556695e-06,0.8638490198865892,3.5033307022526956,952,2.2751615999732167,2.2852176999440417,179,768
I_photo,bkan,0.1,43,0.005413995072902992,0.0041236721320088675,0.9455295225607248,5.9808709964087315e-06,4.636309590725191e-06,0.77142204589878,2.543563835351257,1664,6.397062600008212,6.516037299996242,179,768
I_photo,mlp_n,0.1,43,0.004681248242241272,0.003893532584634952,0.9592761514674425,5.274892367288256e-06,4.412272443053077e-06,0.8020082420684658,2.110813068972674,769,0.21687949995975941,0.21900589996948838,179,768
I_photo,mlp_l,0.1,43,0.00463345928814539,0.0038719711870279414,0.960103373738712,5.234580851517981e-06,4.3940856532742036e-06,0.7975064544151818,2.0018381953403317,2561,0.23591759998816997,0.2379689000081271,179,768
I_photo,dkan,0.1,44,0.005688326679917081,0.004277761446150213,0.9398695395652463,6.4222604987658186e-06,4.840554681762461e-06,0.7339622136189633,2.7995296108367067,952,2.1912279999814928,2.20083510002587,179,768
I_photo,bkan,0.1,44,0.005214882215785803,0.0041326377209636245,0.9494624158856332,5.847128655467577e-06,4.6771920671562395e-06,0.794440481032354,2.4028139163638658,1664,6.2840276000788435,6.412505499902181,179,768
I_photo,mlp_n,0.1,44,0.004856301920192837,0.0039542720688041265,0.9561734960551672,5.489681046429378e-06,4.491842709980293e-06,0.8194966399865333,2.1328992011223216,769,0.23908750002738088,0.24129040003754199,179,768
I_photo,mlp_l,0.1,44,0.0047871098279988885,0.003934634151858956,0.9574134702372987,5.415908991912399e-06,4.468995001932842e-06,0.7954199431047868,2.099434246216711,2561,0.2741680999752134,0.2764380000298843,179,768
I_photo,dkan,0.25,42,0.0042252360848888185,0.0030332538388450903,0.9668237397001975,4.712701079772516e-06,3.417438968842138e-06,0.5310077583606254,1.907012719364914,952,2.594279400072992,2.604656200041063,448,768
I_photo,bkan,0.25,42,0.004122956405505955,0.003327040413675019,0.9684104852240288,4.674129938671245e-06,3.779239174072619e-06,0.6712171836173491,1.7750071021037988,1664,14.68035769998096,14.807935799937695,448,768
I_photo,mlp_n,0.25,42,0.004712718635596262,0.0038842127133387667,0.9587267666346843,5.306540099813674e-06,4.40252708414775e-06,0.8174453652159924,2.099934268564008,769,0.24174420000053942,0.24413720006123185,448,768
I_photo,mlp_l,0.25,42,0.004698320706385684,0.0038762384356255133,0.9589785709058495,5.299380457645136e-06,4.397162493209026e-06,0.8185501033418192,2.0766002419754677,2561,0.24667639995459467,0.24892980000004172,448,768
I_photo,dkan,0.25,43,0.004441096122201116,0.0032986163649572236,0.9633473132130875,4.906538286968477e-06,3.697197494467636e-06,0.5829069168809692,2.167834094653546,952,2.525463000056334,2.5378094000043347,448,768
I_photo,bkan,0.25,43,0.004282576868970759,0.003486621514738874,0.9659171578295173,4.838505454681806e-06,3.957180250997712e-06,0.6920321933152519,1.931698209781747,1664,14.530046400032006,14.66203830006998,448,768
I_photo,mlp_n,0.25,43,0.004634228298594008,0.0038757633967003075,0.9600901294360897,5.234837272886795e-06,4.401592200224885e-06,0.8170301915486692,2.010736435149365,769,0.22052019997499883,0.2229909000452608,448,768
I_photo,mlp_l,0.25,43,0.00458821403049929,0.003843794389523586,0.9608787424436753,5.195246462313007e-06,4.368169164290991e-06,0.8110163800504784,1.9341142244616756,2561,0.24764369998592883,0.24990119994617999,448,768
I_photo,dkan,0.25,44,0.004420321180357808,0.0034149221473996094,0.9636894253448294,4.9919809844449924e-06,3.875995234109866e-06,0.6363817116865549,2.017490973210655,952,2.5663324999623,2.5773794000269845,448,768
I_photo,bkan,0.25,44,0.004091094845508794,0.0033020501549459874,0.9688968363364912,4.63803681642986e-06,3.7519900740783235e-06,0.6865365715176808,1.7257029473723968,1664,14.537971699959598,14.66073309991043,448,768
I_photo,mlp_n,0.25,44,0.004597674831440674,0.003774889304864621,0.9607172416871422,5.194693635119644e-06,4.286949124827026e-06,0.7798555510888387,1.971166583911815,769,0.23792750004213303,0.24061400000937283,448,768
I_photo,mlp_l,0.25,44,0.004608006006286965,0.00379908952266197,0.9605405032155474,5.211731257245921e-06,4.31374292631697e-06,0.7980144756910972,1.9948481730543843,2561,0.24920059996657073,0.2518693000311032,448,768
I_photo,dkan,0.5,42,0.003949437207167924,0.003023815301804121,0.9710134922010732,4.434828782388306e-06,3.416907406116509e-06,0.576139986429163,1.7626235686581506,952,2.597998500103131,2.6117718999739736,896,768
I_photo,bkan,0.5,42,0.003954583412954337,0.003113626070206489,0.9709379028385293,4.500413052630105e-06,3.545662140326719e-06,0.6012918521456545,1.6525843884407216,1664,28.55414170003496,28.68450329999905,896,768
I_photo,mlp_n,0.5,42,0.004579589892554592,0.0037965330504543746,0.9610256710909735,5.164805180944206e-06,4.30657765527958e-06,0.8056448411283609,2.010620068759744,769,0.26761679991614074,0.2701275999424979,896,768
I_photo,mlp_l,0.5,42,0.0046054719749944305,0.0038198602389206263,0.9605838903577731,5.200538585841827e-06,4.335369136462705e-06,0.8121743291595633,2.04020375226898,2561,0.2890457999892533,0.2915225999895483,896,768
I_photo,dkan,0.5,43,0.003655687762223754,0.0028680279436461794,0.9751650288780493,4.089698739275294e-06,3.237104789528495e-06,0.5326935099764754,1.6868144638310272,952,2.525467999977991,2.5347691000206396,896,768
I_photo,bkan,0.5,43,0.003953228564842062,0.0031729098596543063,0.9709578128914664,4.485129719222674e-06,3.605872909753015e-06,0.6397419183100745,1.601862665621319,1664,29.19198589993175,29.310991099919192,896,768
I_photo,mlp_n,0.5,43,0.004588469521824448,0.0038080969769849365,0.9608743854454384,5.183559459646434e-06,4.323144360229054e-06,0.7937378845572658,1.962368711803736,769,0.2458460999187082,0.24810969992540777,896,768
I_photo,mlp_l,0.5,43,0.004559623059222194,0.00379784563799771,0.9613647833259965,5.158755457410372e-06,4.314057212489734e-06,0.79309925974632,1.9371106870817012,2561,0.2774154000217095,0.27978059998713434,896,768
I_photo,dkan,0.5,44,0.003973913007190197,0.0030803307007940214,0.970653103457269,4.490113310505406e-06,3.4926171227000536e-06,0.5890894077970232,1.6960498779493107,952,2.913453400018625,2.9254815001040697,896,768
I_photo,bkan,0.5,44,0.0038980206144994377,0.003061766820938998,0.9717633134656157,4.4323487536650784e-06,3.4833381169496336e-06,0.6053559363672107,1.5928123660732865,1664,32.80034189997241,32.920542099978775,896,768
I_photo,mlp_n,0.5,44,0.0045020879737833,0.0037029486790304163,0.9623336598673914,5.08454406796128e-06,4.20321104634906e-06,0.785519246175016,1.905978153359719,769,0.2841940999496728,0.2865708000026643,896,768
I_photo,mlp_l,0.5,44,0.004526653749169985,0.0037412295376989,0.9619214834160005,5.114081494087781e-06,4.246002289247548e-06,0.7838970545945543,1.9449041559404643,2561,0.3854206999531016,0.3879088000394404,896,768
I_photo,dkan,0.8,42,0.0032566199301703215,0.0024783355447450654,0.980291225418502,3.6460586541512914e-06,2.7968874591941817e-06,0.47159864739865565,1.5174265008962908,952,2.9439677000045776,2.958234400022775,1433,768
I_photo,bkan,0.8,42,0.003878592342973525,0.0030523166105028837,0.9720440830884658,4.411997101428407e-06,3.4734040278710416e-06,0.5730618169420869,1.629565307481158,1664,52.19488640001509,52.35153630003333,1433,768
I_photo,mlp_n,0.8,42,0.0045493233946057665,0.003778001316362851,0.9615391312184177,5.132801572353e-06,4.285771531969524e-06,0.7934326278619557,2.0196011756921717,769,0.3612795000663027,0.3640101000200957,1433,768
I_photo,mlp_l,0.8,42,0.004574896224593061,0.003795598543977077,0.9611055205178864,5.166345758502617e-06,4.307155432204779e-06,0.8060650190803649,2.021967583970257,2561,0.5140986000187695,0.5172819999279454,1433,768
I_photo,dkan,0.8,43,0.003334217331085937,0.0026146256118256745,0.9793408105259411,3.727112939894751e-06,2.9521965776454154e-06,0.5090326708322714,1.4751611670977758,952,2.919217100017704,2.9315897000487894,1433,768
I_photo,bkan,0.8,43,0.00380568876324822,0.0030250603075335954,0.9730851474197082,4.3310378520908335e-06,3.442583904519141e-06,0.6102738458054694,1.5771054644788414,1664,49.61856199998874,49.759340499993414,1433,768
I_photo,mlp_n,0.8,43,0.004545863805262595,0.0037687066291043577,0.9615976050647979,5.134259051360511e-06,4.277620225287119e-06,0.791937672241976,1.9565128195746937,769,0.2946932000340894,0.2986115999519825,1433,768
I_photo,mlp_l,0.8,43,0.0045357381897321155,0.0037723272747488047,0.9617684921993591,5.12823993406718e-06,4.282852412347772e-06,0.7860089443661908,1.9360901565682154,2561,0.2985461999196559,0.3007637000409886,1433,768
I_photo,dkan,0.8,44,0.00396278453160705,0.0031379359788871533,0.9708172383731024,4.48353807999275e-06,3.5616020517819735e-06,0.629414121658832,1.6187094472136174,952,2.4935703000519425,2.5032701999880373,1433,768
I_photo,bkan,0.8,44,0.0036295441966908873,0.0029026661693983386,0.975518972158064,4.124710135415297e-06,3.299733622419846e-06,0.548126524563006,1.4580786120718976,1664,48.7838149999734,48.92016079998575,1433,768
I_photo,mlp_n,0.8,44,0.004521624146784546,0.0037373865774143686,0.9620060551145825,5.105398080772405e-06,4.24219529717687e-06,0.7892823470449775,1.9223667045981423,769,0.292660899925977,0.29536960006225854,1433,768
I_photo,mlp_l,0.8,44,0.004558739242156314,0.003787162675803536,0.961379759631712,5.14841015911959e-06,4.29750787317004e-06,0.8011820099449731,1.9951950982522735,2561,0.3310636000242084,0.333461600006558,1433,768
I_photo,dkan,1.0,42,0.0033521796957953678,0.0025007698784515393,0.9791176172326924,3.7300537954032905e-06,2.816813606448127e-06,0.4498458688047451,1.4617900649005955,952,2.8819962999550626,2.893478599959053,1792,768
I_photo,bkan,1.0,42,0.0038286449082026368,0.003002232310589338,0.9727594640629954,4.353611864542714e-06,3.4165536631385862e-06,0.5671383145383438,1.649140762032899,1664,58.05061569996178,58.18090579996351,1792,768
I_photo,mlp_n,1.0,42,0.004528768465066501,0.0037371804782868404,0.9618858968400086,5.1086114148418895e-06,4.239064389738303e-06,0.7781420488929374,1.9608228047722454,769,0.30181790003553033,0.3050651999656111,1792,768
I_photo,mlp_l,1.0,42,0.004550564053575433,0.0037596769613586823,0.9615181508113589,5.137958840092646e-06,4.26633981501649e-06,0.7889632963307532,1.9957275902026372,2561,0.29616120003629476,0.30013320001307875,1792,768
I_photo,dkan,1.0,43,0.00365494263648444,0.0030417223064367733,0.97517515189265,4.128817200834504e-06,3.452627457521719e-06,0.6303871908507683,1.597814071303053,952,2.5770473999436945,2.587559500010684,1792,768
I_photo,bkan,1.0,43,0.0037828630318244055,0.002982744409994329,0.973407038598374,4.301369929925928e-06,3.3931942822503675e-06,0.5684423416771442,1.528306410546596,1664,57.75135669996962,57.880354100023396,1792,768
I_photo,mlp_n,1.0,43,0.004535877579015467,0.0037333596921409183,0.9617661423528135,5.122006753275622e-06,4.236003113601029e-06,0.787417433370029,1.9674725184726938,769,0.26035699993371964,0.26273449999280274,1792,768
I_photo,mlp_l,1.0,43,0.004528351121577675,0.0037470478550561555,0.9618929212396785,5.118483777571694e-06,4.25270772230913e-06,0.7884207167750317,1.9423139158714051,2561,0.3146962000755593,0.31772589997854084,1792,768
I_photo,dkan,1.0,44,0.0037949802945163643,0.0030505142520445157,0.9732364006524687,4.292430045794744e-06,3.461370132568522e-06,0.6004792957858431,1.5775512190337424,952,2.6095126998843625,2.6231355000054464,1792,768
I_photo,bkan,1.0,44,0.003790044227764315,0.0029721448589246483,0.9733059772974281,4.312478916796351e-06,3.3819417649788233e-06,0.5718451531777999,1.5471981659221714,1664,57.54903320001904,57.67751710000448,1792,768
I_photo,mlp_n,1.0,44,0.00451386984984762,0.0037171023374305313,0.9621362577571665,5.096486040549501e-06,4.2192192366871615e-06,0.7760306454466643,1.9382987819579842,769,0.28361559996847063,0.28574249998200685,1792,768
I_photo,mlp_l,1.0,44,0.004551954823738126,0.0037764081272662793,0.9614946251185065,5.1399233389435704e-06,4.285002005537902e-06,0.7961406591973555,1.967575457804175,2561,0.3367872000671923,0.3397920000134036,1792,768
AC_Response,dkan,0.01,42,0.6813101454159243,0.4807950681224533,0.919365943728573,0.6813101454159243,0.4807950681224533,29.555859384419335,17321.33052523181,680,1.386608999921009,1.4009373999433592,31,1344
AC_Response,bkan,0.01,42,1.8801066645817162,1.5757119171786365,0.3859640860668011,1.8801066645817162,1.5757119171786365,57.76153109242106,51491.34323024075,1248,1.3804458000231534,1.542200099909678,31,1344
AC_Response,mlp_n,0.01,42,0.226457275881128,0.16974134072338518,0.9910915662878769,0.226457275881128,0.16974134072338518,13.879117170258798,2672.0951411342357,705,0.2290367999812588,0.23138090001884848,31,1344
AC_Response,mlp_l,0.01,42,0.1632506749088235,0.12591030359468475,0.9953704501372649,0.1632506749088235,0.12591030359468475,12.746942184073973,1654.268758029677,2433,0.22995119995903224,0.23246550001204014,31,1344
AC_Response,dkan,0.01,43,0.673231006333652,0.515433725002722,0.9212669610914201,0.673231006333652,0.515433725002722,30.75820697170222,20806.176312026942,680,1.289342200034298,1.2985471000429243,31,1344
AC_Response,bkan,0.01,43,1.911104982156543,1.7379960582997083,0.36554929458554364,1.911104982156543,1.7379960582997083,70.26736505750044,76905.05981913465,1248,1.376254600007087,1.5328545999946073,31,1344
AC_Response,mlp_n,0.01,43,0.193418606883892,0.16357952016649915,0.9935013178367337,0.193418606883892,0.16357952016649915,13.349869749044325,3412.347055372066,705,0.23826669994741678,0.24126230005640537,31,1344
AC_Response,mlp_l,0.01,43,0.1744660814900482,0.14806305806936795,0.9947124947807507,0.1744660814900482,0.14806305806936795,11.460272082763819,2631.992415053166,2433,0.2791353000793606,0.28260759997647256,31,1344
AC_Response,dkan,0.01,44,1.216106319191466,0.7694443415098837,0.7430953970353438,1.216106319191466,0.7694443415098837,40.718667584313884,9660.200571327832,680,1.2070465999422595,1.2177291000261903,31,1344
AC_Response,bkan,0.01,44,2.460751396218244,1.8946089957365473,-0.05187534465757859,2.460751396218244,1.8946089957365473,78.4013246306011,50346.086968014606,1248,1.447767100064084,1.607685099937953,31,1344
AC_Response,mlp_n,0.01,44,0.22766021478697276,0.13997169676450555,0.9909966718853304,0.22766021478697276,0.13997169676450555,10.788264080685602,1922.6577175516552,705,0.24384230002760887,0.24647689994890243,31,1344
AC_Response,mlp_l,0.01,44,0.2387549385176136,0.14658628201099583,0.9900977583097104,0.2387549385176136,0.14658628201099583,10.483433069012955,2317.0705372195303,2433,0.23461869999300689,0.23747649998404086,31,1344
AC_Response,dkan,0.05,42,0.15800760724554797,0.10195076270690666,0.9956630462758633,0.15800760724554797,0.10195076270690666,6.966188881705943,1405.7951667358916,680,1.9604932999936864,1.9716162000549957,156,1344
AC_Response,bkan,0.05,42,0.22671587175245708,0.16073039067546693,0.9910712092516156,0.22671587175245708,0.16073039067546693,8.672354853805018,6005.897563132669,1248,5.801028700079769,5.952607800019905,156,1344
AC_Response,mlp_n,0.05,42,0.17445480289490944,0.1434973911053213,0.9947131783944657,0.17445480289490944,0.1434973911053213,13.205321929138202,1088.969548779294,705,0.23958549997769296,0.2420261000515893,156,1344
AC_Response,mlp_l,0.05,42,0.15766181622852943,0.1296635810460462,0.9956820078775439,0.15766181622852943,0.1296635810460462,12.526144886022577,914.0829996155696,2433,0.2446073000319302,0.2470096000470221,156,1344
AC_Response,dkan,0.05,43,0.15069217151736902,0.09870761083386621,0.9960553345370461,0.15069217151736902,0.09870761083386621,6.282185546018366,2025.802598183407,680,2.050164800020866,2.0592315000249073,156,1344
AC_Response,bkan,0.05,43,0.1948446321000987,0.13730880018731323,0.9934051383901991,0.1948446321000987,0.13730880018731323,8.798087826337607,4014.5102875544735,1248,5.928235300001688,6.091085399966687,156,1344
AC_Response,mlp_n,0.05,43,0.19516420681151328,0.1534673435235943,0.993383487505343,0.19516420681151328,0.1534673435235943,16.721647217769146,1706.5044486945835,705,0.2541207999456674,0.25674149999395013,156,1344
AC_Response,mlp_l,0.05,43,0.1772006061337148,0.1410838683464745,0.9945454465548618,0.1772006061337148,0.1410838683464745,15.253681712323,1459.1860734707507,2433,0.30230700003448874,0.3050464999396354,156,1344
AC_Response,dkan,0.05,44,0.20461274705621404,0.11790619418424661,0.9927273252163249,0.20461274705621404,0.11790619418424661,5.880389985001141,2187.225319596093,680,2.2024194000987336,2.2150175999850035,156,1344
AC_Response,bkan,0.05,44,0.4309152401403265,0.3036009889854028,0.9677438519878195,0.4309152401403265,0.3036009889854028,17.45090204330427,5551.630333489938,1248,5.938062700093724,6.116904699942097,156,1344
AC_Response,mlp_n,0.05,44,0.1786164538966893,0.14727600484516024,0.9944579336457052,0.1786164538966893,0.14727600484516024,15.356485385397342,2374.100606377324,705,0.23675729997921735,0.2399640999501571,156,1344
AC_Response,mlp_l,0.05,44,0.18499760073260313,0.15163567537090006,0.9940548750430154,0.18499760073260313,0.15163567537090006,15.633601328994711,2541.6534993796186,2433,0.26883110008202493,0.27126660000067204,156,1344
AC_Response,dkan,0.1,42,0.0979258683934631,0.05457308245520971,0.9983341969296095,0.0979258683934631,0.05457308245520971,3.1416534986163738,597.9023534860476,680,2.7319248999701813,2.743773400085047,313,1344
AC_Response,bkan,0.1,42,0.13633862712497183,0.08883236421737357,0.9967710105336374,0.13633862712497183,0.08883236421737357,5.5158086437354905,926.8963000550483,1248,11.407761099981144,11.544511499931104,313,1344
AC_Response,mlp_n,0.1,42,0.17998089844570972,0.15036757371128015,0.994372938961512,0.17998089844570972,0.15036757371128015,14.459190222795286,1744.4442994913475,705,0.24253059993498027,0.24473690008744597,313,1344
AC_Response,mlp_l,0.1,42,0.1653519119624395,0.13826951272143634,0.9952505071602624,0.1653519119624395,0.13826951272143634,14.018856840349152,1440.9299424935703,2433,0.27075899997726083,0.27302269998472184,313,1344
AC_Response,dkan,0.1,43,0.08564443623949287,0.06240001306207908,0.9987258307933482,0.08564443623949287,0.06240001306207908,4.703107585777645,1137.435854102019,680,2.33893700002227,2.349758500000462,313,1344
AC_Response,bkan,0.1,43,0.11850977505171688,0.08959756091745415,0.9975602959745119,0.11850977505171688,0.08959756091745415,5.17642358222067,4046.872303559585,1248,10.491610299912281,10.638340900070034,313,1344
AC_Response,mlp_n,0.1,43,0.18667004917482355,0.15265027949670668,0.9939468967903905,0.18667004917482355,0.15265027949670668,15.913432227859639,2041.711292848116,705,0.22958859999198467,0.23197789990808815,313,1344
AC_Response,mlp_l,0.1,43,0.17028987984903432,0.13932369829317445,0.9949625995880418,0.17028987984903432,0.13932369829317445,14.685151732383641,1298.8504082867291,2433,0.2638331000925973,0.2664718999294564,313,1344
AC_Response,dkan,0.1,44,0.1082176108240717,0.06407051365966984,0.9979656546604264,0.1082176108240717,0.06407051365966984,4.0234348923011085,873.3402269340206,680,2.3744650000007823,2.3853842000244185,313,1344
AC_Response,bkan,0.1,44,0.12590267492062462,0.08792498484086707,0.997246413589665,0.12590267492062462,0.08792498484086707,5.556687505791817,2480.5423693978264,1248,10.397952300030738,10.548485900042579,313,1344
AC_Response,mlp_n,0.1,44,0.19963835596780308,0.16377439678089023,0.9930766423882715,0.19963835596780308,0.16377439678089023,17.042797826358484,3196.338224866104,705,0.2391696999548003,0.24148169998079538,313,1344
AC_Response,mlp_l,0.1,44,0.20254780250508322,0.16546568648462995,0.9928733756602548,0.20254780250508322,0.16546568648462995,17.115682266457625,3209.110671984323,2433,0.24998770002275705,0.25222840008791536,313,1344
AC_Response,dkan,0.25,42,0.07929477460444029,0.046696911918293005,0.9989077603622885,0.07929477460444029,0.046696911918293005,2.6979883103612745,374.9647651513849,680,2.3343800000147894,2.344740299973637,784,1344
AC_Response,bkan,0.25,42,0.08616240030870662,0.052215308540477894,0.9987103722392321,0.08616240030870662,0.052215308540477894,3.065976791450103,404.5631826625443,1248,25.916103500057943,26.066815000027418,784,1344
AC_Response,mlp_n,0.25,42,0.18342401273886166,0.15118710976656088,0.9941555832650492,0.18342401273886166,0.15118710976656088,15.054484061814101,1677.9184584523152,705,0.26911820005625486,0.27165810007136315,784,1344
AC_Response,mlp_l,0.25,42,0.1701448650767741,0.1401522113080544,0.9949711753934521,0.1701448650767741,0.1401522113080544,14.504181259995491,1320.4928852109897,2433,0.2581139999674633,0.2604229999706149,784,1344
AC_Response,dkan,0.25,43,0.06865608704465359,0.043763943253837256,0.9991811829244334,0.06865608704465359,0.043763943253837256,2.7753484382535127,752.3473705634801,680,2.3837293999968097,2.393816899973899,784,1344
AC_Response,bkan,0.25,43,0.0836427528746107,0.05835839066828674,0.9987846945898524,0.0836427528746107,0.05835839066828674,3.5392393443109436,1946.2051413458898,1248,25.777434200048447,25.921563699957915,784,1344
AC_Response,mlp_n,0.25,43,0.18224736688257698,0.1482996956350316,0.9942303254062428,0.18224736688257698,0.1482996956350316,15.673376588515458,1942.968264350017,705,0.228393999976106,0.23039939999580383,784,1344
AC_Response,mlp_l,0.25,43,0.17080393219293727,0.1386750835485166,0.9949321409850862,0.17080393219293727,0.1386750835485166,14.795464652657984,1410.8490398927147,2433,0.26381150004453957,0.26657199999317527,784,1344
AC_Response,dkan,0.25,44,0.08402709937447626,0.05094209100914556,0.9987735000381291,0.08402709937447626,0.05094209100914556,3.141624086074139,418.34735009980056,680,2.4323234000476077,2.443266399903223,784,1344
AC_Response,bkan,0.25,44,0.06665127390905136,0.040959133130614486,0.9992283049681677,0.06665127390905136,0.040959133130614486,2.3833848245152716,673.074987715323,1248,25.80973159999121,25.96399099996779,784,1344
AC_Response,mlp_n,0.25,44,0.1904063980877377,0.16038128770501223,0.9937021564119952,0.1904063980877377,0.16038128770501223,16.26517337554322,2960.355593042613,705,0.26863890001550317,0.27170869999099523,784,1344
AC_Response,mlp_l,0.25,44,0.19238704039361915,0.16095998526108243,0.9935704523009657,0.19238704039361915,0.16095998526108243,16.292884752268534,3279.8005508360193,2433,0.27154250000603497,0.27515710005536675,784,1344
AC_Response,dkan,0.5,42,0.07815292115582613,0.04647041380517674,0.9989389906131124,0.07815292115582613,0.04647041380517674,2.813631129049072,536.9983557275689,680,2.5944453000556678,2.6104394999565557,1568,1344
AC_Response,bkan,0.5,42,0.07713913519705183,0.057860250443174485,0.99896633853356,0.07713913519705183,0.057860250443174485,3.1464222523250345,2197.372401743552,1248,50.304816699936055,50.444116699974984,1568,1344
AC_Response,mlp_n,0.5,42,0.1837578703797801,0.15268800698370383,0.9941342885731779,0.1837578703797801,0.15268800698370383,14.72416456696249,1871.3560915213518,705,0.2794133999850601,0.2817458000499755,1568,1344
AC_Response,mlp_l,0.5,42,0.16931002288495745,0.14049400024330114,0.9950204037402613,0.16931002288495745,0.14049400024330114,14.635019394807188,1462.8119863040984,2433,0.29208189994096756,0.294897299958393,1568,1344
AC_Response,dkan,0.5,43,0.06545493028285647,0.042476329601121986,0.9992557591148379,0.06545493028285647,0.042476329601121986,2.739604904398356,580.6792277002264,680,2.344026100006886,2.3553163999458775,1568,1344
AC_Response,bkan,0.5,43,0.0646347714811203,0.039245656324446265,0.999274293136372,0.0646347714811203,0.039245656324446265,2.6248129417433077,277.45893748318593,1248,51.40494439995382,51.562974000000395,1568,1344
AC_Response,mlp_n,0.5,43,0.17897312008531477,0.1469072612117319,0.9944357784503421,0.17897312008531477,0.1469072612117319,15.333713426326216,1728.1505040484162,705,0.3111045000841841,0.31349510001018643,1568,1344
AC_Response,mlp_l,0.5,43,0.16958620908744013,0.1396561222172231,0.9950041446023804,0.16958620908744013,0.1396561222172231,14.780114306547732,1765.7232866944564,2433,0.34310349996667355,0.3456424999749288,1568,1344
AC_Response,dkan,0.5,44,0.075039360510916,0.04755827755568414,0.9990218464310743,0.075039360510916,0.04755827755568414,2.7643014292116006,971.2203142651041,680,2.506742800003849,2.5183887000894174,1568,1344
AC_Response,bkan,0.5,44,0.06318889142732205,0.039399954937769655,0.9993063981102085,0.06318889142732205,0.039399954937769655,2.2820498574322343,939.3645903401829,1248,50.74352560006082,50.89407179993577,1568,1344
AC_Response,mlp_n,0.5,44,0.18481178309862245,0.1543876730789125,0.9940668120005318,0.18481178309862245,0.1543876730789125,15.877581338642814,2644.388713520904,705,0.25467399996705353,0.257685299962759,1568,1344
AC_Response,mlp_l,0.5,44,0.18615250737710048,0.1547742846305837,0.9939804146598721,0.18615250737710048,0.1547742846305837,15.809030100731533,2632.5598322152705,2433,0.2945181999821216,0.297956999973394,1568,1344
AC_Response,dkan,0.8,42,0.07566874030666147,0.04494515728620906,0.999005369429265,0.07566874030666147,0.04494515728620906,2.714657246787361,459.27601129216106,680,2.475573700037785,2.486576800001785,2508,1344
AC_Response,bkan,0.8,42,0.058781840554811435,0.03393570845017981,0.9993997735132022,0.058781840554811435,0.03393570845017981,2.2001264061888754,273.16916202374574,1248,82.78072559996508,82.93909700005315,2508,1344
AC_Response,mlp_n,0.8,42,0.1840016148938419,0.15252831107941392,0.9941187171779495,0.1840016148938419,0.15252831107941392,14.893762322393819,1890.4749772096993,705,0.300605500000529,0.3041609999490902,2508,1344
AC_Response,mlp_l,0.8,42,0.17007588083804617,0.1409773836277719,0.9949752523817383,0.17007588083804617,0.1409773836277719,14.65985181222668,1604.7238834560692,2433,0.3153994999593124,0.3178059000056237,2508,1344
AC_Response,dkan,0.8,43,0.06478577443441448,0.039258524416398405,0.9992708983108078,0.06478577443441448,0.039258524416398405,2.5855200580891946,435.84256612250596,680,2.3365587999578565,2.3472841000184417,2508,1344
AC_Response,bkan,0.8,43,0.06765749453500192,0.04189230238818198,0.999204828845102,0.06765749453500192,0.04189230238818198,2.8053466618846534,522.0688866533392,1248,80.6982140999753,80.82936710002832,2508,1344
AC_Response,mlp_n,0.8,43,0.1807729712856132,0.14882641443866534,0.9943233020312479,0.1807729712856132,0.14882641443866534,15.57819770700354,1822.7901596298948,705,0.2710140999406576,0.27369760000146925,2508,1344
AC_Response,mlp_l,0.8,43,0.1708254959765373,0.1404866506776738,0.9949308612825397,0.1708254959765373,0.1404866506776738,14.932503469917243,1676.0290435028585,2433,0.32826229999773204,0.33203369996044785,2508,1344
AC_Response,dkan,0.8,44,0.07851046015721781,0.0483999865525546,0.9989292604591139,0.07851046015721781,0.0483999865525546,3.10919076903986,491.35728233076117,680,2.4056730000302196,2.417335300007835,2508,1344
AC_Response,bkan,0.8,44,0.05615556652560452,0.0337993903526526,0.9994522095946948,0.05615556652560452,0.0337993903526526,2.100549648462401,229.82528664937382,1248,82.245866100071,82.39854379999451,2508,1344
AC_Response,mlp_n,0.8,44,0.18283082356571512,0.152694244512274,0.9941933235677447,0.18283082356571512,0.152694244512274,15.900431820374585,2627.6005207206263,705,0.3402172999922186,0.3425097999861464,2508,1344
AC_Response,mlp_l,0.8,44,0.18384082093806603,0.1525344860975588,0.9941289916696268,0.18384082093806603,0.1525344860975588,15.935223519262006,2775.176224983763,2433,0.3819607999175787,0.3843543999828398,2508,1344
AC_Response,dkan,1.0,42,0.07451756623521706,0.04152362737137859,0.9990354025271413,0.07451756623521706,0.04152362737137859,2.374963195483722,219.50640702856532,680,2.577066000085324,2.5889047000091523,3136,1344
AC_Response,bkan,1.0,42,0.0515849962186705,0.03136697498763691,0.9995377514033843,0.0515849962186705,0.03136697498763691,2.053042799775924,354.2660952627099,1248,106.22045100003015,106.37009510002099,3136,1344
AC_Response,mlp_n,1.0,42,0.1852681244732962,0.15252385024639,0.9940374751053929,0.1852681244732962,0.15252385024639,15.041078920434764,1858.6584656332893,705,0.26919279992580414,0.2715238000964746,3136,1344
AC_Response,mlp_l,1.0,42,0.17091547084770875,0.14099016730228678,0.994925519981295,0.17091547084770875,0.14099016730228678,14.700730050143846,1554.6158206291202,2433,0.3025235999375582,0.30497850000392646,3136,1344
AC_Response,dkan,1.0,43,0.06394588934577172,0.0379714764389336,0.9992896799740086,0.06394588934577172,0.0379714764389336,2.3485920870030763,284.08542840360707,680,2.451732199988328,2.4610163000179455,3136,1344
AC_Response,bkan,1.0,43,0.061378169233802606,0.04041851120022825,0.9993455798608744,0.061378169233802606,0.04041851120022825,2.5160157171849087,727.3980397332645,1248,98.85223740001675,98.99031399993692,3136,1344
AC_Response,mlp_n,1.0,43,0.18019615143521633,0.14912144678179654,0.994359471243219,0.18019615143521633,0.14912144678179654,15.488951864546106,2028.971947567543,705,0.28660600003786385,0.2891978999832645,3136,1344
AC_Response,mlp_l,1.0,43,0.17069800468775226,0.14061815813722672,0.9949384249059955,0.17069800468775226,0.14061815813722672,14.808810381020521,1678.519485099466,2433,0.3372327999677509,0.33956240001134574,3136,1344
AC_Response,dkan,1.0,44,0.07398619889321059,0.044942214618578,0.9990491101175527,0.07398619889321059,0.044942214618578,2.830570332777323,583.3873060765711,680,2.2959551999811083,2.305821600020863,3136,1344
AC_Response,bkan,1.0,44,0.053616293471704796,0.0322316777245892,0.999500630089411,0.053616293471704796,0.0322316777245892,2.092404082054591,317.622558980398,1248,99.45253959996626,99.59657289995812,3136,1344
AC_Response,mlp_n,1.0,44,0.18284196735250077,0.15202896374773292,0.9941926156965568,0.18284196735250077,0.15202896374773292,16.002664332250205,2589.6580997173046,705,0.27936229994520545,0.28216629999224097,3136,1344
AC_Response,mlp_l,1.0,44,0.18438330884196735,0.15261864028183808,0.9940942915398782,0.18438330884196735,0.15261864028183808,15.986504904461277,2615.3125294684255,2433,0.34737060009501874,0.34952940000221133,3136,1344
