logical_path,file_type,run_date,campaign_relation,bytes,modified_utc,sha256,solver,software_version,gridpoint_shapes,vertices,elements,publication_status
<FROZEN_TCAD_ROOT>/ParaSimulationFile/vertical_photodetector_p205964_20260616_162640_596.fsp,fsp,20260616,earlier_development_context,34820528,2026-06-16T10:40:53.055750+00:00,5f0c9c924e23ef7bf1d8f918074aca00b6771282c04ef2fd3d0fdc5b3284be75,FDTD,embedded native project; inspect with licensed Lumerical software,,,,hash_registered_not_packaged_commercial_binary_or_sensitive_log
<FROZEN_TCAD_ROOT>/ParaSimulationFile/vertical_photodetector_p205964_20260616_162640_596_p0.log,log,20260616,earlier_development_context,15136,2026-06-16T10:40:53.064765+00:00,0efc0d942ee03ef4a00a3b5188f496438020170a9c4b654147ed43900c49c320,FDTD,Ansys Lumerical 2024 R1 FDTD Solver Version 8.31.3633 (Windows 64bit),145x94x27;1x87x13,,,hash_registered_not_packaged_commercial_binary_or_sensitive_log
<FROZEN_TCAD_ROOT>/ParaSimulationFile/vertical_photodetector_p205964_20260616_162648_342.ldev,ldev,20260616,earlier_development_context,52825219,2026-06-16T10:41:47.419255+00:00,80d1b47da3db4534faeb014e208c4842497ca03ac1e5e2d2a5c066e37613010b,DEVICE,embedded native project; inspect with licensed Lumerical software,,,,hash_registered_not_packaged_commercial_binary_or_sensitive_log
<FROZEN_TCAD_ROOT>/ParaSimulationFile/vertical_photodetector_p205964_20260616_162648_342_p0.log,log,20260616,earlier_development_context,1232,2026-06-16T10:41:47.436151+00:00,cb631d7088c97751d3e5d84095f8ce8dd074d2adef9f81a773909a76a61758fd,DEVICE,Ansys Lumerical 2024 R1 Charge Transport Solver Version 7.13.3633 (Windows 64bit),,980,1835,hash_registered_not_packaged_commercial_binary_or_sensitive_log
<FROZEN_TCAD_ROOT>/ParaSimulationFile/vertical_photodetector_p207732_20260616_162655_240.fsp,fsp,20260616,earlier_development_context,33305280,2026-06-16T10:40:56.370557+00:00,698a883bfefa83e41d768be35f79a24b3b846cb4bfc3a5590a06cf7699b8c859,FDTD,embedded native project; inspect with licensed Lumerical software,,,,hash_registered_not_packaged_commercial_binary_or_sensitive_log
<FROZEN_TCAD_ROOT>/ParaSimulationFile/vertical_photodetector_p207732_20260616_162655_240_p0.log,log,20260616,earlier_development_context,15017,2026-06-16T10:40:56.377571+00:00,001291dadaa92c722eb31a4ea4ad911a93b2eb3efe8029e75c9486edcd730251,FDTD,Ansys Lumerical 2024 R1 FDTD Solver Version 8.31.3633 (Windows 64bit),140x94x27;1x87x13,,,hash_registered_not_packaged_commercial_binary_or_sensitive_log
<FROZEN_TCAD_ROOT>/ParaSimulationFile/vertical_photodetector_p207732_20260616_162703_650.ldev,ldev,20260616,earlier_development_context,52534940,2026-06-16T10:41:47.870821+00:00,2b743fcfa8f34f490b06e4c4c34a0bb4c4c0239c8c2bb11867070d27f6d118b0,DEVICE,embedded native project; inspect with licensed Lumerical software,,,,hash_registered_not_packaged_commercial_binary_or_sensitive_log
<FROZEN_TCAD_ROOT>/ParaSimulationFile/vertical_photodetector_p207732_20260616_162703_650_p0.log,log,20260616,earlier_development_context,1232,2026-06-16T10:41:47.886846+00:00,8c68248610b662ad86b83166ae1052498fb8c528353c767217ab038f145b1c6a,DEVICE,Ansys Lumerical 2024 R1 Charge Transport Solver Version 7.13.3633 (Windows 64bit),,973,1823,hash_registered_not_packaged_commercial_binary_or_sensitive_log
<FROZEN_TCAD_ROOT>/ParaSimulationFile/vertical_photodetector_p208780_20260616_162630_369.fsp,fsp,20260616,earlier_development_context,31257704,2026-06-16T10:40:26.193761+00:00,4ddee727fcff8eac142edfae1c5a2ef8238e3b090f76d82d1a18af224f6f68aa,FDTD,embedded native project; inspect with licensed Lumerical software,,,,hash_registered_not_packaged_commercial_binary_or_sensitive_log
<FROZEN_TCAD_ROOT>/ParaSimulationFile/vertical_photodetector_p208780_20260616_162630_369_p0.log,log,20260616,earlier_development_context,15126,2026-06-16T10:40:26.197762+00:00,eadb860effec2d7cfc1862936e668adca1a6096ff53108e75565e732e2b9289b,FDTD,Ansys Lumerical 2024 R1 FDTD Solver Version 8.31.3633 (Windows 64bit),134x94x27;1x87x13,,,hash_registered_not_packaged_commercial_binary_or_sensitive_log
<FROZEN_TCAD_ROOT>/ParaSimulationFile/vertical_photodetector_p208780_20260616_162634_822.ldev,ldev,20260616,earlier_development_context,52742380,2026-06-16T10:41:31.915596+00:00,b1c0eff528cfb7f116b55dd4b46c9b6b261852ba163595cdad5e475a4716a2e1,DEVICE,embedded native project; inspect with licensed Lumerical software,,,,hash_registered_not_packaged_commercial_binary_or_sensitive_log
<FROZEN_TCAD_ROOT>/ParaSimulationFile/vertical_photodetector_p208780_20260616_162634_822_p0.log,log,20260616,earlier_development_context,1232,2026-06-16T10:41:31.940801+00:00,cd6a87a0e2208b004a588299abba1e835136da0916fccadef9c97dd7ef4dd910,DEVICE,Ansys Lumerical 2024 R1 Charge Transport Solver Version 7.13.3633 (Windows 64bit),,978,1832,hash_registered_not_packaged_commercial_binary_or_sensitive_log
<FROZEN_TCAD_ROOT>/ParaSimulationFile/vertical_photodetector_p209064_20260616_162726_248.fsp,fsp,20260616,earlier_development_context,32691024,2026-06-16T10:40:27.920693+00:00,a11f9af3ebdfdb10a1147880095e604964d9e739cdfe2efae5b6c43c58a21ad9,FDTD,embedded native project; inspect with licensed Lumerical software,,,,hash_registered_not_packaged_commercial_binary_or_sensitive_log
<FROZEN_TCAD_ROOT>/ParaSimulationFile/vertical_photodetector_p209064_20260616_162726_248_p0.log,log,20260616,earlier_development_context,15124,2026-06-16T10:40:27.939735+00:00,0350e09cdd77c7ae3ee75a5dcb3555b3214c1d6e661a1d816595f914c370c5bb,FDTD,Ansys Lumerical 2024 R1 FDTD Solver Version 8.31.3633 (Windows 64bit),138x94x27;1x87x13,,,hash_registered_not_packaged_commercial_binary_or_sensitive_log
<FROZEN_TCAD_ROOT>/ParaSimulationFile/vertical_photodetector_p209064_20260616_162734_877.ldev,ldev,20260616,earlier_development_context,52824675,2026-06-16T10:41:35.686599+00:00,ea7e78b07aa988acb7d1d1b6e3e38bb0a9c4bb6a61aff32d657c2930d9157c4b,DEVICE,embedded native project; inspect with licensed Lumerical software,,,,hash_registered_not_packaged_commercial_binary_or_sensitive_log
<FROZEN_TCAD_ROOT>/ParaSimulationFile/vertical_photodetector_p209064_20260616_162734_877_p0.log,log,20260616,earlier_development_context,1232,2026-06-16T10:41:35.713137+00:00,449abb807f645d4bcb8c7faf602061390daf8debcdcbe43ad098373978c540b2,DEVICE,Ansys Lumerical 2024 R1 Charge Transport Solver Version 7.13.3633 (Windows 64bit),,980,1834,hash_registered_not_packaged_commercial_binary_or_sensitive_log
<FROZEN_TCAD_ROOT>/ParaSimulationFile/vertical_photodetector_p211228_20260603_214018_793.fsp,fsp,20260603,earlier_development_context,33509752,2026-06-03T13:47:17.989117+00:00,735f9767f355bfe986bfb6b9d92949350bb7d823e61fb97944fea0ce520c0473,FDTD,embedded native project; inspect with licensed Lumerical software,,,,hash_registered_not_packaged_commercial_binary_or_sensitive_log
<FROZEN_TCAD_ROOT>/ParaSimulationFile/vertical_photodetector_p211228_20260603_214018_793_p0.log,log,20260603,earlier_development_context,13248,2026-06-03T13:47:17.991118+00:00,7088acb2b5befab6868dfd650f96260240e2b72e83e46b9c7935cd17bf4f958b,FDTD,Ansys Lumerical 2024 R1 FDTD Solver Version 8.31.3633 (Windows 64bit),141x94x27;1x87x13,,,hash_registered_not_packaged_commercial_binary_or_sensitive_log
<FROZEN_TCAD_ROOT>/ParaSimulationFile/vertical_photodetector_p211228_20260603_214023_156.ldev,ldev,20260603,earlier_development_context,52784729,2026-06-03T13:47:42.742882+00:00,bd1bd0db7c5f48a861bb3720b1f67f7392ff8bd8f0612f5006de2cefa5ea18cb,DEVICE,embedded native project; inspect with licensed Lumerical software,,,,hash_registered_not_packaged_commercial_binary_or_sensitive_log
<FROZEN_TCAD_ROOT>/ParaSimulationFile/vertical_photodetector_p211228_20260603_214023_156_p0.log,log,20260603,earlier_development_context,1230,2026-06-03T13:47:42.757381+00:00,a487c83f46848619e7148ba1ac0c44ea6aa23d8754f242eca6897f9cfda9e0b0,DEVICE,Ansys Lumerical 2024 R1 Charge Transport Solver Version 7.13.3633 (Windows 64bit),,979,1835,hash_registered_not_packaged_commercial_binary_or_sensitive_log
<FROZEN_TCAD_ROOT>/ParaSimulationFile/vertical_photodetector_p212668_20260616_162814_671.fsp,fsp,20260616,earlier_development_context,33387208,2026-06-16T10:40:52.135592+00:00,be25655ddb5dcebe070219390571716908a325518944cd19781dd620d29e898c,FDTD,embedded native project; inspect with licensed Lumerical software,,,,hash_registered_not_packaged_commercial_binary_or_sensitive_log
<FROZEN_TCAD_ROOT>/ParaSimulationFile/vertical_photodetector_p212668_20260616_162814_671_p0.log,log,20260616,earlier_development_context,15140,2026-06-16T10:40:52.155851+00:00,58095206b00b63ca488df11f02df23f5bdca817a6d02ac1765e86f4ecd57af01,FDTD,Ansys Lumerical 2024 R1 FDTD Solver Version 8.31.3633 (Windows 64bit),140x94x27;1x87x13,,,hash_registered_not_packaged_commercial_binary_or_sensitive_log
<FROZEN_TCAD_ROOT>/ParaSimulationFile/vertical_photodetector_p212668_20260616_162823_286.ldev,ldev,20260616,earlier_development_context,52824204,2026-06-16T10:41:45.797317+00:00,ec8b87a8b1d61c5da8666e3422c1af47888b07fb612eb42f2c71e6d686f8068f,DEVICE,embedded native project; inspect with licensed Lumerical software,,,,hash_registered_not_packaged_commercial_binary_or_sensitive_log
<FROZEN_TCAD_ROOT>/ParaSimulationFile/vertical_photodetector_p212668_20260616_162823_286_p0.log,log,20260616,earlier_development_context,1232,2026-06-16T10:41:45.819350+00:00,f4ab3decfb00e00c65bfd28d0b285560e818370d9a008f133c8da5d3cdb21a3d,DEVICE,Ansys Lumerical 2024 R1 Charge Transport Solver Version 7.13.3633 (Windows 64bit),,980,1834,hash_registered_not_packaged_commercial_binary_or_sensitive_log
<FROZEN_TCAD_ROOT>/ParaSimulationFile/vertical_photodetector_p213480_20260616_160935_031.fsp,fsp,20260616,earlier_development_context,36007824,2026-06-16T08:17:00.937705+00:00,948f6c48308e4bc8f1ef44d2346d473bd195143abf04284e4cb083d6bd410ec2,FDTD,embedded native project; inspect with licensed Lumerical software,,,,hash_registered_not_packaged_commercial_binary_or_sensitive_log
<FROZEN_TCAD_ROOT>/ParaSimulationFile/vertical_photodetector_p213480_20260616_160935_031_p0.log,log,20260616,earlier_development_context,13278,2026-06-16T08:17:00.940708+00:00,83278f2b24b9797d2ad6801901b2f07dda3420cad50fa997e66c7857611c972f,FDTD,Ansys Lumerical 2024 R1 FDTD Solver Version 8.31.3633 (Windows 64bit),148x94x27;1x87x13,,,hash_registered_not_packaged_commercial_binary_or_sensitive_log
<FROZEN_TCAD_ROOT>/ParaSimulationFile/vertical_photodetector_p213480_20260616_160940_753.ldev,ldev,20260616,earlier_development_context,52700108,2026-06-16T08:17:28.523963+00:00,13f21c22f9fe0d41fb7e0aef1d91f50d3c948f59e8dd4fe5fafe3b1f342071c9,DEVICE,embedded native project; inspect with licensed Lumerical software,,,,hash_registered_not_packaged_commercial_binary_or_sensitive_log
<FROZEN_TCAD_ROOT>/ParaSimulationFile/vertical_photodetector_p213480_20260616_160940_753_p0.log,log,20260616,earlier_development_context,1232,2026-06-16T08:17:28.534468+00:00,f6097f9f667b2f41ae6445329cde9c2133b0dce9dbd79656411c1dd22723d4e1,DEVICE,Ansys Lumerical 2024 R1 Charge Transport Solver Version 7.13.3633 (Windows 64bit),,977,1828,hash_registered_not_packaged_commercial_binary_or_sensitive_log
<FROZEN_TCAD_ROOT>/ParaSimulationFile/vertical_photodetector_p214956_20260616_162758_174.fsp,fsp,20260616,earlier_development_context,32486264,2026-06-16T10:40:27.718585+00:00,6edcb8b947118e06491127b9708f66368dd3f24c57387641e0897b9817dbb17c,FDTD,embedded native project; inspect with licensed Lumerical software,,,,hash_registered_not_packaged_commercial_binary_or_sensitive_log
<FROZEN_TCAD_ROOT>/ParaSimulationFile/vertical_photodetector_p214956_20260616_162758_174_p0.log,log,20260616,earlier_development_context,15132,2026-06-16T10:40:27.724598+00:00,54178c89641da841dad33f936ac7616a84d850e72655cca2f6bf2e1763d96567,FDTD,Ansys Lumerical 2024 R1 FDTD Solver Version 8.31.3633 (Windows 64bit),138x94x27;1x87x13,,,hash_registered_not_packaged_commercial_binary_or_sensitive_log
<FROZEN_TCAD_ROOT>/ParaSimulationFile/vertical_photodetector_p214956_20260616_162807_370.ldev,ldev,20260616,earlier_development_context,52492973,2026-06-16T10:41:34.891967+00:00,9dceb09959c44ee223da67a588ee47a7f77c2626b8f5926cd89198edc1808845,DEVICE,embedded native project; inspect with licensed Lumerical software,,,,hash_registered_not_packaged_commercial_binary_or_sensitive_log
<FROZEN_TCAD_ROOT>/ParaSimulationFile/vertical_photodetector_p214956_20260616_162807_370_p0.log,log,20260616,earlier_development_context,1232,2026-06-16T10:41:34.919992+00:00,56579a9c0f8c438ad3eb9b129ff49372982cc5bef50254ef10f4a4a12a8702a3,DEVICE,Ansys Lumerical 2024 R1 Charge Transport Solver Version 7.13.3633 (Windows 64bit),,972,1821,hash_registered_not_packaged_commercial_binary_or_sensitive_log
<FROZEN_TCAD_ROOT>/ParaSimulationFile/vertical_photodetector_p215584_20260616_162710_586.fsp,fsp,20260616,earlier_development_context,31912936,2026-06-16T10:40:21.501133+00:00,ac6a033a84118afc4ad6b85097d0976cf25cd1b4ed5e2601faee86ce4d321ab2,FDTD,embedded native project; inspect with licensed Lumerical software,,,,hash_registered_not_packaged_commercial_binary_or_sensitive_log
<FROZEN_TCAD_ROOT>/ParaSimulationFile/vertical_photodetector_p215584_20260616_162710_586_p0.log,log,20260616,earlier_development_context,15120,2026-06-16T10:40:21.524192+00:00,3e96c5dd23f24ad111bd0a7aff333490624f47b2e4ccebd5f8564fdbe8ea4724,FDTD,Ansys Lumerical 2024 R1 FDTD Solver Version 8.31.3633 (Windows 64bit),136x94x27;1x87x13,,,hash_registered_not_packaged_commercial_binary_or_sensitive_log
<FROZEN_TCAD_ROOT>/ParaSimulationFile/vertical_photodetector_p215584_20260616_162719_282.ldev,ldev,20260616,earlier_development_context,52576767,2026-06-16T10:41:22.351046+00:00,21bfda926a7a2d3f3862c2200cb24187ede85c3cb13c753118b9a894545eb688,DEVICE,embedded native project; inspect with licensed Lumerical software,,,,hash_registered_not_packaged_commercial_binary_or_sensitive_log
<FROZEN_TCAD_ROOT>/ParaSimulationFile/vertical_photodetector_p215584_20260616_162719_282_p0.log,log,20260616,earlier_development_context,1232,2026-06-16T10:41:22.380404+00:00,a4c1ccf0715baceb5703b13d9bdbc5082481a2b2d96b9a482caba49187fb6fec,DEVICE,Ansys Lumerical 2024 R1 Charge Transport Solver Version 7.13.3633 (Windows 64bit),,974,1824,hash_registered_not_packaged_commercial_binary_or_sensitive_log
<FROZEN_TCAD_ROOT>/ParaSimulationFile/vertical_photodetector_p217396_20260604_154358_492.fsp,fsp,20260604,earlier_development_context,30110328,2026-06-04T07:50:41.186795+00:00,f1d53c8971b5c5148f99868048a8a80154a931003b3a0683995046b983e79260,FDTD,embedded native project; inspect with licensed Lumerical software,,,,hash_registered_not_packaged_commercial_binary_or_sensitive_log
<FROZEN_TCAD_ROOT>/ParaSimulationFile/vertical_photodetector_p217396_20260604_154358_492_p0.log,log,20260604,earlier_development_context,11219,2026-06-04T07:50:41.189293+00:00,876c997447390909a65f61be0993c485cc269ce6ff6adfe9cf4e7b509ed5318c,FDTD,Ansys Lumerical 2024 R1 FDTD Solver Version 8.31.3633 (Windows 64bit),130x94x27;1x87x13,,,hash_registered_not_packaged_commercial_binary_or_sensitive_log
<FROZEN_TCAD_ROOT>/ParaSimulationFile/vertical_photodetector_p217396_20260604_154402_925.ldev,ldev,20260604,earlier_development_context,52494414,2026-06-04T07:51:06.721529+00:00,8b5e4bdf7fca4097df06163c4a8bb93fd1053d2d37b92a03b3370bed22b6acc2,DEVICE,embedded native project; inspect with licensed Lumerical software,,,,hash_registered_not_packaged_commercial_binary_or_sensitive_log
<FROZEN_TCAD_ROOT>/ParaSimulationFile/vertical_photodetector_p217396_20260604_154402_925_p0.log,log,20260604,earlier_development_context,1230,2026-06-04T07:51:06.732028+00:00,c95e3d7de7f5ea771303b11f0bf3d4e11085e4c68f5ee2880d4d6d29a5b5593e,DEVICE,Ansys Lumerical 2024 R1 Charge Transport Solver Version 7.13.3633 (Windows 64bit),,972,1821,hash_registered_not_packaged_commercial_binary_or_sensitive_log
<FROZEN_TCAD_ROOT>/ParaSimulationFile/vertical_photodetector_p221860_20260603_212509_567.fsp,fsp,20260603,earlier_development_context,32813208,2026-06-03T13:32:09.154145+00:00,52f36925fbf6aa9ea0d072893193e77094bcbdba121616a0a0c242409ce80486,FDTD,embedded native project; inspect with licensed Lumerical software,,,,hash_registered_not_packaged_commercial_binary_or_sensitive_log
<FROZEN_TCAD_ROOT>/ParaSimulationFile/vertical_photodetector_p221860_20260603_212509_567_p0.log,log,20260603,earlier_development_context,11456,2026-06-03T13:32:09.158647+00:00,bc1d326d714c0bf948566a75a4fa0ad754415801bb0a1b0179e9504a90626f3d,FDTD,Ansys Lumerical 2024 R1 FDTD Solver Version 8.31.3633 (Windows 64bit),139x94x27;1x87x13,,,hash_registered_not_packaged_commercial_binary_or_sensitive_log
<FROZEN_TCAD_ROOT>/ParaSimulationFile/vertical_photodetector_p221860_20260603_212513_977.ldev,ldev,20260603,earlier_development_context,53118308,2026-06-03T13:32:35.572113+00:00,73b96693e760db8369f46f1e51efc029ee1fdb231b602c2d8b6b1682b67034f9,DEVICE,embedded native project; inspect with licensed Lumerical software,,,,hash_registered_not_packaged_commercial_binary_or_sensitive_log
<FROZEN_TCAD_ROOT>/ParaSimulationFile/vertical_photodetector_p221860_20260603_212513_977_p0.log,log,20260603,earlier_development_context,1229,2026-06-03T13:32:35.582113+00:00,555a85b4ae7d0fcdd1590f567de705af67f73be3559786e7be8f21ce70dfa692,DEVICE,Ansys Lumerical 2024 R1 Charge Transport Solver Version 7.13.3633 (Windows 64bit),,987,1849,hash_registered_not_packaged_commercial_binary_or_sensitive_log
<FROZEN_TCAD_ROOT>/ParaSimulationFile/vertical_photodetector_p227440_20260603_214829_025.fsp,fsp,20260603,earlier_development_context,35966872,2026-06-03T13:51:54.099889+00:00,bb7976583b0be46c69852cd82601a976b211ab2aa888eca19e517a61807e5187,FDTD,embedded native project; inspect with licensed Lumerical software,,,,hash_registered_not_packaged_commercial_binary_or_sensitive_log
<FROZEN_TCAD_ROOT>/ParaSimulationFile/vertical_photodetector_p227440_20260603_214829_025_p0.log,log,20260603,earlier_development_context,13272,2026-06-03T13:51:54.102889+00:00,4d7c5f7613e506319b558edbb40f8738329328e76bc6f0aa93fc11fff5412d5d,FDTD,Ansys Lumerical 2024 R1 FDTD Solver Version 8.31.3633 (Windows 64bit),148x94x27;1x87x13,,,hash_registered_not_packaged_commercial_binary_or_sensitive_log
<FROZEN_TCAD_ROOT>/ParaSimulationFile/vertical_photodetector_p227440_20260603_214833_456.ldev,ldev,20260603,earlier_development_context,52617195,2026-06-03T13:52:19.292072+00:00,2ea95f3687300f30dfdb64c26e5d81b784f7aa9c8d1365caab2d38b687d2ce06,DEVICE,embedded native project; inspect with licensed Lumerical software,,,,hash_registered_not_packaged_commercial_binary_or_sensitive_log
<FROZEN_TCAD_ROOT>/ParaSimulationFile/vertical_photodetector_p227440_20260603_214833_456_p0.log,log,20260603,earlier_development_context,1229,2026-06-03T13:52:19.302576+00:00,7385d1a48c58414504300db0b2aec2ac77f64a3361520ed2a6a0e8e78ee0db7d,DEVICE,Ansys Lumerical 2024 R1 Charge Transport Solver Version 7.13.3633 (Windows 64bit),,975,1825,hash_registered_not_packaged_commercial_binary_or_sensitive_log
<FROZEN_TCAD_ROOT>/ParaSimulationFile/vertical_photodetector_p318892_20260604_161550_050.fsp,fsp,20260604,earlier_development_context,33919272,2026-06-04T08:23:23.121225+00:00,b33c71fc69055f53bbf14678520f146ad5112a8f4d2e20e622875c1914b163de,FDTD,embedded native project; inspect with licensed Lumerical software,,,,hash_registered_not_packaged_commercial_binary_or_sensitive_log
<FROZEN_TCAD_ROOT>/ParaSimulationFile/vertical_photodetector_p318892_20260604_161550_050_p0.log,log,20260604,earlier_development_context,13277,2026-06-04T08:23:23.124727+00:00,6c2af0f2aaa60e6261a459d5c9e763468b3bcae03e1def2b1610c1f2827a088a,FDTD,Ansys Lumerical 2024 R1 FDTD Solver Version 8.31.3633 (Windows 64bit),142x94x27;1x87x13,,,hash_registered_not_packaged_commercial_binary_or_sensitive_log
<FROZEN_TCAD_ROOT>/ParaSimulationFile/vertical_photodetector_p318892_20260604_161554_434.ldev,ldev,20260604,earlier_development_context,52493478,2026-06-04T08:23:49.163725+00:00,a3bcbe40ed722a9f99ad8e8203f3bc82e929de9952a27c4e2538f4e2bc285d7b,DEVICE,embedded native project; inspect with licensed Lumerical software,,,,hash_registered_not_packaged_commercial_binary_or_sensitive_log
<FROZEN_TCAD_ROOT>/ParaSimulationFile/vertical_photodetector_p318892_20260604_161554_434_p0.log,log,20260604,earlier_development_context,1230,2026-06-04T08:23:49.180737+00:00,2f4c2c399838bd25fc6b222afb46432bb5108b5620a43786d4a956e20c662af2,DEVICE,Ansys Lumerical 2024 R1 Charge Transport Solver Version 7.13.3633 (Windows 64bit),,972,1821,hash_registered_not_packaged_commercial_binary_or_sensitive_log
<FROZEN_TCAD_ROOT>/ParaSimulationFile/vertical_photodetector_p322996_20260604_151723_540.fsp,fsp,20260604,earlier_development_context,31748384,2026-06-04T07:20:29.953104+00:00,f2c1b080a25a33b908e647d313cec50579bd6de564641fe5861911d10ce1751f,FDTD,embedded native project; inspect with licensed Lumerical software,,,,hash_registered_not_packaged_commercial_binary_or_sensitive_log
<FROZEN_TCAD_ROOT>/ParaSimulationFile/vertical_photodetector_p322996_20260604_151723_540_p0.log,log,20260604,earlier_development_context,11092,2026-06-04T07:20:29.955605+00:00,f83ee2a27bd9919a04a9c8f2ab008f99bb40d6b532f8d002e3cb3855883ec7aa,FDTD,Ansys Lumerical 2024 R1 FDTD Solver Version 8.31.3633 (Windows 64bit),135x94x27;1x87x13,,,hash_registered_not_packaged_commercial_binary_or_sensitive_log
<FROZEN_TCAD_ROOT>/ParaSimulationFile/vertical_photodetector_p322996_20260604_151728_200.ldev,ldev,20260604,earlier_development_context,52702076,2026-06-04T07:20:55.959146+00:00,d07dfe38185bb4a5d2f5e99e795670f5f217526cec749a6545089cf97b26eb7f,DEVICE,embedded native project; inspect with licensed Lumerical software,,,,hash_registered_not_packaged_commercial_binary_or_sensitive_log
<FROZEN_TCAD_ROOT>/ParaSimulationFile/vertical_photodetector_p322996_20260604_151728_200_p0.log,log,20260604,earlier_development_context,1230,2026-06-04T07:20:55.971154+00:00,aa864aed83bcb9eab68a29b51e8bfeac44979e0636694b0467eb7fdcbccb1db3,DEVICE,Ansys Lumerical 2024 R1 Charge Transport Solver Version 7.13.3633 (Windows 64bit),,977,1831,hash_registered_not_packaged_commercial_binary_or_sensitive_log
<FROZEN_TCAD_ROOT>/ParaSimulationFile/vertical_photodetector_p323508_20260604_163329_193.fsp,fsp,20260604,earlier_development_context,33919272,2026-06-04T08:40:26.780999+00:00,76f3c6fdbc98da9983c7b8a07697d656d72870578c3479d30a06a1ddadca5f23,FDTD,embedded native project; inspect with licensed Lumerical software,,,,hash_registered_not_packaged_commercial_binary_or_sensitive_log
<FROZEN_TCAD_ROOT>/ParaSimulationFile/vertical_photodetector_p323508_20260604_163329_193_p0.log,log,20260604,earlier_development_context,13255,2026-06-04T08:40:26.783496+00:00,8573f6de548b44834cb9549393b492bfe244e3708f7d660e9785a36dbfee2473,FDTD,Ansys Lumerical 2024 R1 FDTD Solver Version 8.31.3633 (Windows 64bit),142x94x27;1x87x13,,,hash_registered_not_packaged_commercial_binary_or_sensitive_log
<FROZEN_TCAD_ROOT>/ParaSimulationFile/vertical_photodetector_p323508_20260604_163333_591.ldev,ldev,20260604,earlier_development_context,52409247,2026-06-04T08:40:51.572378+00:00,cccc83009547dd36cbdc7b775e2ce44850ff46ff3e43ea875e0cf71a28544690,DEVICE,embedded native project; inspect with licensed Lumerical software,,,,hash_registered_not_packaged_commercial_binary_or_sensitive_log
<FROZEN_TCAD_ROOT>/ParaSimulationFile/vertical_photodetector_p323508_20260604_163333_591_p0.log,log,20260604,earlier_development_context,1229,2026-06-04T08:40:51.583875+00:00,9b162a974aaa811f65f6c1fce926ab98a85b5143064602673fd936089fb70fc1,DEVICE,Ansys Lumerical 2024 R1 Charge Transport Solver Version 7.13.3633 (Windows 64bit),,970,1816,hash_registered_not_packaged_commercial_binary_or_sensitive_log
<FROZEN_TCAD_ROOT>/ParaSimulationFile/vertical_photodetector_p324028_20260604_173147_171.fsp,fsp,20260604,earlier_development_context,33755464,2026-06-04T09:38:39.738012+00:00,67baec5749148de18a63fe66f9cc49a7cf3350fac103df2d1d64b444a80e6cef,FDTD,embedded native project; inspect with licensed Lumerical software,,,,hash_registered_not_packaged_commercial_binary_or_sensitive_log
<FROZEN_TCAD_ROOT>/ParaSimulationFile/vertical_photodetector_p324028_20260604_173147_171_p0.log,log,20260604,earlier_development_context,13271,2026-06-04T09:38:39.741011+00:00,89863c8f2fad8daa684f31588f7350eede5edd033accaaa42fee802784f4a630,FDTD,Ansys Lumerical 2024 R1 FDTD Solver Version 8.31.3633 (Windows 64bit),141x94x27;1x87x13,,,hash_registered_not_packaged_commercial_binary_or_sensitive_log
<FROZEN_TCAD_ROOT>/ParaSimulationFile/vertical_photodetector_p324028_20260604_173151_781.ldev,ldev,20260604,earlier_development_context,52744108,2026-06-04T09:39:05.832297+00:00,30373ef1ef0ade10f5b346084c3d4393d6fe1bb16c5a329435ba67731f419fe2,DEVICE,embedded native project; inspect with licensed Lumerical software,,,,hash_registered_not_packaged_commercial_binary_or_sensitive_log
<FROZEN_TCAD_ROOT>/ParaSimulationFile/vertical_photodetector_p324028_20260604_173151_781_p0.log,log,20260604,earlier_development_context,1230,2026-06-04T09:39:05.845296+00:00,7c907a6ec1011ecda9ac0acd7ad9471b6ae092d67142a7cd29cfc7e23fdc2795,DEVICE,Ansys Lumerical 2024 R1 Charge Transport Solver Version 7.13.3633 (Windows 64bit),,978,1833,hash_registered_not_packaged_commercial_binary_or_sensitive_log
<FROZEN_TCAD_ROOT>/ParaSimulationFile/vertical_photodetector_p341808_20260617_024406_243.fsp,fsp,20260617,primary_campaign_date_match,30725232,2026-06-17T04:36:44.585682+00:00,b33f518689bec7c5874b70644415cea237b7cf8a3c94f6ddc59dfcff0d4bb066,FDTD,embedded native project; inspect with licensed Lumerical software,,,,hash_registered_not_packaged_commercial_binary_or_sensitive_log
<FROZEN_TCAD_ROOT>/ParaSimulationFile/vertical_photodetector_p341808_20260617_024406_243_p0.log,log,20260617,primary_campaign_date_match,14569,2026-06-17T04:36:44.588682+00:00,e39a764ba56f27255bb969af740fb77f945c51e20280973e1ef9a998abc719d1,FDTD,Ansys Lumerical 2024 R1 FDTD Solver Version 8.31.3633 (Windows 64bit),132x94x27;1x87x13,,,hash_registered_not_packaged_commercial_binary_or_sensitive_log
<FROZEN_TCAD_ROOT>/ParaSimulationFile/vertical_photodetector_p341808_20260617_024411_920.ldev,ldev,20260617,primary_campaign_date_match,53033057,2026-06-17T04:37:21.032417+00:00,a83b5b7a2ebeff944def91f8fda7ae2d88bde24bc0651ab3779b347dddb69715,DEVICE,embedded native project; inspect with licensed Lumerical software,,,,hash_registered_not_packaged_commercial_binary_or_sensitive_log
<FROZEN_TCAD_ROOT>/ParaSimulationFile/vertical_photodetector_p341808_20260617_024411_920_p0.log,log,20260617,primary_campaign_date_match,1232,2026-06-17T04:37:21.051913+00:00,f9e20e34160107692266896331346e59ecaa68ad31ce532ffad6a2c974166c54,DEVICE,Ansys Lumerical 2024 R1 Charge Transport Solver Version 7.13.3633 (Windows 64bit),,985,1844,hash_registered_not_packaged_commercial_binary_or_sensitive_log
<FROZEN_TCAD_ROOT>/ParaSimulationFile/vertical_photodetector_p350324_20260617_024417_752.fsp,fsp,20260617,primary_campaign_date_match,34410912,2026-06-17T04:36:50.959606+00:00,7f88deebaa74043da7585f4bf272b4bf23d989236393d3d316f1f5c7c6ca2305,FDTD,embedded native project; inspect with licensed Lumerical software,,,,hash_registered_not_packaged_commercial_binary_or_sensitive_log
<FROZEN_TCAD_ROOT>/ParaSimulationFile/vertical_photodetector_p350324_20260617_024417_752_p0.log,log,20260617,primary_campaign_date_match,14577,2026-06-17T04:36:50.963607+00:00,9e226f7667c4255777b6302119a3d94e6e58d2428e7c49086eb701fe5bb8d8ba,FDTD,Ansys Lumerical 2024 R1 FDTD Solver Version 8.31.3633 (Windows 64bit),143x94x27;1x87x13,,,hash_registered_not_packaged_commercial_binary_or_sensitive_log
<FROZEN_TCAD_ROOT>/ParaSimulationFile/vertical_photodetector_p350324_20260617_024424_857.ldev,ldev,20260617,primary_campaign_date_match,53282731,2026-06-17T04:37:25.623764+00:00,5e2bd1377ecd714c89712cc1d3d156adb507a7edfaa97d279963d68f0658641f,DEVICE,embedded native project; inspect with licensed Lumerical software,,,,hash_registered_not_packaged_commercial_binary_or_sensitive_log
<FROZEN_TCAD_ROOT>/ParaSimulationFile/vertical_photodetector_p350324_20260617_024424_857_p0.log,log,20260617,primary_campaign_date_match,1232,2026-06-17T04:37:25.636263+00:00,1b0a5d24e6301f909aa3550c8ad3bb0559a9aaf009802566ae7e92072d7a9679,DEVICE,Ansys Lumerical 2024 R1 Charge Transport Solver Version 7.13.3633 (Windows 64bit),,991,1856,hash_registered_not_packaged_commercial_binary_or_sensitive_log
<FROZEN_TCAD_ROOT>/ParaSimulationFile/vertical_photodetector_p351536_20260617_024432_965.fsp,fsp,20260617,primary_campaign_date_match,34083296,2026-06-17T04:36:46.518756+00:00,b36407c7775858fdff8a1399e4157087c9984dbc39ff0e490f383886810f8f31,FDTD,embedded native project; inspect with licensed Lumerical software,,,,hash_registered_not_packaged_commercial_binary_or_sensitive_log
<FROZEN_TCAD_ROOT>/ParaSimulationFile/vertical_photodetector_p351536_20260617_024432_965_p0.log,log,20260617,primary_campaign_date_match,14572,2026-06-17T04:36:46.521256+00:00,d46a9b62dd8c1df8aa2038056f728ff4e7a2df5e930ba99fdfd6ceb823470251,FDTD,Ansys Lumerical 2024 R1 FDTD Solver Version 8.31.3633 (Windows 64bit),142x94x27;1x87x13,,,hash_registered_not_packaged_commercial_binary_or_sensitive_log
<FROZEN_TCAD_ROOT>/ParaSimulationFile/vertical_photodetector_p351536_20260617_024441_217.ldev,ldev,20260617,primary_campaign_date_match,52368576,2026-06-17T04:37:21.846976+00:00,61de90d06e491b5e8e30528dddb51f9aa71dab72d857b998588a2b4c3cf6ead0,DEVICE,embedded native project; inspect with licensed Lumerical software,,,,hash_registered_not_packaged_commercial_binary_or_sensitive_log
<FROZEN_TCAD_ROOT>/ParaSimulationFile/vertical_photodetector_p351536_20260617_024441_217_p0.log,log,20260617,primary_campaign_date_match,1232,2026-06-17T04:37:21.860476+00:00,864095aeb3a4545a0a93f93f26ace20a147335bd7c0e92f12b2488a6127e604e,DEVICE,Ansys Lumerical 2024 R1 Charge Transport Solver Version 7.13.3633 (Windows 64bit),,969,1814,hash_registered_not_packaged_commercial_binary_or_sensitive_log
<FROZEN_TCAD_ROOT>/ParaSimulationFile/vertical_photodetector_p353272_20260617_024448_844.fsp,fsp,20260617,primary_campaign_date_match,33509992,2026-06-17T04:36:19.815507+00:00,a3ae80d68dedd1c2689b36d676a77766d18bc347617d9476d5b89701b1e16ca6,FDTD,embedded native project; inspect with licensed Lumerical software,,,,hash_registered_not_packaged_commercial_binary_or_sensitive_log
<FROZEN_TCAD_ROOT>/ParaSimulationFile/vertical_photodetector_p353272_20260617_024448_844_p0.log,log,20260617,primary_campaign_date_match,14690,2026-06-17T04:36:19.819506+00:00,76ba5b439aea3362058cd2a14ea63bf4afad7450016844122f56448fc46f8aa0,FDTD,Ansys Lumerical 2024 R1 FDTD Solver Version 8.31.3633 (Windows 64bit),141x94x27;1x87x13,,,hash_registered_not_packaged_commercial_binary_or_sensitive_log
<FROZEN_TCAD_ROOT>/ParaSimulationFile/vertical_photodetector_p353272_20260617_024457_203.ldev,ldev,20260617,primary_campaign_date_match,52782320,2026-06-17T04:37:03.064505+00:00,a61b19dd30dc041fe0559ac107dd53b5fd27f843c82d5d8a39669337a9c79776,DEVICE,embedded native project; inspect with licensed Lumerical software,,,,hash_registered_not_packaged_commercial_binary_or_sensitive_log
<FROZEN_TCAD_ROOT>/ParaSimulationFile/vertical_photodetector_p353272_20260617_024457_203_p0.log,log,20260617,primary_campaign_date_match,1232,2026-06-17T04:37:03.083504+00:00,5d958565305df1c8d204b63a53b4d309d1ee8571fae4d0ed5ad1e9d522e78516,DEVICE,Ansys Lumerical 2024 R1 Charge Transport Solver Version 7.13.3633 (Windows 64bit),,979,1832,hash_registered_not_packaged_commercial_binary_or_sensitive_log
<FROZEN_TCAD_ROOT>/ParaSimulationFile/vertical_photodetector_p6124_20260616_162742_127.fsp,fsp,20260616,earlier_development_context,32691024,2026-06-16T10:39:31.226054+00:00,ff5b26380e93fbf759a97fc5caf0ea8cdc790ba5cc57145650409b531b1a5baf,FDTD,embedded native project; inspect with licensed Lumerical software,,,,hash_registered_not_packaged_commercial_binary_or_sensitive_log
<FROZEN_TCAD_ROOT>/ParaSimulationFile/vertical_photodetector_p6124_20260616_162742_127_p0.log,log,20260616,earlier_development_context,15114,2026-06-16T10:39:31.231071+00:00,0bbd40b94169d8113c9bed9a02706fc93ced0804872061fb5a72aedaff82f627,FDTD,Ansys Lumerical 2024 R1 FDTD Solver Version 8.31.3633 (Windows 64bit),138x94x27;1x87x13,,,hash_registered_not_packaged_commercial_binary_or_sensitive_log
<FROZEN_TCAD_ROOT>/ParaSimulationFile/vertical_photodetector_p6124_20260616_162751_224.ldev,ldev,20260616,earlier_development_context,52574916,2026-06-16T10:40:17.103642+00:00,540924b048df7d6726ecf08a2356b9d2560c9bb762df93f2ccd30071ca49c0fb,DEVICE,embedded native project; inspect with licensed Lumerical software,,,,hash_registered_not_packaged_commercial_binary_or_sensitive_log
<FROZEN_TCAD_ROOT>/ParaSimulationFile/vertical_photodetector_p6124_20260616_162751_224_p0.log,log,20260616,earlier_development_context,1228,2026-06-16T10:40:17.149061+00:00,275496893e94d415628154b96e3a9003e23b8a2ca9d072c5cc45108b1c8494b6,DEVICE,Ansys Lumerical 2024 R1 Charge Transport Solver Version 7.13.3633 (Windows 64bit),,974,1822,hash_registered_not_packaged_commercial_binary_or_sensitive_log
